id,PID,SMILES,Tg,FFV,Tc,Density,Rg,CH4,CO2,H2,N2,O2
0,P010001,*C*,-54.0,,,,,,,,,
1,P010002,*CC(*)C,-3.0,,0.2445,,,,,,,
2,P010003,*CC(*)CC,-24.1,,0.2253333333333333,,,,,,,
3,P010004,*CC(*)CCC,-37.0,,0.24633333333333332,,,,,,,
4,P010006,*CC(*)C(C)C,60.0,,0.1868,,,,,,,
5,P010007,*CC(*)CCCC,-50.0,,0.23066666666666666,,,,,,,
6,P010008,*CC(*)CC(C)C,35.2,,0.20833333333333334,,,,,,,
7,P010009,*CC(*)CCCCC,-45.5,,0.25839999999999996,,,,,,,
8,P010012,*CC(*)CCCCCCC,-47.0,,0.26699999999999996,,,,,,,
9,P010013,*CC(*)CCCCCCCC,-35.0,,0.28600000000000003,,,,,,,
10,P010014,*CC(*)(C)C,-72.0,,0.2125,,,,,,,
11,P010015,*CC(*)(C)CC,-5.0,,0.17,,,,,,,
12,P010016,*CCC(*)(C)C,-12.0,,0.19566666666666666,,,,,,,
13,P010017,*CC(C)C(*)(C)C,37.0,,0.20266666666666666,,,,,,,
14,P010018,*CCCC(*)(C)C,-20.0,,0.236,,,,,,,
15,P010019,*CCCC(*)(C)CC,-23.0,,0.23399999999999999,,,,,,,
16,P010020,*CCCCCCCC(*)C,-58.0,,0.371,,,,,,,
17,P010023,*CC(*)C1CCCC1,75.0,,0.20166666666666666,,,,,,,
18,P010024,*CC(*)CC1CCCC1,60.0,,0.2283333333333333,,,,,,,
19,P010025,*CC(*)C1CCCCC1,119.7,,0.19066666666666668,,,,,,,
20,P010026,*CC(*)CC1CCCCC1,75.0,,0.22560000000000002,,,,,,,
21,P010027,*CC(*)Cc1ccccc1,70.0,,0.19633333333333333,,,,,,,
22,P010028,*CC(*)CCc1ccccc1,10.0,,0.18033333333333332,,,,,,,
23,P010040,*CC(*)CCCCCC,-54.0,,0.238,,,,,,,
24,P010042,*CC(*)CCCCCCCCCC,-6.0,,0.33575,,,,,,,
25,P010043,*CC(*)CCCCCCCCCCCC,10.0,,0.339,,,,,,,
26,P010044,*CC(*)CCCCCCCCCCCCCCCC,55.0,,0.375,,,,,,,
27,P010055,*CC(*)CC(C)(C)C,190.0,,0.1735,,,,,,,
28,P010060,*CC(*)CCC1CCCCC1,40.0,,0.21766666666666667,,,,,,,
29,P010065,*CC(*)(C)CCC,27.0,,0.17400000000000002,,,,,,,
30,P010068,*/C=C/CCC*,-99.6,,0.2535,,,,,,,
31,P010070,*/C=C/CC*,-69.0,,0.244,,,,,,,
32,P010071,*/C=C/CC*,-103.0,,0.24866666666666667,,,,,,,
33,P010072,*/C=C/CC*,-91.0,,0.272,,,,,,,
34,P010075,*CCC(C)C(*)C,-26.0,,0.23299999999999998,,,,,,,
35,P010080,*CC(*)CCCCCCCCCCCCCC,-24.0,,0.34099999999999997,,,,,,,
36,P010081,*/C=C/CCCCCC*,-78.0,,0.33,,,,,,,
37,P010082,*/C=C/CCC*,-92.5,,,,,,,,,
38,P010091,*CC(*)C1CCCC(C)C1,141.0,,0.18066666666666667,,,,,,,
39,P010092,*CC(*)C1CCC(C)CC1,132.0,,0.19966666666666666,,,,,,,
40,P010096,*CC/C=C(/*)CCCCCCC,-83.0,,0.269,,,,,,,
41,P010097,*CC/C=C(/*)C(C)C,-47.0,,0.21,,,,,,,
42,P010098,*/C=C/CCC*,-105.0,,0.2796,,,,,,,
43,P010103,*/C=C/C1CCC(*)C1,31.0,,0.26033333333333336,,,,,,,
44,P010106,*/C=C/CCCCCCCCCC*,-53.0,,0.4142,,,,,,,
45,P014362,*/C=C/*,-4.0,,0.526,,,,,,,
46,P014500,*CC1(*)CCCCC1,100.0,,0.14433333333333334,,,,,,,
47,P014525,*CC/C=C(/*)C(C)(C)C,25.0,,0.20825,,,,,,,
48,P020001,*CC(*)c1ccccc1,98.0,,0.20459999999999998,,,,,,,
49,P020002,*CC(*)c1ccccc1C,131.0,,0.19033333333333333,,,,,,,
50,P020005,*CC(*)c1ccccc1COC,89.0,,0.20666666666666667,,,,,,,
51,P020006,*CC(*)c1ccccc1COCC,74.0,,0.18466666666666667,,,,,,,
52,P020007,*CC(*)c1ccccc1COCCC,97.0,,0.217,,,,,,,
53,P020008,*CC(*)c1ccccc1COC(C)C,88.0,,0.171,,,,,,,
54,P020009,*CC(*)c1ccccc1COCCCC,67.0,,0.20966666666666667,,,,,,,
55,P020010,*CC(*)c1ccccc1COCCCCC,47.0,,0.186,,,,,,,
56,P020011,*CC(*)c1ccccc1COCCC(C)C,78.0,,0.19433333333333333,,,,,,,
57,P020012,*CC(*)c1ccccc1COCc1ccccc1,72.0,,0.19133333333333336,,,,,,,
58,P020013,*CC(*)c1ccccc1COCCc1ccccc1,63.0,,0.18833333333333332,,,,,,,
59,P020014,*CC(*)c1ccccc1C(=O)NC,189.0,,0.18366666666666664,,,,,,,
60,P020015,*CC(*)c1ccccc1C(=O)N(C)C,190.0,,0.165,,,,,,,
61,P020016,*CC(*)c1ccccc1C(=O)Nc1ccccc1,191.0,,0.16366666666666665,,,,,,,
62,P020017,*CC(*)c1ccccc1C(=O)O,177.0,,,,,,,,,
63,P020018,*CC(*)c1ccccc1C(=O)OC,130.0,,0.17366666666666664,,,,,,,
64,P020019,*CC(*)c1ccccc1C(=O)OCC,118.0,,0.18166666666666664,,,,,,,
65,P020020,*CC(*)c1ccccc1C(=O)OCCC,108.0,,0.19299999999999998,,,,,,,
66,P020021,*CC(*)c1ccccc1C(=O)OC(C)C,146.0,,0.17366666666666664,,,,,,,
67,P020022,*CC(*)c1ccccc1C(=O)OCCCC,66.0,,0.19533333333333336,,,,,,,
68,P020023,*CC(*)c1ccccc1C(=O)OCC(C)C,127.0,,0.16966666666666666,,,,,,,
69,P020024,*CC(*)c1ccccc1C(=O)OCCCCC,92.0,,0.19233333333333333,,,,,,,
70,P020025,*CC(*)c1ccccc1C(=O)OCCC(C)C,68.0,,0.19299999999999998,,,,,,,
71,P020026,*CC(*)c1ccccc1C(=O)OCCCCCC,45.0,,0.20566666666666666,,,,,,,
72,P020027,*CC(*)c1ccccc1C(=O)Oc1ccccc1,124.0,,0.16933333333333334,,,,,,,
73,P020028,*CC(*)c1ccccc1C(=O)OCCN(C)C,69.0,,0.18533333333333335,,,,,,,
74,P020029,*CC(*)c1ccc(C(=O)OCCN(C)C)cc1,91.0,,0.23149999999999998,,,,,,,
75,P020032,*CC(*)c1ccccc1Cl,119.0,,0.1436666666666667,,,,,,,
76,P020033,*CC(*)c1ccccc1F,160.5,,0.17466666666666666,,,,,,,
77,P020035,*CC(*)c1cccc(C)c1,75.0,,0.19733333333333336,,,,,,,
78,P020039,*CC(*)c1cccc(Cl)c1,90.0,,0.14175000000000001,,,,,,,
79,P020040,*CC(*)c1cccc(F)c1,86.0,,0.16233333333333333,,,,,,,
80,P020041,*CC(*)c1ccc(C)cc1,103.0,,0.18733333333333335,,,,,,,
81,P020042,*CC(*)c1ccc(CC)cc1,71.4,,0.20133333333333334,,,,,,,
82,P020043,*CC(*)c1ccc(C(C)C)cc1,62.4,,,,,,,,,
83,P020045,*CC(*)c1ccc(CCCC)cc1,6.0,,0.20966666666666667,,,,,,,
84,P020046,*CC(*)c1ccc(C(C)(C)C)cc1,138.0,,0.18400000000000002,,,,,,,
85,P020049,*CC(*)c1ccc(CCCCCC)cc1,-27.0,,0.241,,,,,,,
86,P020050,*CC(*)c1ccc(CCCCCCCC)cc1,-45.0,,0.26749999999999996,,,,,,,
87,P020051,*CC(*)c1ccc(CCCCCCCCC)cc1,-53.0,,0.277,,,,,,,
88,P020052,*CC(*)c1ccc(CCCCCCCCCC)cc1,-65.0,,0.2825,,,,,,,
89,P020053,*CC(*)c1ccc(CCCCCCCCCCCC)cc1,-52.0,,0.3035,,,,,,,
90,P020054,*CC(*)c1ccc(CCCCCCCCCCCCCC)cc1,-36.0,,0.33999999999999997,,,,,,,
91,P020055,*CC(*)c1ccc(CCCCCCCCCCCCCCCC)cc1,4.5,,0.34099999999999997,,,,,,,
92,P020056,*CC(*)c1ccc(CCCCCCCCCCCCCCCCCC)cc1,32.0,,0.3751666666666667,,,,,,,
93,P020058,*CC(*)c1ccc(-c2ccccc2)cc1,161.5,,,,,,,,,
94,P020059,*CC(*)c1ccc(COCCOCC)cc1,0.0,,,,,,,,,
95,P020060,*CC(*)c1ccc(C#N)cc1,180.0,,,,,,,,,
96,P020061,*CC(*)c1ccc(Cl)cc1,124.0,,,,,,,,,
97,P020062,*CC(*)c1ccc(Br)cc1,132.0,,,,,,,,,
98,P020063,*CC(*)c1ccc(C(F)(F)C(F)(F)C(F)(F)C(F)(F)C(F)(F)C(F)(F)C(F)(F)F)cc1,42.0,,,,,,,,,
99,P020064,*CC(*)c1ccc(/C(C)=N/O)cc1,134.0,,,,,,,,,
100,P020065,*CC(*)c1ccc(C(C)(C)O)cc1,170.0,,0.23166666666666666,,,,,,,
101,P020066,*CC(*)c1ccc(C(C)(O)CC)cc1,190.0,,0.22666666666666666,,,,,,,
102,P020067,*CC(*)c1ccc(C(C)(O)CCC)cc1,135.0,,,,,,,,,
103,P020068,*CC(*)c1ccc(C(C)(O)CCCC)cc1,90.0,,,,,,,,,
104,P020069,*CC(*)c1ccc(C(C)(O)CCCCC)cc1,100.0,,,,,,,,,
105,P020070,*CC(*)c1ccc(C(O)CCN(C)C)cc1,43.0,,,,,,,,,
106,P020071,*CC(*)c1ccc(C(O)CCN2CCCCC2)cc1,54.0,,,,,,,,,
107,P020072,*CC(*)c1ccc(C(O)CCN2CCOCC2)cc1,50.0,,,,,,,,,
108,P020074,*CC(*)c1ccc(COC)cc1,77.0,,,,,,,,,
109,P020075,*CC(*)c1ccc(COCCO)cc1,46.0,,,,,,,,,
110,P020076,*CC(*)c1ccc(COCCC)cc1,22.0,,,,,,,,,
111,P020077,*CC(*)c1ccc(COCCCC)cc1,10.0,,,,,,,,,
112,P020078,*CC(*)c1ccc(COCCCCO)cc1,20.0,,,,,,,,,
113,P020079,*CC(*)c1ccc(COC(C)CC)cc1,40.0,,,,,,,,,
114,P020080,*CC(*)c1ccc(COCCCCCC)cc1,-20.0,,0.252,,,,,,,
115,P020083,*CC(*)c1ccc(COCCOCCCC)cc1,-38.0,,0.262,,,,,,,
116,P020084,*CC(*)c1ccc(C(=O)N(C)C)cc1,125.0,,0.246,,,,,,,
117,P020085,*CC(*)c1ccc(C(=O)N(CC)CC)cc1,102.0,,0.213,,,,,,,
118,P020086,*CC(*)c1ccc(C(=O)N2CCCCC2)cc1,114.0,,,,,,,,,
119,P020087,*CC(*)c1ccc(C(=O)CCN2CCCCC2)cc1,38.0,,0.225,,,,,,,
120,P020088,*CC(*)c1ccc(C(=O)N2CCOCC2)cc1,127.0,,0.24,,,,,,,
121,P020090,*CC(*)c1ccc(C(=O)OC)cc1,122.0,,0.20333333333333337,,,,,,,
122,P020091,*CC(*)c1ccc(C(=O)OCC)cc1,94.0,,,,,,,,,
123,P020092,*CC(*)c1ccc(C(=O)OCCC)cc1,92.0,,,,,,,,,
124,P020093,*CC(*)c1ccc(C(=O)OC(C)C)cc1,95.0,,,,,,,,,
125,P020094,*CC(*)c1ccc(C(=O)OCCCC)cc1,76.0,,,,,,,,,
126,P020095,*CC(*)c1ccc(C(=O)OCC(C)C)cc1,90.0,,,,,,,,,
127,P020096,*CC(*)c1ccc(C(=O)OCCCCCC)cc1,66.0,,,,,,,,,
128,P020098,*CC(*)c1ccc(C(=O)CC)cc1,102.0,,,,,,,,,
129,P020099,*CC(*)c1ccc(C(=O)CCC)cc1,74.0,,,,,,,,,
130,P020100,*CC(*)c1ccc(C(=O)CCCC)cc1,70.0,,,,,,,,,
131,P020101,*CC(*)c1ccc(C(=O)CCCCC)cc1,66.0,,,,,,,,,
132,P020102,*CC(*)c1ccc(C(=O)CCCCCCC)cc1,50.0,,0.26633333333333337,,,,,,,
133,P020103,*CC(*)c1ccc(C(=O)Cc2ccccc2)cc1,78.0,,,,,,,,,
134,P020104,*CC(*)c1ccc(C(=O)c2ccccc2)cc1,98.0,,,,,,,,,
135,P020105,*CC(*)c1ccc(C(=O)c2ccc(C)cc2)cc1,99.0,,,,,,,,,
136,P020108,*CC(*)c1ccc(F)cc1,95.0,,,,,,,,,
137,P020110,*CC(*)c1ccc(I)cc1,158.0,,,,,,,,,
138,P020112,*CC(*)c1ccc(OC)cc1,108.4,,,,,,,,,
139,P020113,*CC(*)c1ccc(OCC)cc1,86.0,,,,,,,,,
140,P020114,*CC(*)c1ccc(OCCC)cc1,70.0,,,,,,,,,
141,P020115,*CC(*)c1ccc(OCCCC)cc1,52.0,,,,,,,,,
142,P020116,*CC(*)c1ccc(OCCC(C)C)cc1,57.0,,,,,,,,,
143,P020117,*CC(*)c1ccc(Oc2ccccc2)cc1,85.0,,,,,,,,,
144,P020119,*CC(*)c1ccc(S(=O)(=O)OCCC)cc1,217.0,,,,,,,,,
145,P020120,*CC(*)c1ccc([Si](C)(C)C)cc1,136.0,,,,,,,,,
146,P020121,*CC(*)c1c(Cl)cccc1Cl,165.0,,,,,,,,,
147,P020122,*CC(*)c1ccc(C)cc1C,112.0,,0.18566666666666665,,,,,,,
148,P020125,*CC(*)c1ccc(Cl)cc1C,145.0,,0.1366666666666667,,,,,,,
149,P020126,*CC(*)c1ccc(Cl)cc1Cl,135.0,,0.10066666666666667,,,,,,,
150,P020130,*CC(*)c1cc(C)ccc1C,143.0,,0.17300000000000001,,,,,,,
151,P020131,*CC(*)c1cc(C(C)(C)C)ccc1C,87.0,,0.16366666666666665,,,,,,,
152,P020133,*CC(*)c1cc(Cl)ccc1Cl,108.0,,0.11199999999999999,,,,,,,
153,P020136,*CC(*)c1cc(Br)ccc1OCCCC,47.0,,0.14933333333333335,,,,,,,
154,P020137,*CC(*)c1cc(Br)ccc1OCC,80.0,,0.124,,,,,,,
155,P020138,*CC(*)c1cc(Br)ccc1OC,86.0,,0.132,,,,,,,
156,P020139,*CC(*)c1cc(Br)ccc1OCCC,54.0,,0.136,,,,,,,
157,P020140,*CC(*)c1cc(Br)ccc1OC(C)C,35.0,,0.124,,,,,,,
158,P020141,*CC(*)c1cc(Br)ccc1OCCCCC,49.0,,0.1545,,,,,,,
159,P020142,*CC(*)c1cc(Br)ccc1OCCC(C)C,37.0,,0.16749999999999998,,,,,,,
160,P020143,*CC(*)c1cc(C)cc(C)c1,112.0,,,,,,,,,
161,P020144,*CC(*)c1ccc(C)c(C)c1,111.0,,0.1905,,,,,,,
162,P020145,*CC(*)c1ccc(Cl)c(C)c1,114.0,,0.15400000000000003,,,,,,,
163,P020146,*CC(*)c1ccc(Cl)c(Cl)c1,128.0,,0.114,,,,,,,
164,P020147,*CC(*)c1ccc(Cl)c(F)c1,122.0,,0.1275,,,,,,,
165,P020148,*CC(*)c1c(C)cc(C)cc1C,126.0,,0.16699999999999998,,,,,,,
166,P020149,*CC(*)c1cc(C)c(C)cc1C,104.0,,0.20950000000000002,,,,,,,
167,P020151,*CC(*)(C)c1ccccc1,168.0,,0.164,,,,,,,
168,P020152,*CC(*)(C)c1ccc(C(C)C)cc1,140.0,,0.20133333333333334,,,,,,,
169,P020153,*C(F)(F)C(*)(F)c1ccccc1,206.0,,,,,,,,,
170,P020154,*C(F)(F)C(*)(F)c1c(F)c(F)c(F)c(F)c1F,194.0,,,,,,,,,
171,P020156,*CC(*)c1cccc2ccccc12,160.0,,0.19400000000000003,,,,,,,
172,P020157,*CC(*)c1ccc(C(C)=O)cc1,115.5,,0.22966666666666669,,,,,,,
173,P020158,*CC(*)c1ccc(C(=O)CCN2CCOCC2)cc1,41.0,,,,,,,,,
174,P020177,*CC(*)(C(=O)OC)c1ccccc1,121.0,,0.1426666666666667,,,,,,,
175,P020181,*CC(*)(C)c1ccc(C)cc1,176.0,,,,,,,,,
176,P020185,*CC(*)c1ccc(C(=O)C(F)(F)F)cc1,95.0,,,,,,,,,
177,P020186,*CC(*)c1ccc(C(=O)c2ccc(OC)cc2)cc1,103.0,,,,,,,,,
178,P020187,*CC(*)c1ccc(B(O[Si](C)(C)C)O[Si](C)(C)C)cc1,84.0,,,,,,,,,
179,P020188,*CC(*)c1cccc(B(O[Si](C)(C)C)O[Si](C)(C)C)c1,35.0,,,,,,,,,
180,P020189,*CC(*)c1ccc2ccccc2c1,146.5,,,,,,,,,
181,P020190,*CC(*)c1ccncc1,150.0,,,,,,,,,
182,P020191,*CC(*)c1cccc(C)n1,92.0,,,,,,,,,
183,P020192,*CC(*)c1ccc(C)nc1,136.0,,,,,,,,,
184,P020193,*CC(*)n1cc2ccccc2n1,41.5,,0.2075,,,,,,,
185,P020194,*CC(c1ccccn1)C(c1ccccc1)C(*)c1ccccn1,150.0,,0.151,,,,,,,
186,P020195,*CC(*)c1ccc(O)cc1,158.0,,0.20733333333333334,,,,,,,
187,P020198,*CC(*)c1ccc(OC(C)=O)cc1,113.0,,0.2005,,,,,,,
188,P024305,*CC(*)c1ccc(CCC)cc1,46.75,,0.2345,,,,,,,
189,P024504,*CC(*)c1ccc(COCC(CC)CCCC)cc1,-23.0,,0.268,,,,,,,
190,P024505,*CC(*)c1ccc(COCCOCCCCCCCC)cc1,-42.0,,0.28200000000000003,,,,,,,
191,P029029,*C([2H])([2H])C(*)([2H])c1c([2H])c([2H])c([2H])c([2H])c1[2H],97.0,,0.199,,,,,,,
192,P030001,*CC(*)O,76.5,,0.42400000000000004,,,,,,,
193,P030006,*CC(*)C(C)=O,115.0,,0.179,,,,,,,
194,P030010,*CC(*)C#N,95.0,,0.20700000000000002,,,,0.0018,,0.00016,0.00028
195,P030011,*CC(*)(C)C#N,88.5,,0.146,,,,,,,
196,P030014,*CC(*)c1ccccn1,100.0,,0.196,,,,,,,
197,P030015,*CC(*)n1c2ccccc2c2ccccc21,225.0,,0.147,,,,,,,
198,P030017,*CC(*)C[Si](C)(C)C,114.0,,,,,,,,,
199,P030018,*CC(*)OC,-25.8,,0.26149999999999995,,,,,,,
200,P030019,*CC(*)OCC,-33.0,,0.2465,,,,,,,
201,P030020,*CC(*)OCCCC,-51.0,,,,,,,,,
202,P030021,*CC(*)OCCCCC,-66.0,,,,,,,,,
203,P030022,*CC(*)OCCCCCC,-74.0,,,,,,,,,
204,P030023,*CC(*)OCCCCCCCCCC,-62.0,,,,,,,,,
205,P030024,*CC(*)OC(C)=O,32.0,,,,,,,,,
206,P030025,*CC(*)OC(=O)CC,11.9,,0.21200000000000002,,,,,,,
207,P030026,*CC(*)OC(=O)c1ccccc1,70.4,,0.16699999999999998,,,,,,,
208,P030027,*CC(*)OCC(C)C,-22.0,,,,,,,,,
209,P030035,*CC(*)O[N+](=O)[O-],37.5,,0.1585,,,,,,,
210,P030036,*/C=C/C(C)C(*)C(=O)OC,53.0,,0.189,,,,,,,
211,P030037,*C#C/C(COS(=O)(=O)c1ccc(C)cc1)=C(/*)COS(=O)(=O)c1ccc(C)cc1,-73.0,,,,,,,,,
212,P030038,*CC(*)CC[Si](C)(C)C,132.0,,,,,,,,,
213,P030040,*CC(*)OC=O,37.0,,,,,,,,,
214,P030045,*CC(*)OC(C)C,-7.5,,0.21150000000000002,,,,,,,
215,P030046,*CC(*)(C)OC,67.0,,,,,,,,,
216,P030048,*CC(*)OC(C)CC,-26.0,,,,,,,,,
217,P030049,*CC(*)OC(=O)C(F)(F)F,55.0,,,,,,,,,
218,P030062,*C1CC(*)(C#N)C1,220.0,,,,,,,,,
219,P030067,*CC(*)Cc1cccc(C)c1,40.0,,,,,,,,,
220,P030068,*CC(*)Cc1ccccc1C,80.0,,,,,,,,,
221,P030069,*CC(*)Cc1ccc(C)cc1,65.0,,,,,,,,,
222,P030071,*CC(*)OC(=O)c1ccc(C(C)(C)C)cc1,121.0,,,,,,,,,
223,P030077,*/C=C/C(C*)OC,-10.5,,,,,,,,,
224,P030078,*CC/C=C(/*)c1ccccc1,39.5,,,,,,,,,
225,P030079,*C(*)O,134.0,,,,,,,,,
226,P030080,*CC(*)OCC(CC)CCCC,-66.0,,,,,,,,,
227,P030081,*CC(*)SCCCC,-20.0,,,,,,,,,
228,P030083,*CC(*)SCC,-7.0,,,,,,,,,
229,P030084,*C(F)(F)C(*)(F)OC(F)(F)C(F)(F)C(F)(F)C(F)(F)F,-10.0,,,,,,,,,
230,P030085,*C(F)(F)C(*)(F)OC(F)(F)C(F)(F)F,29.0,,,,,,,,,
231,P030086,*C(F)(F)C(*)(OC(F)(F)F)OC(F)(F)F,-60.0,,,,,,,,,
232,P030087,*C(OC(F)(F)F)C(*)(F)F,-10.0,,,,,,,,,
233,P030088,*C(F)C(*)(F)OC(F)(F)F,-10.0,,,,,,,,,
234,P030089,*C(F)(F)C(*)(F)OC(F)(F)F,-5.0,,,,,,,,,
235,P030091,*CC(*)OCC(C)(C)CC,9.0,,,,,,,,,
236,P030092,*CC(*)SC,-1.0,,,,,,,,,
237,P030093,*CC(*)OCCCCCCCC,-79.5,,,,,,,,,
238,P030095,*CC(*)(F)C(C)=O,142.0,,,,,,,,,
239,P030096,*CC(*)C(=O)c1ccccc1,72.75,,,,,,,,,
240,P030097,*CC(*)C(=O)c1ccc(Br)c(OC)c1,44.0,,,,,,,,,
241,P030098,*CC(*)C(=O)c1ccc(C(C)(C)C)cc1,103.5,,0.1915,,,,,,,
242,P030099,*CC(*)C(=O)c1ccc(Cl)cc1,63.0,,,,,,,,,
243,P030100,*CC(*)C(=O)c1ccc(CC)cc1,49.25,,,,,,,,,
244,P030101,*CC(*)C(=O)c1ccc(C(C)C)cc1,62.5,,,,,,,,,
245,P030102,*CC(*)C(=O)c1ccc(OC)cc1,46.0,,,,,,,,,
246,P030103,*CC(*)C(=O)c1ccc(C)c(C)c1,42.0,,,,,,,,,
247,P030104,*CC(*)C(=O)c1ccc(CCC)cc1,44.0,,,,,,,,,
248,P030105,*CC(*)C(=O)c1ccc(C)cc1,59.5,,0.1975,,,,,,,
249,P030107,*CC(*)OC(=O)c1ccccc1OC(C)=O,59.5,,,,,,,,,
250,P030108,*CC(*)OC(=O)c1ccc(OC(C)=O)cc1,76.0,,,,,,,,,
251,P030109,*CC(*)OC(=O)CCCC(=O)c1ccccc1,45.0,,,,,,,,,
252,P030110,*CC(*)OC(=O)c1cccc(Br)c1,57.5,,,,,,,,,
253,P030111,*CC(*)OC(=O)c1ccc(Br)cc1,85.5,,,,,,,,,
254,P030112,*CC(*)OC(=O)c1ccc(OC(=O)CCC)cc1,61.0,,0.223,,,,,,,
255,P030113,*CC(*)OC(=O)c1ccccc1Cl,55.75,,,,,,,,,
256,P030114,*CC(*)OC(=O)c1cccc(Cl)c1,61.75,,,,,,,,,
257,P030115,*CC(*)OC(=O)c1ccc(Cl)cc1,70.25,,,,,,,,,
258,P030116,*CC(*)OC(=O)C1CCCCC1,66.0,,,,,,,,,
259,P030117,*CC(*)OC(=O)CC1CCCCC1,25.0,,,,,,,,,
260,P030118,*CC(*)OC(=O)CCCC1CCCCC1,-10.0,,,,,,,,,
261,P030120,*CC(*)OC(=O)c1ccc(OCC)cc1,70.0,,,,,,,,,
262,P030121,*CC(*)OC(=O)c1ccc(CC)cc1,57.0,,,,,,,,,
263,P030122,*CC(*)OC(=O)C(C)(CC)C(C)(C)C,120.0,,,,,,,,,
264,P030123,*CC(*)OC(=O)C(F)(F)C(F)(F)C(F)(F)F,27.0,,,,,,,,,
265,P030124,*CC(*)OC(=O)C1(F)C(F)(F)C(F)(F)C(F)(F)C(F)(F)C1(F)F,54.0,,0.086,,,,,,,
266,P030125,*CC(*)NC(=O)OC(C)(C)C,120.0,,,,,,,,,
267,P030126,*CC(*)OC(=O)C(F)(F)C(F)(F)C(F)(F)C(F)(F)C(F)(F)C(F)(F)C(F)(F)C(F)(F)C(F)(F)F,-18.0,,,,,,,,,
268,P030127,*CC(*)OC(=O)C(F)(F)C(F)(F)C(F)(F)C(F)(F)C(F)(F)F,-9.0,,,,,,,,,
269,P030128,*CC(*)OC(=O)C(F)(F)C(F)(F)C(F)(F)C(F)(F)C(F)(F)C(F)(F)C(F)(F)F,-10.0,,,,,,,,,
270,P030129,*CC(*)OC(=O)C(F)(F)C(F)(F)F,42.0,,,,,,,,,
271,P030130,*CC(*)OC(=O)C(F)(F)C(F)(F)C(F)(F)C(F)(F)F,20.0,,,,,,,,,
272,P030131,*CC(*)OC(=O)c1ccncc1,98.5,,,,,,,,,
273,P030132,*CC(*)OC(=O)c1ccc(C(C)C)cc1,67.7,,,,,,,,,
274,P030133,*CC(*)OC(=O)C(C)(C(C)C)C(C)C,120.0,,,,,,,,,
275,P030134,*CC(*)OC(=O)c1ccccc1OC,65.0,,,,,,,,,
276,P030135,*CC(*)OC(=O)c1cccc(OC)c1,44.0,,,,,,,,,
277,P030136,*CC(*)OC(=O)c1ccc(OC)cc1,86.5,,,,,,,,,
278,P030137,*CC(*)OC(=O)c1ccccc1C,42.5,,,,,,,,,
279,P030138,*CC(*)OC(=O)c1cccc(C)c1,49.0,,,,,,,,,
280,P030139,*CC(*)OC(=O)c1ccc(C)cc1,73.5,,,,,,,,,
281,P030140,*CC(*)OC(=O)CC(C)(C)c1ccccc1,20.0,,,,,,,,,
282,P030141,*CC(*)OC(=O)c1cccc([Si](C)(C)C)c1,80.0,,,,,,,,,
283,P030142,*CC(*)OC(=O)c1ccc([Si](C)(C)C)cc1,130.5,,,,,,,,,
284,P030143,*CC(*)OC(=O)C(C)(C)CCC,10.0,,,,,,,,,
285,P030144,*CC(*)OC(=O)C(C)(C)C(C)(C)CC,90.0,,,,,,,,,
286,P030145,*CC(*)OC(=O)C(C)(C)C(C)C(C)C,55.0,,,,,,,,,
287,P030146,*CC(*)OC(=O)C(C)(C)CC(C)(C)C,55.0,,,,,,,,,
288,P030147,*CC(*)OC(=O)c1cccnc1,86.5,,,,,,,,,
289,P030148,*CC(*)OC(=O)c1cccc([N+](=O)[O-])c1,93.0,,,,,,,,,
290,P030163,*CC(*)OC(F)(C(F)(F)F)C(F)(F)F,65.0,,,,,,,,,
291,P030166,*CC(*)OC(=O)CCl,20.45,,,,,,,,,
292,P030168,*CC(*)c1cccs1,71.0,,0.1995,,,,,,,
293,P030177,*CC(*)(CC(=O)OCCCCCCC)C(=O)OCCCCCCC,-23.0,,,,,,,,,
294,P030178,*CC(*)OC(=O)C1CCCC1,36.0,,,,,,,,,
295,P030179,*CC(*)OC(=O)C1(C)CCCCC1,86.0,,,,,,,,,
296,P030180,*CC(*)P(=O)(c1ccccc1)c1ccccc1,127.5,,,,,,,,,
297,P030181,*CC(*)P(=O)(OCC)N(C)C,32.0,,,,,,,,,
298,P030182,*CC(*)P(=O)(Oc1ccccc1)N(C)C,27.0,,,,,,,,,
299,P030183,*CC(*)c1nc(C)nc(C)n1,70.0,,,,,,,,,
300,P030187,*C1Cc2ccccc2C1*,188.5,,0.13,,,,,,,
301,P030191,*CC(OC)C1C(=O)OC(=O)C1*,153.5,,,,,,,,,
302,P030192,*CC(OC)C(C(=O)O)C(*)C(=O)O,144.0,,,,,,,,,
303,P030195,*CCC/C=C(/*)c1ccc(OC)cc1,11.0,,,,,,,,,
304,P030196,*CCC/C=C(/*)c1ccccc1,0.0,,,,,,,,,
305,P030197,*CCC/C=C(/*)c1ccc(Cl)cc1,16.0,,0.184,,,,,,,
306,P030198,*/C(C)=C(/*)[Si](C)(C)C,75.0,,,,,,,,,
307,P030205,*/C(C)=C(/*)c1ccc([Si](C)(C)C)cc1,-5.0,,,,,,,,,
308,P034237,*CC(*)CNc1ccc([N+](=O)[O-])cc1,144.0,,,,,,,,,
309,P034238,*CC(*)CNc1ccc([N+](=O)[O-])cn1,151.0,,0.192,,,,,,,
310,P034239,*CC(*)CNc1ccc([N+](=O)[O-])cc1C,151.0,,,,,,,,,
311,P034240,*CC(*)CNc1ccc([N+](=O)[O-])c(C(F)(F)F)c1,153.0,,,,,,,,,
312,P034241,*CC(*)CNc1ccc([N+](=O)[O-])cc1[N+](=O)[O-],160.0,,,,,,,,,
313,P034359,*CC1CC(*)C(OC(=O)CCCCCCCCCCOc2ccc(-c3ccc(C#N)cc3)cc2)C1OC(=O)CCCCCCCCCCOc1ccc(-c2ccc(C#N)cc2)cc1,14.5,,,,,,,,,
314,P034360,*CC1CC(*)C(OC(=O)CCCCCCCCCCOc2ccc(-c3ccc(C#N)cc3)cc2)C1,30.5,,,,,,,,,
315,P034361,*CCC1CC(OC(=O)CCCCCCCCCCOc2ccc(-c3ccc(C#N)cc3)cc2)CC1*,24.0,,,,,,,,,
316,P034424,*CC(*)n1ccnc1,175.0,,,,,,,,,
317,P034524,*CC/C=C(/*)[Sn](CCCC)(CCCC)CCCC,-80.0,,,,,,,,,
318,P034596,*C(F)(F)C(*)(F)OC(F)C(F)F,35.0,,,,,,,,,
319,P034597,*CC(*)C(=O)c1ccc(Br)cc1,101.5,,,,,,,,,
320,P034603,*CC(*)OC(=O)CC1CCCC1,-3.0,,,,,,,,,
321,P039005,*CC(*)N1CCCC1=O,158.0,,,,,,,,,
322,P039028,*CCC1CC2C(CC(*)C2OC(=O)CCCCCCCCCCOc2ccc(-c3ccc(C#N)cc3)cc2)C1OC(=O)CCCCCCCCCCOc1ccc(-c2ccc(C#N)cc2)cc1,23.5,,,,,,,,,
323,P040001,*CC(*)C(=O)O,115.0,,,,,,,,,
324,P040002,*CC(*)C(=O)OC,10.0,,,,,,,,,
325,P040003,*CC(*)C(=O)OCC,-20.0,,0.2305,,,,,,,
326,P040004,*CC(*)C(=O)OCCC,-38.5,,,,,,,,,
327,P040005,*CC(*)C(=O)OC(C)C,-5.0,,,,,,,,,
328,P040006,*CC(*)C(=O)OCCCC,-49.0,,0.2075,,,,,,,
329,P040007,*CC(*)C(=O)OCC(C)C,25.0,,,,,,,,,
330,P040008,*CC(*)C(=O)OC(C)CC,-20.0,,,,,,,,,
331,P040010,*CC(*)C(=O)OC(C)(C)C,40.0,,,,,,,,,
332,P040011,*CC(*)C(=O)OCCCCCC,-57.0,,0.2565,,,,,,,
333,P040012,*CC(*)C(=O)OCCCCCCC,-60.0,,,,,,,,,
334,P040013,*CC(*)C(=O)OCCCCCCCC,-65.0,,,,,,,,,
335,P040017,*CC(*)C(=O)OCCCCCCCCCCCCCCCCCC,-42.5,,0.3795,,,,,,,
336,P040020,*CC(*)C(=O)OC1CC2CCC1(C)C2(C)C,100.0,,,,,,,,,
337,P040021,*CC(*)C(=O)OCC(F)(F)F,3.1,,,,,,,,,
338,P040022,*CC(*)C(=O)OCC(F)(F)C(F)(F)F,-26.0,,,,,,,,,
339,P040023,*CC(*)C(=O)OC(C(F)(F)F)C(F)(F)F,42.3,,,,,,,,,
340,P040024,*CC(*)C(=O)OC(F)(C(F)(F)F)C(F)(F)F,10.0,,0.11199999999999999,,,,,,,
341,P040027,*CC(*)C(=O)OCC(F)(F)C(F)C(F)(F)F,-22.0,,,,,,,,,
342,P040028,*CC(*)C(=O)OCC(F)(F)C(F)(F)C(F)(F)F,-30.0,,,,,,,,,
343,P040030,*CC(*)C(=O)OCC(F)(F)C(F)(F)C(F)(F)C(F)(F)F,-37.0,,,,,,,,,
344,P040031,*CC(*)C(=O)OCC(F)(F)C(F)(F)C(F)(F)C(F)(F)C(F)(F)F,-39.0,,,,,,,,,
345,P040032,*CC(*)C(=O)OCC(F)(F)C(F)(F)C(F)(F)C(F)(F)C(F)(F)C(F)(F)C(F)(F)F,-17.0,,,,,,,,,
346,P040034,*CC(*)C(=O)OCCOC,-34.0,,,,,,,,,
347,P040035,*CC(*)C(=O)OCCOCC,-50.0,,,,,,,,,
348,P040036,*CC(*)C(=O)OCCCOC,-66.5,,,,,,,,,
349,P040037,*CC(*)C(=O)OCCCOCC,-61.5,,,,,,,,,
350,P040038,*CC(*)C(=O)OCCOCC(F)(F)F,-38.0,,,,,,,,,
351,P040039,*CC(*)C(=O)OCCOC(F)(F)C(F)F,-22.0,,,,,,,,,
352,P040040,*CC(*)C(=O)OCCOCC(F)(F)C(F)(F)C(F)(F)F,-45.0,,,,,,,,,
353,P040041,*CC(*)C(=O)OCC(F)(F)C(F)(F)OC(F)(F)F,-55.0,,,,,,,,,
354,P040042,*CC(*)C(=O)OCC(F)(F)C(F)(F)OC(F)(F)C(F)(F)F,-49.0,,,,,,,,,
355,P040043,*CC(*)C(=O)OCC(F)(F)C(F)(F)OC(F)(F)C(F)(F)C(F)(F)F,-68.0,,,,,,,,,
356,P040047,*CC(*)(C)C(=O)O,161.7,,,,,,,,,
357,P040048,*CC(*)(C)C(=O)OC,108.0,,0.15949999999999998,,,,,,,
358,P040049,*CC(*)(C)C(=O)OCC,66.0,,0.16999999999999998,,,,,,,
359,P040050,*CC(*)(C)C(=O)OCCC,43.0,,,,,,,,,
360,P040051,*CC(*)(C)C(=O)OC(C)C,85.0,,,,,,,,,
361,P040052,*CC(*)(C)C(=O)OCCCC,25.0,,0.203,,,,,,,
362,P040053,*CC(*)(C)C(=O)OC(C)CC,60.0,,0.182,,,,,,,
363,P040055,*CC(*)(C)C(=O)OC(C)(C)C,107.0,,0.1525,,,,,,,
364,P040056,*CC(*)(C)C(=O)OCCCCCC,-5.0,,0.184,,,,,,,
365,P040059,*CC(*)(C)C(=O)OCCCCCCCC,-11.0,,0.2415,,,,,,,
366,P040060,*CC(*)(C)C(=O)OCCCCCCCCCCCC,-47.9,,0.2665,,,,,,,
367,P040061,*CC(*)(C)C(=O)OCCCCCCCCCCCCCC,-72.0,,0.3115,,,,,,,
368,P040063,*CC(*)(C)C(=O)OCCCCCCCCCCCCCCCCCC,-100.0,,0.317,,,,,,,
369,P040064,*CC(*)(C)C(=O)OC1CCCCC1,88.0,,0.22399999999999998,,,,,,,
370,P040066,*CC(*)(C)C(=O)OC1CCCCC1C,85.0,,0.153,,,,,,,
371,P040067,*CC(*)(C)C(=O)OC1CCC(C)CC1,109.0,,0.17099999999999999,,,,,,,
372,P040068,*CC(*)(C)C(=O)OC1CCCC(C)C1,89.0,,0.1545,,,,,,,
373,P040069,*CC(*)(C)C(=O)OC1CC(C)CC(C)(C)C1,125.0,,0.146,,,,,,,
374,P040071,*CC(*)(C)C(=O)Oc1ccccc1,110.0,,0.184,,,,,,,
375,P040073,*CC(*)(C)C(=O)OCc1ccccc1,54.0,,0.1755,,,,,,,
376,P040074,*CC(*)(C)C(=O)OCCc1ccccc1,49.0,,0.168,,,,,,,
377,P040081,*CC(*)(C)C(=O)OCCF,90.0,,0.16799999999999998,,,,,,,
378,P040082,*CC(*)(C)C(=O)OCCCl,63.0,,0.1325,,,,,,,
379,P040083,*CC(*)(C)C(=O)OCCBr,52.0,,0.128,,,,,,,
380,P040084,*CC(*)(C)C(=O)OCC(F)(F)F,75.0,,,,,,,,,
381,P040085,*CC(*)(C)C(=O)OCC(F)(F)C(F)F,80.0,,,,,,,,,
382,P040088,*CC(*)(C)C(=O)OC(C(F)(F)F)C(F)(F)F,75.0,,0.0755,,,,,,,
383,P040097,*CC(*)(C)C(=O)Oc1c(Cl)c(Cl)c(Cl)c(Cl)c1Cl,110.0,,0.08299999999999999,,,,,,,
384,P040099,*CC(*)(C)C(=O)OCc1ccccc1Cl,54.1,,0.159,,,,,,,
385,P040102,*CC(*)(C)C(=O)OCCO,91.2,,,,,,,,,
386,P040103,*CC(*)(C)C(=O)OCCOCC,-16.0,,0.21200000000000002,,,,,,,
387,P040106,*CC(*)(C)C(=O)OCC1CCCO1,105.0,,0.172,,,,,,,
388,P040107,*CC(*)(C)C(=O)OCc1ccco1,111.0,,0.172,,,,,,,
389,P040112,*CC(*)(C)C(=O)OCCN(C)C,28.62,,0.2005,,,,,,,
390,P040114,*CC(*)(C)C(=O)OCCN(CC)CC,26.0,,0.2375,,,,,,,
391,P040116,*CC(*)(Cl)C(=O)OC,125.0,,,,,,,,,
392,P040117,*CC(*)(Cl)C(=O)OCC,84.0,,0.1985,,,,,,,
393,P040127,*CC(*)C(N)=O,193.0,,,,,,,,,
394,P040128,*CC(*)C(=O)NC(C)C,134.62,,0.203,,,,,,,
395,P040141,*CC(*)C(=O)OC(CC)CC,-6.0,,0.213,,,,,,,
396,P040145,*CC(*)C(=O)OCC(F)(F)C(F)(F)C(F)(F)C(F)F,-35.0,,,,,,,,,
397,P040147,*CC(*)C(=O)OCC(CC)CCCC,-62.0,,0.23099999999999998,,,,,,,
398,P040148,*CC(*)C(=O)OCCCCCCCCC,-89.0,,0.281,,,,,,,
399,P040149,*CC(*)C(=O)OC1CCCCC1,25.0,,0.201,,,,,,,
400,P040150,*CC(*)C(=O)OC1CC(C)CC(C)(C)C1,15.0,,0.2205,,,,,,,
401,P040152,*CC(*)(C)C(=O)OCCCCCCCCCC,-64.5,,0.259,,,,,,,
402,P040155,*CC(*)(C)C(=O)OC1CC2CCC1(C)C2(C)C,180.5,,0.14300000000000002,,,,,,,
403,P040156,*CC(*)(Cl)C(=O)OCCC,66.0,,0.173,,,,,,,
404,P040157,*CC(*)(Cl)C(=O)OCCCC,42.0,,0.178,,,,,,,
405,P040159,*CC(*)(C#N)C(=O)OC,147.5,,0.161,,,,,,,
406,P040160,*CC(*)C(=O)OCC(C)CC,-32.0,,0.221,,,,,,,
407,P040164,*CC(*)C(=O)OCC(C)(C)C,22.0,,0.2115,,,,,,,
408,P040168,*CC(*)C(=O)OCCC#N,4.0,,0.195,,,,,,,
409,P040172,*CC(*)C(=O)OCF,15.0,,,,,,,,,
410,P040175,*CC(*)C(=O)OCCOCCOC(F)(F)C(F)F,-40.0,,,,,,,,,
411,P040177,*CC(*)C(=O)OCCSC,-60.0,,0.181,,,,,,,
412,P040178,*CC(*)C(=O)OCCCSC,-65.0,,0.211,,,,,,,
413,P040179,*CC(*)C(=O)OCCSCC,-71.0,,0.2175,,,,,,,
414,P040180,*CC(*)C(=O)OCCCCSC,-70.0,,0.2005,,,,,,,
415,P040181,*CC(*)C(=O)OCCCSCC,-76.0,,0.21550000000000002,,,,,,,
416,P040182,*CC(*)C(=O)OCCSCC#N,-24.0,,0.183,,,,,,,
417,P040183,*CC(*)C(=O)OCCSCCC#N,-50.0,,0.1875,,,,,,,
418,P040184,*CC(*)C(=O)OCCSCCCC#N,-58.0,,0.18,,,,,,,
419,P040185,*CC(*)C(=O)OCCCSCCC#N,-58.0,,0.219,,,,,,,
420,P040186,*CC(*)C(=O)OCCCCCCSCC#N,-59.0,,0.2175,,,,,,,
421,P040187,*CC(*)C(=O)OC12CC3CC(C)(CC(C)(C3)C1)C2,104.0,,0.1635,,,,,,,
422,P040188,*CC(*)C(=O)N1CCCCC1,108.0,,0.218,,,,,,,
423,P040189,*CC(*)C(=O)N1CCOCC1,150.0,,0.212,,,,,,,
424,P040191,*CC(*)C(=O)Oc1ccccc1,60.0,,0.196,,,,,,,
425,P040192,*CC(*)C(=O)Oc1ccccc1C,51.5,,0.1735,,,,,,,
426,P040193,*CC(*)C(=O)Oc1cccc(C)c1,24.5,,0.20550000000000002,,,,,,,
427,P040194,*CC(*)C(=O)Oc1ccc(C)cc1,42.5,,0.193,,,,,,,
428,P040195,*CC(*)C(=O)Oc1ccccc1C(C)(C)C,72.0,,0.175,,,,,,,
429,P040196,*CC(*)C(=O)Oc1ccc(C(C)(C)C)cc1,71.0,,0.2245,,,,,,,
430,P040197,*CC(*)C(=O)Oc1ccc(OC)cc1,50.5,,0.20800000000000002,,,,,,,
431,P040198,*CC(*)C(=O)Oc1ccccc1C(=O)OC,46.0,,,,,,,,,
432,P040199,*CC(*)C(=O)Oc1ccccc1C(=O)OCC,30.0,,,,,,,,,
433,P040200,*CC(*)C(=O)Oc1cccc(C(=O)OC)c1,38.0,,,,,,,,,
434,P040201,*CC(*)C(=O)Oc1cccc(C(=O)OCC)c1,24.0,,,,,,,,,
435,P040202,*CC(*)C(=O)Oc1ccc(C(=O)OC)cc1,67.0,,,,,,,,,
436,P040203,*CC(*)C(=O)Oc1ccc(C(=O)OCC)cc1,37.0,,,,,,,,,
437,P040204,*CC(*)C(=O)Oc1ccc(C(=O)OCCCC)cc1,13.0,,0.23299999999999998,,,,,,,
438,P040205,*CC(*)C(=O)Oc1ccc(-c2ccccc2)cc1,110.0,,0.20550000000000002,,,,,,,
439,P040206,*CC(*)C(=O)OCc1ccccc1,9.25,,0.1985,,,,,,,
440,P040207,*CC(*)C(=O)OCCc1ccccc1,-3.0,,0.196,,,,,,,
441,P040208,*CC(*)C(=O)Oc1cccc(N(C)C)c1,47.0,,0.221,,,,,,,
442,P040210,*CC(*)C(=O)Oc1ccc(C#N)cc1,92.0,,0.1845,,,,,,,
443,P040211,*CC(*)C(=O)OCc1ccc(C#N)cc1,44.0,,0.182,,,,,,,
444,P040212,*CC(*)C(=O)Oc1ccccc1Cl,318.0,,0.166,,,,,,,
445,P040213,*CC(*)C(=O)Oc1ccc(Cl)cc1Cl,60.0,,0.119,,,,,,,
446,P040214,*CC(*)C(=O)Oc1c(Cl)c(Cl)c(Cl)c(Cl)c1Cl,145.0,,0.08499999999999999,,,,,,,
447,P040215,*CC(*)C(=O)Oc1cccc2ccccc12,85.0,,0.16449999999999998,,,,,,,
448,P040217,*CC(*)C(=O)N(C)C,114.0,,0.21250000000000002,,,,,,,
449,P040220,*CC(*)C(=O)NC(C)(C)C,135.0,,0.199,,,,,,,
450,P040228,*CC(*)(C)C(=O)OCCCCC,10.0,,0.1895,,,,,,,
451,P040229,*CC(*)(C)C(=O)OCC(CC)CCCC,-10.0,,0.1935,,,,,,,
452,P040230,*CC(*)(C)C(=O)OCCC(C)(C)C,45.0,,0.1895,,,,,,,
453,P040231,*CC(*)(C)C(=O)OC(C)C(C)(C)C,108.0,,0.16749999999999998,,,,,,,
454,P040232,*CC(*)(C)C(=O)OCCC(C)CC(C)(C)C,1.0,,0.198,,,,,,,
455,P040233,*CC(*)(C)C(=O)OCCOC,24.0,,0.1815,,,,,,,
456,P040234,*CC(*)(C)C(=O)OCCOCCO,20.0,,,,,,,,,
457,P040235,*CC(*)(C)C(=O)OCC(C)O,76.0,,,,,,,,,
458,P040236,*CC(*)(C)C(=O)OCC(O)CO,84.4,,,,,,,,,
459,P040237,*CC(*)(C)C(=O)OCCNC(C)(C)C,41.0,,0.184,,,,,,,
460,P040239,*CC(*)(C)C(=O)OCCC#N,91.0,,0.138,,,,,,,
461,P040241,*CC(*)(C)C(=O)OCCO[N+](=O)[O-],55.0,,,,,,,,,
462,P040244,*CC(*)(C)C(=O)OCC(F)(F)C(F)(F)C(F)(F)C(F)F,47.0,,0.095,,,,,,,
463,P040245,*CC(*)(C)C(=O)OC(F)(F)C(F)(F)C(F)(F)C(F)(F)C(F)(F)C(F)(F)C(F)(F)C(F)(F)F,49.0,,0.084,,,,,,,
464,P040246,*CC(*)(C)C(=O)OCC(F)(F)C(F)(F)C(F)(F)C(F)(F)C(F)(F)C(F)(F)C(F)(F)C(F)F,-15.0,,0.09,,,,,,,
465,P040247,*CC(*)(C)C(=O)OCCS(=O)CC,25.0,,0.199,,,,,,,
466,P040248,*CC(*)(C)C(=O)O[Si](C)(C)C,97.5,,,,,,,,,
467,P040250,*CC(*)(C)C(=O)OCC1(C)COCOC1,142.0,,0.1305,,,,,,,
468,P040251,*CC(*)(C)C(=O)OCC1(C)COC(C)(C)OC1,108.0,,0.1525,,,,,,,
469,P040252,*CC(*)(C)C(=O)OCC(C)(C)C1OCC(C)(C)CO1,118.0,,0.16199999999999998,,,,,,,
470,P040253,*CC(*)(C)C(=O)OC12CC3CC(CC(C3)C1)C2,183.0,,0.1245,,,,,,,
471,P040254,*CC(*)(C)C(=O)OC12CC3CC(C)(CC(C)(C3)C1)C2,194.0,,0.122,,,,,,,
472,P040255,*CC(*)(C)C(=O)Oc1ccc(CC#N)cc1,131.0,,0.1655,,,,,,,
473,P040256,*CC(*)(C)C(=O)Oc1ccc(C(=O)OC)cc1,109.0,,,,,,,,,
474,P040261,*CC(*)(CC)C(=O)OCC,27.0,,0.14500000000000002,,,,,,,
475,P040262,*CC(*)(CC(=O)OCC)C(=O)OCC,65.5,,0.16899999999999998,,,,,,,
476,P040263,*CC(*)(CC(=O)OCCCC)C(=O)OCCCC,24.0,,0.22499999999999998,,,,,,,
477,P040264,*CC(*)(C#N)C(=O)OCCCC,117.0,,0.179,,,,,,,
478,P040265,*CC(*)(F)C(=O)OC,142.0,,,,,,,,,
479,P040267,*CC(*)(CF)C(=O)OCC,43.0,,0.16849999999999998,,,,,,,
480,P040269,*CC(*)(CC(=O)OC1CCCCC1)C(=O)OC1CCCCC1,142.0,,0.16949999999999998,,,,,,,
481,P040270,*CC(*)(CC(=O)OCC1CCCCC1)C(=O)OCC1CCCCC1,83.0,,0.19,,,,,,,
482,P040271,*CC(*)(CC(=O)OCCC1CCCCC1)C(=O)OCCC1CCCCC1,48.0,,0.213,,,,,,,
483,P040272,*CC(*)(CC(=O)OCCCC1CCCCC1)C(=O)OCCCC1CCCCC1,7.0,,0.199,,,,,,,
484,P040273,*CC(*)(CC(=O)Oc1ccccc1)C(=O)Oc1ccccc1,132.0,,0.154,,,,,,,
485,P040274,*CC(*)(CC(=O)OCc1ccccc1)C(=O)OCc1ccccc1,55.0,,0.176,,,,,,,
486,P040275,*CC(*)(CC(=O)OCCc1ccccc1)C(=O)OCCc1ccccc1,45.0,,0.199,,,,,,,
487,P040276,*CC(*)(CC(=O)OCCCc1ccccc1)C(=O)OCCCc1ccccc1,-8.0,,0.20550000000000002,,,,,,,
488,P040278,*CC(*)C(=O)Oc1ccc(Cl)cc1,330.0,,0.158,,,,,,,
489,P040279,*CC(*)(C)C(=O)Oc1ccc(C#N)cc1,155.0,,0.1345,,,,,,,
490,P040283,*CC(*)C(=O)OCC(F)(F)C(F)(F)OC(F)(F)C(F)(F)C(F)(F)C(F)(F)F,-68.0,,0.086,,,,,,,
491,P040288,*CC(*)C(=O)OCCC(C)OC,-56.0,,0.212,,,,,,,
492,P040289,*CC(*)(C)C(=O)OC1CCC(C(C)(C)C)CC1,100.0,,0.15300000000000002,,,,,,,
493,P040290,*CC(*)(C)C(=O)OCC(F)(F)C(F)(F)C(F)(F)C(F)(F)C(F)(F)C(F)F,12.5,,0.113,,,,,,,
494,P040291,*CC(*)(C)C(=O)OCC(C)(C)C,38.0,,0.1555,,,,,,,
495,P040292,*CC(*)(C)C(=O)Oc1ccc(C(C)(C)C)cc1,91.0,,0.181,,,,,,,
496,P040294,*CC(*)(CC(=O)OC)C(=O)OC,95.0,,0.152,,,,,,,
497,P040295,*C(*)C(=O)OCC,13.5,,,,,,,,,
498,P040296,*C(*)C(=O)OC,85.75,,,,,,,,,
499,P040297,*C(*)C(=O)OCCC,-15.0,,,,,,,,,
500,P040299,*CC(*)C(=O)Oc1ccc(C(=O)O)cc1,125.0,,,,,,,,,
501,P040300,*CC(*)(C)C(N)=O,88.7,,0.14500000000000002,,,,,,,
502,P040307,*C1C(=O)N(C2CCCCC2)C(=O)C1*,232.0,,0.14850000000000002,,,,,,,
503,P040308,*CC(*)(CC(=O)OCCCCC)C(=O)OCCCCC,2.0,,0.215,,,,,,,
504,P040310,*CC(*)(CC(=O)OCCCCCC)C(=O)OCCCCCC,-7.0,,0.23199999999999998,,,,,,,
505,P040314,*CC(*)(CC(=O)OCCC)C(=O)OCCC,46.5,,0.1845,,,,,,,
506,P040320,*CC(*)(C#N)C(=O)OCC,115.0,,0.1805,,,,,,,
507,P040325,*CC(*)C(=O)OCCO,20.7,,,,,,,,,
508,P040332,*CC(*)(C)C(=O)Oc1ccc(C)cc1C,109.0,,0.157,,,,,,,
509,P040333,*CC(*)(C)C(=O)Oc1cc(C)cc(C)c1,106.0,,,,,,,,,
510,P040338,*CC(*)(C#N)C(=O)OCCCCCC,86.0,,0.217,,,,,,,
511,P040339,*CC(*)(C)C(=O)OCC1CO1,68.5,,0.1855,,,,,,,
512,P044251,*CC(*)(C)C(=O)OCCN(CC)c1ccc(/N=N/c2ccc([N+](=O)[O-])cc2)cc1,126.0,,0.19,,,,,,,
513,P044252,*CC(*)C(=O)OCCN(CC)c1ccc(/N=N/c2ccc([N+](=O)[O-])cc2)cc1,102.0,,0.2135,,,,,,,
514,P044290,*CC(*)C(=O)OCCCCCC(=O)Oc1ccc(-c2ccc(C#N)cc2)cc1,38.0,,0.22999999999999998,,,,,,,
515,P044304,*CCCC(*)(C)C(=O)O,132.0,,0.1985,,,,,,,
516,P044346,*CC(*)(C)C(=O)NC(=O)Oc1ccc(S(=O)(=O)c2ccc(O)cc2)cc1,182.0,,,,,,,,,
517,P044347,*CC(*)(C)C(=O)NC(=O)OCCOc1ccc(S(=O)(=O)c2ccc(OCCO)cc2)cc1,131.0,,,,,,,,,
518,P044348,*CC(*)(C)C(=O)NC(=O)OC(C)COc1ccc(S(=O)(=O)c2ccc(OCC(C)O)cc2)cc1,73.0,,,,,,,,,
519,P044349,*CC(*)(C)C(=O)NC(=O)Oc1c(Br)cc(S(=O)(=O)c2cc(Br)c(O)c(Br)c2)cc1Br,116.0,,0.109,,,,,,,
520,P044350,*CC(*)(C)C(=O)NC(=O)OCCOc1c(Br)cc(S(=O)(=O)c2cc(Br)c(OCCO)c(Br)c2)cc1Br,110.0,,,,,,,,,
521,P044351,*CC(*)(C)C(=O)NC(=O)OC(C)COc1c(Br)cc(S(=O)(=O)c2cc(Br)c(OCC(C)O)c(Br)c2)cc1Br,45.0,,0.15,,,,,,,
522,P044368,*CC(*)(C)C(=O)OCCOC(=O)c1cc([N+](=O)[O-])cc([N+](=O)[O-])c1,92.0,,,,,,,,,
523,P044370,*CC(*)C(=O)OCCCCCCOc1ccc(C(=O)Oc2ccc(C#N)cc2)cc1,19.5,,0.2245,,,,,,,
524,P044380,*CC(*)(C)C(=O)OCCCCn1c2ccccc2c2ccccc21,59.2,,0.16949999999999998,,,,,,,
525,P044383,*CC(*)C(=O)OCCCOc1ccc(/N=N/c2ccc([N+](=O)[O-])cc2)cc1,45.6,,,,,,,,,
526,P044384,*CC(*)C(=O)OCCCCOc1ccc(/N=N/c2ccc([N+](=O)[O-])cc2)cc1,36.7,,,,,,,,,
527,P044385,*CC(*)C(=O)OCCCCCCOc1ccc(/N=N/c2ccc([N+](=O)[O-])cc2)cc1,35.8,,,,,,,,,
528,P044463,*CC(*)C(=O)NCCCCCC(=O)O,68.0,,0.2495,,,,,,,
529,P044464,*CC(*)C(=O)OCc1c(Br)c(Br)c(Br)c(Br)c1Br,181.0,,,,,,,,,
530,P044506,*CC(*)(CCC(C)C(=O)OC)C(=O)OC,34.0,,,,,,,,,
531,P044508,*CC(*)C(=O)O[Na],114.4,,,,,,,,,
532,P044512,*CCC(C(=O)OC)C(*)C(=O)OC,31.2,,,,,,,,,
533,P044514,*CC(*)(C)C(=O)OCC#C,58.0,,,,,,,,,
534,P044520,*CC(*)(C#N)C(=O)OCC(C)C,51.0,,,,,,,,,
535,P044521,*CC(*)(C#N)C(=O)OC(C)C,66.0,,,,,,,,,
536,P044522,*CC(*)(C#N)C(=O)OCCCCCCC,102.0,,,,,,,,,
537,P049038,*CC(*)C(=O)OC1CCCCCCCCCCC1,37.0,,,,,,,,,
538,P050001,*CC(*)F,41.0,,,,,,,,,
539,P050002,*CC(*)Cl,80.0,,0.139,,,,,,,
540,P050003,*CC(*)(F)F,-34.4,,,,,,,,,
541,P050004,*CC(*)(Cl)Cl,-16.5,,,,,,,,,
542,P050005,*C(F)C(*)(F)F,31.45,,,,,,,,,
543,P050006,*C(*)(F)F,120.0,,,,,,,,,
544,P050007,*C(F)(F)C(*)(F)Cl,52.1,,0.139,,,,,,,
545,P050013,*CC/C=C(/*)Cl,-45.0,,,,,,,,,
546,P050014,*C(*)F,102.0,,,,,,,,,
547,P050015,*CC(*)(F)C(F)(F)F,49.0,,,,,,,,,
548,P050016,*C(F)(F)C(*)(F)C(F)(F)F,158.5,,,,,,,,,
549,P050017,*CC(*)C(F)(F)F,29.5,,,,,,,,,
550,P050018,*CC(*)C(F)(F)C(F)(F)F,41.0,,,,,,,,,
551,P050019,*CC(*)C(F)(F)C(F)(F)C(F)(F)F,58.0,,,,,,,,,
552,P050023,*CCC(F)(F)C(*)(F)F,-108.0,,,,,,,,,
553,P050026,*CC(F)(F)CC(*)(C(F)(F)F)C(F)(F)F,132.0,,,,,,,,,
554,P050029,*CCCCCCCCC(Cl)C(*)Cl,-30.0,,,,,,,,,
555,P050030,*CCCCCCCCCCC(Cl)C(*)Cl,-32.0,,0.316,,,,,,,
556,P050031,*CCCC(Cl)C(*)Cl,42.0,,,,,,,,,
557,P050034,*CC(F)(F)/C(F)=C(/*)Cl,-17.0,,,,,,,,,
558,P050035,*/C=C(\F)C(F)(F)C*,-35.0,,,,,,,,,
559,P050036,*/C(F)=C(\F)C(F)(C(*)(F)F)C(F)(F)F,-3.0,,0.102,,,,,,,
560,P050038,*C(*)(F)Cl,77.0,,,,,,,,,
561,P050039,*C(F)(F)C(*)(F)C(F)(F)C(F)(F)C(F)(F)C(F)(F)C(F)(F)F,232.5,,,,,,,,,
562,P050040,*CC(*)CCI,70.0,,,,,,,,,
563,P050041,*CC(*)CCCCCCCCCI,-6.0,,,,,,,,,
564,P050042,*CC(*)CCCI,30.0,,,,,,,,,
565,P050043,*C(F)(F)C1(F)C(F)(F)C(*)(F)C(F)(F)C(F)(Cl)C1(F)F,147.0,,,,,,,,,
566,P050044,*C(F)(F)C1(F)C(F)(F)C(*)(F)C1(F)F,122.0,,,,,,,,,
567,P050045,*C(F)(F)C1(F)C(F)(F)C(*)(F)C(F)(F)C(F)(F)C1(F)F,101.0,,,,,,,,,
568,P050046,*C(F)(F)C1(F)C(F)(F)C(*)(F)C(F)(F)C1(F)F,117.0,,,,,,,,,
569,P050049,*CCCCCC(Cl)C(*)Cl,-17.0,,,,,,,,,
570,P054499,*CCC(Cl)C(*)Cl,70.0,,0.1795,,,,,,,
571,P060001,*CC/C=C(/*)C,-58.0,,0.235,,,,,,,
572,P060002,*CC/C=C(/*)C,-65.0,,0.258,,,,,,,
573,P060003,*/C=C/C(C)C*,-60.0,,,,,,,,,
574,P060004,*/C=C/C(C)C*,-35.0,,,,,,,,,
575,P060006,*CC/C(C)=C(/*)C,12.0,,,,,,,,,
576,P060007,*CC/C(C)=C(/*)C,4.0,,,,,,,,,
577,P060013,*C1C=CC(*)CC1,125.5,,,,,,,,,
578,P060015,*CC/C=C(/*)Cl,-20.0,,,,,,,,,
579,P060017,*CC(*)C=C,-7.0,,,,,,,,,
580,P060022,*CC/C=C(/*)CCCCCCCCCC,-53.0,,,,,,,,,
581,P060023,*CC/C=C(/*)C(C)(C)C,20.0,,,,,,,,,
582,P060025,*CC/C=C(/*)C,-67.0,,0.256,,,,,,,
583,P070001,*CO*,-71.0,,0.246,,,,0.45,,0.024,0.09
584,P070002,*OC(*)C,-19.5,,,,,,,,,
585,P070007,*OC(*)CCC,-41.0,,,,,,,,,
586,P070013,*CCO*,-56.0,,,,,4.85,40.5,6.9,1.325,4.34
587,P070014,*CC(C)O*,-70.2,,,,,,,,,
588,P070015,*CC(CCl)O*,-23.3,,,,,,,,,
589,P070017,*CC(CBr)O*,-14.0,,,,,,,,,
590,P070019,*CC(CC)O*,-71.5,,,,,,,,,
591,P070021,*CC(COC)O*,-62.0,,,,,,,,,
592,P070022,*CC(C)(C)O*,40.5,,0.1995,,,,,,,
593,P070024,*CC(CCCC)O*,-69.0,,,,,,,,,
594,P070025,*CC(O*)C(C)(C)C,41.0,,,,,,,,,
595,P070026,*CC(COCC)O*,-61.0,,,,,,,,,
596,P070027,*CC(COCC=C)O*,-75.5,,,,,,,,,
597,P070029,*CC(COCCCC)O*,-79.0,,,,,,,,,
598,P070030,*CC(CCCCCC)O*,-67.0,,,,,,,,,
599,P070031,*CC(COCCCCCC)O*,-85.5,,,,,,,,,
600,P070032,*CC(O*)c1ccccc1,34.0,,0.181,,,,,,,
601,P070033,*CC(COc1ccccc1)O*,42.0,,,,,,,,,
602,P070055,*OC(F)(F)C(*)(F)F,-48.0,,,,,,,,,
603,P070056,*CCCO*,-73.6,,0.296,,,,,,,
604,P070057,*CC(C)(C)CO*,-50.0,,,,,,,,,
605,P070058,*CC(CO)(CO)CO*,99.0,,,,,,,,,
606,P070060,*CC(CCl)(CCl)CO*,6.5,,,,,,,,,
607,P070064,*CCCCO*,-80.0,,,,,22.5,170.0,36.0,8.85,21.5
608,P070066,*CCCCCCCCO*,-13.0,,,,,,,,,
609,P070074,*Oc1ccc(*)cc1,85.0,,,,,,,,,
610,P070075,*Oc1cccc(*)c1,53.0,,,,,,,,,
611,P070076,*Oc1c(C)cc(*)cc1C,212.0,,,,,,,,,
612,P070077,*Oc1c(C)cc(*)cc1C(C)CCC,100.0,,,,,,,,,
613,P070078,*Oc1c(C)cc(*)cc1C(C)CCCC,85.0,,,,,,,,,
614,P070079,*Oc1c(OC)cc(*)cc1OC,174.1,,,,,,,,,
615,P070080,*Oc1c(-c2ccccc2)cc(*)cc1-c1ccccc1,220.0,,,,,,,,,
616,P070089,*CCOCO*,-64.0,,,,,,,,,
617,P070090,*CCCCOCO*,-84.0,,,,,,,,,
618,P070091,*CCCCCOCO*,-80.0,,,,,,,,,
619,P070123,*CCCCSSCCCCO*,-76.0,,0.199,,,,,,,
620,P070124,*CCCCSSCCCCOCO*,-76.0,,0.196,,,,,,,
621,P070125,*CCSSCCOCO*,-57.5,,,,,,,,,
622,P070126,*CCSSCCO*,-53.0,,,,,,,,,
623,P070127,*CCSSSSCCO*,-40.0,,,,,,,,,
624,P070136,*CCOCCOC(=O)CCCCCCCC(=O)O*,-71.0,,,,,,,,,
625,P070137,*CCOCCOC(=O)CCCCCCCCC(=O)O*,-74.5,,0.229,,,,,,,
626,P070140,*C(=O)OCCOC(=O)c1ccc(*)o1,88.95,,,,,,,,,
627,P070141,*OC(C)COCC(C)OC(=O)c1ccccc1C(*)=O,25.0,,,,,,,,,
628,P070142,*CCOCCOC(=O)c1cccc(C(=O)O*)c1,16.0,,,,,,,,,
629,P070143,*CCOC(=O)c1ccc(O*)cc1,84.0,,,,,,,,,
630,P070158,*Oc1ccc(C(=O)OCCOC(=O)c2ccc(*)cc2)cc1,74.0,,,,,,,,,
631,P070163,*CCCCOc1ccc(C(=O)OCCOC(=O)c2ccc(O*)cc2)cc1,53.0,,,,,,,,,
632,P070167,*Oc1ccc(C(=O)OCCCCCOC(=O)c2ccc(*)cc2)cc1,26.0,,,,,,,,,
633,P070168,*Oc1ccc(C(=O)OCCCCCCOC(=O)c2ccc(*)cc2)cc1,15.0,,,,,,,,,
634,P070170,*CC(=O)NCCCCCCNC(=O)CO*,10.0,,,,,,,,,
635,P070181,*CCCNC(=O)CCCCC(=O)NCCCO*,34.0,,,,,,,,,
636,P070208,*CC(=O)NCCCCCCNC(=O)Cc1ccc(O*)cc1,69.5,,,,,,,,,
637,P070209,*CC(=O)NCCCCCCNC(=O)CCc1ccc(O*)cc1,72.0,,,,,,,,,
638,P070210,*CC(=O)NCCCCCCNC(=O)COc1ccc(O*)cc1,67.0,,,,,,,,,
639,P070211,*CCCNC(=O)c1ccc(C(=O)NCCCO*)cc1,72.0,,,,,,,,,
640,P070214,*CCCCC(=O)NCc1ccc(CNC(=O)CCCCO*)cc1,70.0,,,,,,,,,
641,P070218,*CCC(=O)NCc1cc(C)c(CNC(=O)CCO*)cc1C,80.0,,,,,,,,,
642,P070229,*Oc1ccc(C(=O)NCC(C)(C)CCCNC(=O)c2ccc(*)cc2)cc1,155.0,,,,,,,,,
643,P070231,*Oc1ccc(NC(=O)c2cccc(C(=O)Nc3ccc(*)cc3)c2)cc1,264.0,,,,,,,,,
644,P070232,*Oc1ccc(NC(=O)c2ccc(C(=O)Nc3ccc(*)cc3)cc2)cc1,240.5,,,,,,,,,
645,P070256,*CCOCCOC(=O)NCCCCCCNC(=O)O*,17.0,,,,,,,,,
646,P070258,*CCOCCOCCOC(=O)NCCCCCCNC(=O)O*,-6.5,,,,,,,,,
647,P070267,*CC(=O)OC(=O)COc1ccc(O*)cc1,70.0,,,,,,,,,
648,P070269,*COc1ccc(C(=O)OC(=O)c2ccc(O*)cc2)cc1,84.0,,,,,,,,,
649,P070271,*CCOc1ccc(C(=O)OC(=O)c2ccc(O*)cc2)cc1,45.0,,,,,,,,,
650,P070273,*CCCOc1cccc(C(=O)OC(=O)c2cccc(O*)c2)c1,53.0,,,,,,,,,
651,P070274,*CCCOc1ccc(C(=O)OC(=O)c2ccc(O*)cc2)cc1,95.0,,,,,,,,,
652,P070276,*CCCCOc1cccc(C(=O)OC(=O)c2cccc(O*)c2)c1,20.0,,,,,,,,,
653,P070277,*CCCCOc1ccc(C(=O)OC(=O)c2ccc(O*)cc2)cc1,45.0,,,,,,,,,
654,P070279,*CCCCCOc1ccc(C(=O)OC(=O)c2ccc(O*)cc2)cc1,53.0,,,,,,,,,
655,P070280,*CCCCCOc1cccc(C(=O)OC(=O)c2cccc(O*)c2)c1,61.0,,,,,,,,,
656,P070282,*CCCCCCOc1ccc(C(=O)OC(=O)c2ccc(O*)cc2)cc1,47.0,,,,,,,,,
657,P070283,*COCOc1ccc(C(=O)OC(=O)c2ccc(O*)cc2)cc1,57.0,,,,,,,,,
658,P070284,*CCOCCOc1ccc(C(=O)OC(=O)c2ccc(O*)cc2)cc1,41.0,,,,,,,,,
659,P070285,*CC(=O)OC(=O)COc1ccc(C(C)(C)c2ccc(O*)cc2)cc1,105.0,,,,,,,,,
660,P070305,*Oc1ccc(Oc2ccc(OC(*)=O)cc2)cc1,118.0,,,,,,,,,
661,P070306,*c1ccc(-c2ccc3nc(Oc4cc(-c5ccccc5)c5cc(*)ccc5n4)cc(-c4ccccc4)c3c2)cc1,300.0,,,,,,,,,
662,P070307,*c1ccc(-c2ccc(-c3ccc4nc(Oc5cc(-c6ccccc6)c6cc(*)ccc6n5)cc(-c5ccccc5)c4c3)cc2)cc1,308.0,,,,,,,,,
663,P070308,*c1ccc(Oc2ccc(-c3ccc4nc(Oc5cc(-c6ccccc6)c6cc(*)ccc6n5)cc(-c5ccccc5)c4c3)cc2)cc1,268.5,,,,,,,,,
664,P070309,*Oc1ccc(C(C)(C)c2ccc(Oc3ccc(*)nn3)cc2)cc1,180.0,,,,,,,,,
665,P070310,*c1ccc(Oc2ccc(-c3nc4ccc(-c5ccc6nc(*)c(-c7ccccc7)nc6c5)cc4nc3-c3ccccc3)cc2)cc1,306.0,,,,,,,,,
666,P070313,*O[Si](C)(C)O[Si](C)(C)O[Si](C)(C)O[Si](C)(C)O[Si](C)(C)c1ccc(Oc2ccc([Si](*)(C)C)cc2)cc1,-65.0,,,,,,,,,
667,P070314,*O[Si](C)(C)O[Si](C)(C)O[Si](C)(C)O[Si](C)(C)c1ccc(Oc2ccc([Si](*)(C)C)cc2)cc1,-52.0,,,,,,,,,
668,P070315,*O[Si](C)(C)O[Si](C)(C)O[Si](C)(C)c1ccc(Oc2ccc([Si](*)(C)C)cc2)cc1,-37.0,,,,,,,,,
669,P070316,*Oc1ccc(S(=O)(=O)c2ccc(*)cc2)cc1,225.0,,0.268,,,,,,,
670,P070317,*Oc1ccc(S(=O)(=O)c2ccc(Oc3ccc(C(C)(C)c4ccc(*)cc4)cc3)cc2)cc1,186.0,,0.204,,,,,,,
671,P070319,*CCOCCOC(=O)c1ccccc1C(=O)O*,-50.0,,,,,,,,,
672,P070321,*OC(*)CCCCCC,-116.0,,,,,,,,,
673,P070323,*CCOCCOC(=O)C(=O)O*,-28.0,,,,,,,,,
674,P070324,*CCOCCOC(=O)CC(=O)O*,-41.5,,,,,,,,,
675,P070325,*CCOCCOC(=O)C(C)C(=O)O*,-29.0,,,,,,,,,
676,P070326,*CCOCCOC(=O)C(CCC)C(=O)O*,-38.0,,,,,,,,,
677,P070327,*CCOCCOC(=O)C(CCCCC)C(=O)O*,-47.0,,,,,,,,,
678,P070328,*CCOCCOC(=O)C(CCCCCCC)C(=O)O*,-58.0,,,,,,,,,
679,P070329,*CCOCCOC(=O)C(CCCCCCCCC)C(=O)O*,-59.0,,0.224,,,,,,,
680,P070330,*CCOCCOC(=O)CCC(=O)O*,-38.2,,,,,,,,,
681,P070331,*CCOCCOC(=O)CCCC(=O)O*,-55.0,,,,,,,,,
682,P070332,*CCOCCOC(=O)CCCCC(=O)O*,-51.0,,,,,,,,,
683,P070333,*CCOCCOC(=O)CCCCCC(=O)O*,-41.5,,,,,,,,,
684,P070334,*CCOCCOC(=O)CCCCCCC(=O)O*,-66.0,,,,,,,,,
685,P070335,*CCOCCOC(=O)CCCCCCCCCCCCCCCCC(=O)O*,-68.0,,0.34850000000000003,,,,,,,
686,P070337,*CCOC(=O)c1ccc(C(C)(CC)c2ccc(C(=O)O*)cc2)cc1,95.0,,,,,,,,,
687,P070341,*c1ccc(Oc2ccc(-c3cnc4ccc(-c5ccc6nc(*)cnc6c5)cc4n3)cc2)cc1,280.0,,,,,,,,,
688,P070348,*c1ccc(Oc2ccc(Oc3ccc(-c4cnc5ccc(-c6ccc7ncc(*)nc7c6)cc5n4)cc3)cc2)cc1,235.0,,,,,,,,,
689,P070349,*c1ccc(Oc2ccc(Oc3ccc(Oc4ccc(-c5cnc6ccc(-c7ccc8ncc(*)nc8c7)cc6n5)cc4)cc3)cc2)cc1,216.0,,,,,,,,,
690,P070350,*c1ccc(-c2cnc3ccc(Oc4ccc5ncc(*)nc5c4)cc3n2)cc1,306.0,,,,,,,,,
691,P070351,*c1ccc(Oc2ccc(-c3cnc4ccc(Oc5ccc6nc(*)cnc6c5)cc4n3)cc2)cc1,270.0,,,,,,,,,
692,P070352,*c1ccc(-c2nc3cc(Oc4ccc5nc(-c6ccccc6)c(*)nc5c4)ccc3nc2-c2ccccc2)cc1,304.0,,,,,,,,,
693,P070353,*c1cccc(-c2nc3cc(Oc4ccc5nc(-c6ccccc6)c(*)nc5c4)ccc3nc2-c2ccccc2)c1,270.0,,,,,,,,,
694,P070355,*Oc1ccc(Oc2ccc(Oc3ccc(C(=O)c4ccc(*)cc4)cc3)cc2)cc1,150.5,,,,,,,,,
695,P070356,*Oc1ccc(S(=O)(=O)c2ccc(Oc3ccc(Cc4ccc(*)cc4)cc3)cc2)cc1,189.55,,,,,,,,,
696,P070357,*C(=O)c1ccc2nc(-c3ccccc3)c(-c3ccc(Oc4ccc(-c5nc6cc(*)ccc6nc5-c5ccccc5)cc4)cc3)nc2c1,271.0,,,,,,,,,
697,P070359,*c1ccc(Oc2ccc(-c3nc4cc(S(=O)(=O)c5ccc6nc(-c7ccccc7)c(*)nc6c5)ccc4nc3-c3ccccc3)cc2)cc1,290.0,,,,,,,,,
698,P070360,*c1ccc(Oc2ccc(Oc3ccc(Oc4ccc(-c5cnc6ccc(-c7ccc8nc(*)cnc8c7)cc6n5)cc4)cc3)cc2)cc1,216.0,,,,,,,,,
699,P070361,*c1ccc(Oc2ccc(Oc3ccc(-c4cnc5ccc(-c6ccc7nc(*)cnc7c6)cc5n4)cc3)cc2)cc1,235.0,,,,,,,,,
700,P070362,*c1ccc(Oc2ccc(-c3cnc4ccc(-c5ccc6ncc(*)nc6c5)cc4n3)cc2)cc1,305.0,,,,,,,,,
701,P070363,*c1ccc(-c2cnc3cc(Oc4ccc5nc(*)cnc5c4)ccc3n2)cc1,306.0,,,,,,,,,
702,P070364,*c1ccc(Oc2ccc(-c3cnc4cc5nc(*)cnc5cc4n3)cc2)cc1,353.0,,,,,,,,,
703,P070365,*c1ccc(Oc2ccc(-c3nc4cc(Oc5ccc6nc(-c7ccccc7)c(*)nc6c5)ccc4nc3-c3ccccc3)cc2)cc1,263.0,,,,,,,,,
704,P070366,*c1ccc(Oc2ccc(-c3nc4cc(-c5ccc6nc(-c7ccccc7)c(*)nc6c5)ccc4nc3-c3ccccc3)cc2)cc1,300.0,,,,,,,,,
705,P070367,*c1cccc(-c2nc3ccc(Oc4ccc5nc(*)c(-c6ccccc6)nc5c4)cc3nc2-c2ccccc2)c1,270.0,,,,,,,,,
706,P070368,*c1ccc(-c2nc3ccc(Oc4ccc5nc(*)c(-c6ccccc6)nc5c4)cc3nc2-c2ccccc2)cc1,304.0,,,,,,,,,
707,P070369,*CC(O)COc1ccc(C(C)(C)c2ccc(O*)cc2)cc1,91.0,,0.198,,,,,,,
708,P070370,*CC(O)COc1ccc(Cc2ccc(O*)cc2)cc1,143.2,,,,,,,,,
709,P070371,*CC(O)COc1ccc(S(=O)(=O)c2ccc(O*)cc2)cc1,167.5,,,,,,,,,
710,P070372,*OC(F)(F)C(F)(F)C(F)(F)C(*)(F)F,-55.0,,,,,,,,,
711,P070376,*CC(CCCCCCCCCC)O*,-41.0,,,,,,,,,
712,P070377,*CC(CC(Cl)(Cl)Cl)O*,-36.0,,,,,,,,,
713,P070378,*CCC(C)O*,-50.0,,,,,,,,,
714,P070379,*CC(C)CO*,-55.0,,,,,,,,,
715,P070381,*CC(CC)(CCl)CO*,20.0,,,,,,,,,
716,P070382,*CCOCC(CCl)O*,-40.0,,,,,,,,,
717,P070383,*CC(COC(F)(C(F)(F)F)C(F)(F)F)O*,-43.0,,,,,,,,,
718,P070384,*CC(O*)C1CC(F)(F)C1(F)F,-25.0,,,,,,,,,
719,P070385,*Oc1c(C)cc(*)cc1-c1ccccc1,180.0,,0.1935,,,,,,,
720,P070386,*Oc1c(-c2ccccc2)cc(*)cc1-c1ccc(C)cc1,218.0,,,,,,,,,
721,P070387,*Oc1c(-c2ccccc2)cc(*)cc1-c1ccc(C(C)(C)C)cc1,240.0,,,,,,,,,
722,P070388,*Oc1c(-c2ccccc2)cc(*)cc1-c1ccccc1-c1ccccc1,211.0,,,,,,,,,
723,P070390,*Oc1c(-c2ccccc2)cc(*)cc1-c1cccc2ccccc12,234.0,,,,,,,,,
724,P070391,*CC1CC(*)OCO1,68.0,,,,,,,0.93,0.018,0.024
725,P070394,*CC1CC(*)OC(CCC)O1,58.0,,,,,,,,,
726,P070395,*Oc1ccc(CC2(Cc3ccc(*)cc3)c3ccccc3-c3ccccc32)cc1,138.0,,,,,,,,,
727,P070396,*CC(O)COc1ccc(O*)cc1,60.0,,,,,,,,,
728,P070397,*CC(O)COc1ccc(C(C)CC(C)(C)c2ccc(O*)cc2)cc1,75.0,,,,,,,,,
729,P070398,*Oc1ccc(CC(Cc2ccc(*)cc2)(C(=O)OCC)C(=O)OCC)cc1,54.0,,,,,,,,,
730,P070399,*Oc1ccc(CC(C#N)(Cc2ccc(*)cc2)c2ccccc2)cc1,143.0,,,,,,,,,
731,P070400,*Oc1ccc(CC(C#N)(C#N)Cc2ccc(*)cc2)cc1,147.0,,,,,,,,,
732,P070402,*Oc1ccc(-c2ccc(OC(*)(Oc3ccccc3)Oc3ccccc3)cc2)cc1,112.0,,,,,,,,,
733,P070403,*Oc1ccc(-c2ccc(OC(*)(Oc3ccccc3)Oc3ccccc3)c(C)c2)cc1C,125.0,,,,,,,,,
734,P070404,*CC(O)COc1ccc(C2CC(C(C)C)CCC2(C)c2ccc(O*)cc2)cc1,175.0,,,,,,,,,
735,P070407,*CC(COc1ccc(C(C)(C)c2ccc(O*)cc2)cc1)OC(C)=O,60.0,,,,,,,,,
736,P070410,*CC(COc1ccc(C(C)(C)c2ccc(O*)cc2)cc1)OC(=O)CCl,65.0,,,,,,,,,
737,P070411,*CC(COc1ccc(C(C)(C)c2ccc(O*)cc2)cc1)OC(=O)CC,60.0,,,,,,,,,
738,P070412,*CC(COc1ccc(C(C)(C)c2ccc(O*)cc2)cc1)OC(=O)c1ccccc1,65.0,,,,,,,,,
739,P070413,*CC(COc1ccc(C(C)(C)c2ccc(O*)cc2)cc1)OC(=O)c1ccccc1Cl,66.0,,,,,,,,,
740,P070414,*Oc1ccc(C(C)(C)c2ccc(OC(*)(Oc3ccccc3)Oc3ccccc3)cc2)cc1,92.0,,,,,,,,,
741,P070416,*CC(O)COc1ccc(C(C)(C)c2ccc(O*)c(Cl)c2)cc1Cl,85.0,,,,,,,,,
742,P070417,*CC(O)COc1c(Cl)cc(C(C)(C)c2cc(Cl)c(O*)c(Cl)c2)cc1Cl,135.0,,0.1485,,,,,,,
743,P070418,*CC(COc1c(Cl)cc(C(C)(C)c2cc(Cl)c(O*)c(Cl)c2)cc1Cl)OC(C)=O,100.0,,,,,,,,,
744,P070419,*CC(O)COc1ccc(C(C)(CC)c2ccc(O*)cc2)cc1,95.0,,,,,,,,,
745,P070420,*CC(O)COc1ccc(C(C)(c2ccccc2)c2ccc(O*)cc2)cc1,115.0,,,,,,,,,
746,P070421,*CC(COc1ccc(C(C)(c2ccccc2)c2ccc(O*)cc2)cc1)OC(C)=O,110.0,,,,,,,,,
747,P070422,*CC(COc1ccc(C(C)(c2ccccc2)c2ccc(O*)cc2)cc1)OC(=O)c1ccccc1,126.0,,,,,,,,,
748,P070424,*CC(COc1ccc(O*)cc1)OC(C)=O,49.0,,,,,,,,,
749,P070425,*CCOCCOCCOc1ccc(/C=C(\C)c2ccc(O*)cc2)cc1,16.0,,,,,,,,,
750,P070426,*CCOCCOCCOCCOc1ccc(/C=C(\C)c2ccc(O*)cc2)cc1,7.5,,,,,,,,,
751,P070428,*OC1CCCCC1*,68.5,,0.16949999999999998,,,,,,,
752,P070429,*CC(O)COc1ccc(C(C)(C)C2CCC(C)(c3ccc(O*)cc3)CC2)cc1,135.0,,,,,,,,,
753,P070430,*CC(O)COc1ccc(C2(C)CC(C)(C)c3cc(O*)ccc32)cc1,120.0,,,,,,,,,
754,P070431,*CC(O)COc1ccc(C2CCCC(CC)(c3ccc(O*)cc3)C2)cc1,140.0,,,,,,,,,
755,P070432,*CC(COc1ccc(C2CCCC(CC)(c3ccc(O*)cc3)C2)cc1)OC(C)=O,107.0,,,,,,,,,
756,P070433,*Oc1ccc(C(=O)OCCCOC(=O)c2ccc(*)cc2)cc1,57.0,,,,,,,,,
757,P070434,*Oc1ccc(C(=O)OCCCCOC(=O)c2ccc(*)cc2)cc1,38.0,,,,,,,,,
758,P070442,*CCC(=O)NCc1c(C)c(C)c(CNC(=O)CCO*)c(C)c1C,191.0,,,,,,,,,
759,P070445,*CCOCCOCCOCCOC(=O)NCCCCCCNC(=O)O*,-17.0,,,,,,,,,
760,P070446,*CCOCCOCCOCCOCCOCCOC(=O)NCCCCCCNC(=O)O*,-31.0,,,,,,,,,
761,P070453,*Oc1cccc(Oc2cccc(OC(*)=O)c2)c1,71.0,,,,,,,,,
762,P070458,*c1ccc(Oc2ccc(-c3nnc(*)o3)cc2)cc1,240.0,,,,,,,,,
763,P070459,*c1ccc(Oc2ccc(C(C)(C)c3ccc(Oc4ccc(-c5nnc(*)o5)cc4)cc3)cc2)cc1,180.0,,,,,,,,,
764,P070460,*c1ccc(C2(c3ccc(-c4nnc(*)o4)cc3)OC(=O)c3ccccc32)cc1,380.0,,,,,,,,,
765,P070461,*c1ccc(-c2nnc(-c3cccc(-c4nnc(*)o4)c3)o2)cc1,278.0,,,,,,,,,
766,P070462,*CCCCCCCCc1nc2ccc(-c3ccc4nc(*)oc4c3)cc2o1,223.5,,,,,,,,,
767,P070464,*Oc1ccc(/N=N/c2ccc(Oc3ccc(C(C)(C)c4ccc(*)cc4)cc3)cc2)cc1,175.0,,,,,,,,,
768,P070466,*Oc1ccc(Oc2ccc(C(=O)c3ccc(*)cc3)cc2)cc1,147.5,,,,,,,,,
769,P070467,*Oc1ccc(C(C)(C)c2ccc(Oc3ccc(C(=O)c4ccc(*)cc4)cc3)cc2)cc1,155.0,,,,,,,,,
770,P070468,*Oc1ccc(C(c2ccc(Oc3ccc(C(=O)c4ccc(*)cc4)cc3)cc2)(C(F)(F)F)C(F)(F)F)cc1,175.0,,,,,,,,,
771,P070469,*Oc1ccc(C(C)(C)c2ccc(Oc3ccc(C(=O)c4ccc(C(=O)c5ccc(*)cc5)cc4)cc3)cc2)cc1,160.0,,,,,,,,,
772,P070470,*Oc1ccc(C2(C)CCC(C(C)(C)c3ccc(Oc4ccc(C(=O)c5ccc(*)cc5)cc4)cc3)CC2)cc1,200.0,,,,,,,,,
773,P070471,*Oc1cccc(S(=O)(=O)c2ccc(*)cc2)c1,175.0,,,,,,,,,
774,P070472,*Oc1ccc(S(=O)(=O)c2ccc(Oc3ccc(C(c4ccc(*)cc4)(C(F)(F)F)C(F)(F)F)cc3)cc2)cc1,199.7,,,,,,,,,
775,P070473,*Oc1ccc(S(=O)(=O)c2ccc(Oc3c(C)cc(C(C)(C)c4cc(C)c(*)c(C)c4)cc3C)cc2)cc1,231.3,,,,,,,,,
776,P070474,*Oc1ccc(S(=O)(=O)c2ccc(Oc3ccc(C(C)(C)c4ccc(*)c(Cl)c4)cc3Cl)cc2)cc1,205.0,,,,,,,,,
777,P070475,*Oc1ccc(S(=O)(=O)c2ccc(Oc3ccc(C(C)(c4ccccc4)c4ccc(*)cc4)cc3)cc2)cc1,207.0,,,,,,,,,
778,P070476,*Oc1c(-c2ccccc2)cc(*)cc1-c1cccc(C)c1,219.0,,,,,,,,,
779,P070477,*Oc1ccc(S(=O)(=O)c2ccc(Oc3ccc(C(C)(C)c4ccc(OCCCCOc5ccc(C(C)(C)c6ccc(*)cc6)cc5)cc4)cc3)cc2)cc1,140.0,,,,,,,,,
780,P070479,*Oc1ccc(S(=O)(=O)c2ccc(-c3ccc(S(=O)(=O)c4ccc(*)cc4)cc3)cc2)cc1,282.0,,,,,,,,,
781,P070480,*Oc1ccc(S(=O)(=O)c2ccc(Oc3ccc(-c4ccc(*)cc4)cc3)cc2)cc1,221.0,,,,,,,,,
782,P070481,*Oc1ccc(Oc2ccc(S(=O)(=O)c3ccc(*)cc3)cc2)cc1,210.0,,,,,,,,,
783,P070482,*Oc1ccc(Oc2ccc(Oc3ccc(S(=O)(=O)c4ccc(*)cc4)cc3)cc2)cc1,192.0,,,,,,,,,
784,P070483,*Oc1ccc(S(=O)(=O)c2ccc(Oc3ccc(Sc4ccc(*)cc4)cc3)cc2)cc1,175.0,,,,,,,,,
785,P070486,*c1ccc2oc3ccc(S(*)(=O)=O)cc3c2c1,360.0,,,,,,,,,
786,P070487,*c1ccc2oc3ccc(S(=O)(=O)c4ccc(Oc5ccc(S(*)(=O)=O)cc5)cc4)cc3c2c1,290.0,,,,,,,,,
787,P070488,*Oc1ccc(S(=O)(=O)c2ccc(Oc3ccc(C4CCCC(C(C)c5ccc(*)cc5)C4)cc3)cc2)cc1,230.0,,,,,,,,,
788,P070489,*Oc1ccc(S(=O)(=O)c2ccc(Oc3ccc(C(c4ccccc4)(c4ccccc4)c4ccc(*)cc4)cc3)cc2)cc1,230.0,,,,,,,,,
789,P070490,*Oc1ccc(S(=O)(=O)c2ccc(Oc3ccc(C4(c5ccc(*)cc5)CC5CCC4C5)cc3)cc2)cc1,250.0,,,,,,,,,
790,P070491,*Oc1ccc(S(=O)(=O)c2ccc3ccc(S(=O)(=O)c4ccc(*)cc4)cc3c2)cc1,250.0,,,,,,,,,
791,P070492,*Oc1ccc(S(=O)(=O)c2ccc(Oc3ccc(C(c4ccc(*)cc4)C(C)C)cc3)cc2)cc1,200.0,,,,,,,,,
792,P070500,*Oc1ccc(S(=O)(=O)c2ccc(Oc3ccc(C(=O)c4ccc(*)cc4)cc3)cc2)cc1,205.0,,,,,,,,,
793,P070502,*Oc1ccc(S(=O)(=O)N(C)CCCCN(C)S(=O)(=O)c2ccc(Oc3ccc(C(C)(C)c4ccc(*)cc4)cc3)cc2)cc1,120.0,,,,,,,,,
794,P070504,*CC(CC)(CC)CO*,-30.0,,,,,,,,,
795,P070505,*CCOCCOCCOCCOCCOc1ccc(/C=C(\C)c2ccc(O*)cc2)cc1,17.0,,,,,,,,,
796,P070506,*Oc1ccc(S(=O)c2ccc(Oc3ccc(C(C)(C)c4ccc(*)cc4)cc3)cc2)cc1,165.0,,,,,,,,,
797,P070523,*CCCCCCCOc1ccc(-c2ccc(O*)c3ccccc23)c2ccccc12,129.5,,,,,,,,,
798,P070524,*CCCCCCOc1ccc(-c2ccc(O*)c3ccccc23)c2ccccc12,109.0,,,,,,,,,
799,P070525,*CCCCCOc1ccc(-c2ccc(O*)c3ccccc23)c2ccccc12,151.0,,,,,,,,,
800,P070526,*CCCCOc1ccc(-c2ccc(O*)c3ccccc23)c2ccccc12,130.0,,,,,,,,,
801,P070527,*CCCOc1ccc(-c2ccc(O*)c3ccccc23)c2ccccc12,182.0,,,,,,,,,
802,P070529,*CCOCCOCCOC(=O)CCCCC(=O)O*,-49.0,,,,,,,,,
803,P070533,*CCOCCOCCOC(=O)c1ccc(-c2ccc(C(=O)O*)cc2)cc1,20.0,,,,,,,,,
804,P070538,*CCOCCOCCOC(=O)CCCCCC(=O)O*,-44.5,,,,,,,,,
805,P070549,*OC(CCl)C(*)CCl,95.0,,,,,,,,,
806,P070561,*CCOCC(=O)O*,-12.6,,,,,,,,,
807,P070562,*CCCCCCCC(=O)OCC1(C)COC(*)OC1,-26.0,,,,,,,,,
808,P070563,*CCCCCCCC(=O)OCCCCC1COC(*)O1,-44.0,,,,,,,,,
809,P070564,*CC(O)CO*,17.0,,,,,,,,,
810,P070565,*CCOCCOC(=O)c1ccccc1-c1ccccc1C(=O)O*,17.0,,,,,,,,,
811,P070567,*CCOCCOC(=O)c1ccc(-c2ccc(C(=O)O*)cc2)cc1,50.0,,,,,,,,,
812,P070572,*CCOCCOC(=O)c1ccc(C(=O)O*)cc1,21.9,,,,,,,,,
813,P070574,*Oc1cccc(NC(=O)CCCCC(=O)Nc2ccc(*)cc2)c1,160.0,,,,,,,,,
814,P070575,*Oc1ccc(NC(=O)CCCCC(=O)Nc2ccc(*)cc2)cc1,230.0,,,,,,,,,
815,P070576,*Oc1cccc(NC(=O)CCCCCCCC(=O)Nc2ccc(*)cc2)c1,120.0,,,,,,,,,
816,P070577,*Oc1ccc(NC(=O)CCCCCCCC(=O)Nc2ccc(*)cc2)cc1,160.0,,,,,,,,,
817,P070578,*Oc1cccc(NC(=O)CCCCCCCCCCC(=O)Nc2ccc(*)cc2)c1,110.0,,0.319,,,,,,,
818,P070579,*Oc1ccc(NC(=O)CCCCCCCCCCC(=O)Nc2ccc(*)cc2)cc1,150.0,,,,,,,,,
819,P070583,*Oc1cccc(NC(=O)CCCCCC(=O)Nc2ccc(*)cc2)c1,130.0,,,,,,,,,
820,P070584,*Oc1ccc(NC(=O)CCCCCC(=O)Nc2ccc(*)cc2)cc1,180.0,,,,,,,,,
821,P070585,*Oc1cccc(NC(=O)CCCCCCCCC(=O)Nc2ccc(*)cc2)c1,125.0,,,,,,,,,
822,P070586,*Oc1ccc(NC(=O)CCCCCCCCC(=O)Nc2ccc(*)cc2)cc1,160.0,,,,,,,,,
823,P070587,*Oc1cccc(NC(=O)CCCCCCC(=O)Nc2ccc(*)cc2)c1,140.0,,,,,,,,,
824,P070588,*Oc1ccc(NC(=O)CCCCCCC(=O)Nc2ccc(*)cc2)cc1,180.0,,,,,,,,,
825,P070589,*Oc1cccc(NC(=O)CCCCCCCCCC(=O)Nc2ccc(*)cc2)c1,110.0,,,,,,,,,
826,P070590,*Oc1ccc(NC(=O)CCCCCCCCCC(=O)Nc2ccc(*)cc2)cc1,150.0,,0.3745,,,,,,,
827,P070591,*Oc1ccc(C(=O)c2cccc(C(=O)c3ccc(*)c(CC)c3)c2)cc1CC,126.0,,,,,,,,,
828,P070592,*Oc1c(C(C)C)cc(C(=O)c2cccc(C(=O)c3ccc(*)cc3)c2)cc1C(C)C,132.0,,,,,,,,,
829,P070593,*Oc1ccc(C(=O)c2cccc(C(=O)c3ccc(*)c(C(C)C)c3)c2)cc1CC,136.0,,,,,,,,,
830,P070594,*Oc1ccc(C(=O)c2cccc(C(=O)c3ccc(*)c(C(C)C)c3)c2)cc1C,147.0,,,,,,,,,
831,P070595,*Oc1ccc(C(=O)c2ccc(C(=O)c3ccc(*)c(C(C)C)c3)cc2)cc1C,149.0,,,,,,,,,
832,P070596,*c1ccc(-c2ccc(-c3cc(-c4ccc(Oc5ccc(-c6cc(*)nc7ccccc67)cc5)cc4)c4ccccc4n3)cc2)cc1,326.0,,,,,,,,,
833,P070597,*c1ccc(-c2ccc(-c3nc4ccccc4c(-c4ccc(Oc5ccc(-c6c(-c7ccccc7)c(*)nc7ccccc67)cc5)cc4)c3-c3ccccc3)cc2)cc1,345.0,,,,,,,,,
834,P070598,*c1ccc(Oc2ccc(-c3nc4ccc(Oc5ccc6nc(*)c(-c7ccccc7)c(-c7ccccc7)c6c5)cc4c(-c4ccccc4)c3-c3ccccc3)cc2)cc1,305.0,,,,,,,,,
835,P070600,*c1ccc(-c2nc3ccc(Oc4ccc5nc(*)c(-c6ccccc6)c(-c6ccccc6)c5c4)cc3c(-c3ccccc3)c2-c2ccccc2)cc1,345.0,,0.27,,,,,,,
836,P070601,*c1ccc(Oc2ccc(-c3cc(-c4ccccc4)c4cc(Oc5ccc6nc(*)cc(-c7ccccc7)c6c5)ccc4n3)cc2)cc1,266.0,,,,,,,,,
837,P070602,*c1ccc(-c2ccc(-c3nc4ccc(Oc5ccc6nc(*)c(-c7ccccc7)c(-c7ccccc7)c6c5)cc4c(-c4ccccc4)c3-c3ccccc3)cc2)cc1,351.0,,,,,,,,,
838,P070623,*OC(F)(F)COC(=O)c1cccc(C(F)(F)C(F)(F)C(F)(F)c2cccc(C(=O)OCC(*)(F)F)c2)c1,30.0,,,,,,,,,
839,P070624,*OC(F)(F)COC(=O)c1cccc(C(=O)OCC(*)(F)F)c1,28.0,,,,,,,,,
840,P070625,*OC(F)(F)COC(=O)c1cc(OCCCCC)cc(C(=O)OCC(*)(F)F)c1,14.0,,,,,,,,,
841,P070626,*Oc1cccc(C(=O)OCC(F)(F)C(F)(F)C(F)(F)COC(=O)c2cccc(*)c2)c1,20.0,,,,,,,,,
842,P070627,*Oc1ccc(Oc2ccc(OC(=O)c3cccc(C(*)=O)c3)cc2)cc1,164.5,,,,,,,,,
843,P070628,*Oc1ccc(Oc2ccc(OC(=O)c3cc(OCCCCC)cc(C(*)=O)c3)cc2)cc1,126.0,,,,,,,,,
844,P070629,*ON(C(F)(F)C(*)(F)F)C(F)(F)C(F)(F)Br,-17.0,,,,,,,,,
845,P070631,*ON(C(F)(F)F)C(F)(F)C(*)(F)F,-46.0,,0.0905,,,,,,,
846,P070634,*Oc1ccc(S(=O)(=O)c2ccc(Oc3ccc(C4(c5ccc(*)cc5)CCCCC4)cc3)cc2)cc1,226.0,,,,,,,,,
847,P070635,*c1ccc(-c2ccc(-c3nc4cc(Oc5ccc6nc(-c7ccccc7)c(*)nc6c5)ccc4nc3-c3ccccc3)cc2)cc1,410.0,,,,,,,,,
848,P070636,*c1ccc(-c2nc3cc(Oc4ccc5nc(*)c(-c6ccccc6)nc5c4)ccc3nc2-c2ccccc2)cc1,326.0,,,,,,,,,
849,P070637,*c1ccc(Oc2ccc(-c3nc4cc(Oc5ccc6nc(*)c(-c7ccccc7)nc6c5)ccc4nc3-c3ccccc3)cc2)cc1,243.0,,,,,,,,,
850,P070638,*c1ccc(Oc2ccc(-c3nc4ccc(Oc5ccc6nc(*)c(-c7ccccc7)nc6c5)cc4nc3-c3ccccc3)cc2)cc1,437.0,,,,,,,,,
851,P070639,*c1ccc(Oc2ccc(-c3nc4cc(-c5ccc6nc(*)c(-c7ccccc7)nc6c5)ccc4nc3-c3ccccc3)cc2)cc1,292.5,,,,,,,,,
852,P070640,*c1ccc(-c2ccc(-c3cnc4cc(Oc5ccc6nc(*)cnc6c5)ccc4n3)cc2)cc1,390.0,,,,,,,,,
853,P070641,*c1ccc(Oc2ccc(-c3ccc(Oc4ccc(-c5cnc6cc(-c7ccc8nc(*)cnc8c7)ccc6n5)cc4)cc3)cc2)cc1,213.0,,,,,,,,,
854,P070642,*c1ccc(Oc2ccc(-c3cnc4cc(-c5ccc6nc(*)cnc6c5)ccc4n3)cc2)cc1,334.0,,,,,,,,,
855,P070643,*c1ccc(Oc2ccc(Oc3ccc(-c4cnc5cc(-c6ccc7nc(*)cnc7c6)ccc5n4)cc3)cc2)cc1,195.0,,,,,,,,,
856,P070644,*c1ccc(Oc2ccc(Oc3ccc(Oc4ccc(-c5cnc6cc(-c7ccc8nc(*)cnc8c7)ccc6n5)cc4)cc3)cc2)cc1,133.0,,,,,,,,,
857,P070645,*c1ccc(Oc2ccc(-c3cnc4cc(Oc5ccc6nc(*)cnc6c5)ccc4n3)cc2)cc1,382.0,,,,,,,,,
858,P070646,*Oc1ccc(NC(=O)c2cc(C(=O)Nc3ccc(*)cc3)c(C(=O)O)cc2C(=O)O)cc1,207.4,,,,,,,,,
859,P070648,*CCCCCCCC(=O)OCCOC(=O)CCCCCCCC1OCC2(COC(*)OC2)CO1,0.0,,,,,,,,,
860,P070649,*c1ccc(Oc2ccc(-c3cnc4cc5ncc(*)nc5cc4n3)cc2)cc1,353.0,,,,,,,,,
861,P070651,*ON(C(F)(F)F)C(F)(Br)C(*)(F)F,3.0,,,,,,,,,
862,P070653,*ON(C(F)(F)F)C(F)(C(*)(F)F)C(F)(F)F,-9.0,,,,,,,,,
863,P070656,*CC(CO*)C(C)(C)C,-4.0,,,,,,,,,
864,P070657,*CC(C)(CC)CO*,-47.0,,,,,,,,,
865,P070661,*CC(C)(CO)CO*,62.0,,,,,,,,,
866,P070666,*Oc1ccc(C(=O)c2ccc(C(=O)c3ccc(*)cc3)cc2)cc1,157.0,,,,,,,,,
867,P070667,*Oc1ccc(Oc2ccc(C(=O)c3cccc(C(=O)c4ccc(*)cc4)c3)cc2)cc1,148.0,,,,,,,,,
868,P070668,*Oc1ccc(-c2ccc(Oc3ccc(C(=O)c4cccc(C(=O)c5ccc(*)cc5)c4)cc3)cc2)cc1,159.0,,,,,,,,,
869,P070669,*Oc1ccc(C(=O)c2ccc(Oc3ccc(C(=O)c4cccc(C(=O)c5ccc(*)cc5)c4)cc3)cc2)cc1,152.0,,,,,,,,,
870,P070670,*Oc1ccc(S(=O)(=O)c2ccc(Oc3ccc(C(=O)c4cccc(C(=O)c5ccc(*)cc5)c4)cc3)cc2)cc1,178.0,,,,,,,,,
871,P070671,*Oc1ccc(Oc2ccc(S(=O)(=O)c3ccc(-c4ccc(-c5ccc(S(=O)(=O)c6ccc(*)cc6)cc5)cc4)cc3)cc2)cc1,259.0,,,,,,,,,
872,P070672,*Oc1ccc(S(=O)(=O)c2ccc(-c3ccc(-c4ccc(S(=O)(=O)c5ccc(Oc6ccc(-c7ccc(*)cc7)cc6)cc5)cc4)cc3)cc2)cc1,264.0,,,,,,,,,
873,P070673,*Oc1ccc(S(=O)(=O)c2ccc(Oc3ccc(S(=O)(=O)c4ccc(-c5ccc(-c6ccc(S(=O)(=O)c7ccc(*)cc7)cc6)cc5)cc4)cc3)cc2)cc1,281.0,,,,,,,,,
874,P070674,*Oc1ccc(S(=O)(=O)c2ccc(-c3ccc(-c4ccc(S(=O)(=O)c5ccc(*)cc5)cc4)cc3)cc2)cc1,311.0,,,,,,,,,
875,P070675,*Oc1ccc(S(=O)(=O)c2ccc(Oc3ccc(-c4ccc(-c5ccc(*)cc5)cc4)cc3)cc2)cc1,251.0,,,,,,,,,
876,P070676,*Oc1ccc(S(=O)(=O)c2ccc(-c3ccc(S(=O)(=O)c4ccc(Oc5ccc(-c6ccc(-c7ccc(*)cc7)cc6)cc5)cc4)cc3)cc2)cc1,263.0,,,,,,,,,
877,P070677,*Oc1ccc(-c2ccc(-c3ccc(Oc4ccc(C(=O)c5cccc(C(=O)c6ccc(*)cc6)c5)cc4)cc3)cc2)cc1,174.0,,,,,,,,,
878,P070678,*Oc1ccc(C(=O)c2cccc(C(=O)c3ccc(*)cc3)c2)cc1,139.0,,,,,,,,,
879,P070685,*Oc1ccc(S(=O)(=O)c2ccc(Oc3ccc(C(=O)c4ccc(-c5ccc(C(=O)c6ccc(*)cc6)cc5)cc4)cc3)cc2)cc1,207.0,,,,,,,,,
880,P070686,*CCCOCCCOC(=O)c1ccc(-c2ccc(C(=O)O*)cc2)cc1,18.5,,,,,,,,,
881,P070688,*Oc1ccc(C(C)(C)c2ccc(Oc3ccc(C(=O)c4ccccc4-c4ccccc4C(=O)c4ccc(*)cc4)cc3)cc2)cc1,172.0,,,,,,,,,
882,P070689,*Oc1ccc(C(c2ccc(Oc3ccc(C(=O)c4ccccc4-c4ccccc4C(=O)c4ccc(*)cc4)cc3)cc2)(C(F)(F)F)C(F)(F)F)cc1,178.5,,,,,,,,,
883,P070690,*Oc1ccc(-c2ccc(Oc3ccc(C(=O)c4ccccc4-c4ccccc4C(=O)c4ccc(*)cc4)cc3)cc2)cc1,193.0,,,,,,,,,
884,P070691,*Oc1ccc(Oc2ccc(C(=O)c3ccccc3-c3ccccc3C(=O)c3ccc(*)cc3)cc2)cc1,175.0,,0.2205,,,,,,,
885,P070692,*Oc1ccc(C(=O)c2ccccc2)c(-c2cc(Oc3ccc(C(C)(C)c4ccc(*)cc4)cc3)ccc2C(=O)c2ccccc2)c1,156.0,,,,,,,,,
886,P070693,*Oc1ccc(C(=O)c2ccccc2)c(-c2cc(Oc3ccc(C(c4ccc(*)cc4)(C(F)(F)F)C(F)(F)F)cc3)ccc2C(=O)c2ccccc2)c1,164.0,,,,,,,,,
887,P070694,*Oc1ccc(C(=O)c2ccccc2)c(-c2cc(Oc3ccc(-c4ccc(*)cc4)cc3)ccc2C(=O)c2ccccc2)c1,174.0,,,,,,,,,
888,P070695,*Oc1ccc(Oc2ccc(C(=O)c3ccccc3)c(-c3cc(*)ccc3C(=O)c3ccccc3)c2)cc1,156.0,,,,,,,,,
889,P070696,*Oc1ccc(Oc2ccc(C(=O)c3cccc(-c4cccc(C(=O)c5ccc(*)cc5)c4)c3)cc2)cc1,154.0,,,,,,,,,
890,P070700,*Oc1ccc(Oc2ccc(C(=O)c3ccc(*)cc3)cc2)cc1C(C)(C)C,177.0,,,,,,,,,
891,P070701,*Oc1ccc(Oc2ccc(C(=O)c3ccc(*)cc3)cc2)cc1C,151.0,,,,,,,,,
892,P070702,*Oc1ccc(C(=O)Nc2cc(SCCC#N)c(NC(=O)c3ccc(*)cc3)cc2SCCC#N)cc1,158.0,,,,,,,,,
893,P070703,*c1ccc(Oc2ccc(-c3nc4cc5sc(*)nc5cc4s3)cc2)cc1,350.0,,,,,,,,,
894,P070709,*CNC(=O)OCc1ccc(COC(=O)NCc2ccc(C(C)(C)c3ccc(*)o3)o2)o1,55.0,,,,,,,,,
895,P070710,*CNC(=O)OCC(OC(=O)NCc1ccc(C(C)(C)c2ccc(*)o2)o1)c1ccco1,20.0,,,,,,,,,
896,P070711,*CNC(=O)OCc1ccc(COCc2ccc(COC(=O)NCc3ccc(C(C)(C)c4ccc(*)o4)o3)o2)o1,39.0,,,,,,,,,
897,P070712,*COC(=O)Nc1ccc(Cc2ccc(NC(=O)OCc3ccc(*)o3)cc2)cc1,81.0,,,,,,,,,
898,P070713,*CNC(=O)OCc1cocc1COC(=O)NCc1ccc(C(C)(C)c2ccc(*)o2)o1,25.0,,,,,,,,,
899,P070714,*COC(=O)NCc1ccc(CNC(=O)OCc2ccc(*)o2)o1,75.0,,,,,,,,,
900,P070715,*CNC(=O)OCC(OC(=O)NCc1ccc(*)o1)c1ccco1,30.0,,,,,,,,,
901,P070716,*COC(=O)NCCCCCCNC(=O)OCc1ccc(*)o1,33.0,,,,,,,,,
902,P070717,*CNC(=O)OC(c1ccco1)C(OC(=O)NCc1ccc(C(C)(C)c2ccc(*)o2)o1)c1ccco1,45.0,,,,,,,,,
903,P070718,*CNC(=O)OCCOC(=O)NCc1ccc(C(C)(C)c2ccc(*)o2)o1,50.0,,,,,,,,,
904,P070719,*CNC(=O)OCC(OC(=O)NCc1ccc(C(CCC)c2ccc(*)o2)o1)c1ccco1,43.0,,,,,,,,,
905,P070720,*c1ccc(Oc2ccc(C(C)(C)c3ccc(Oc4ccc(S(*)(=O)=O)cc4)cc3)cc2)s1,161.85,,,,,,,,,
906,P070721,*Oc1ccc(C(c2ccc(Oc3ccc(C(=O)Nc4ccc(NC(=O)c5ccc(*)cc5)cc4)cc3)cc2)(C(F)(F)F)C(F)(F)F)cc1,218.0,,,,,,,,,
907,P070722,*Oc1ccc(C(C)(C)c2ccc(Oc3ccc(C(=O)Nc4ccc(NC(=O)c5ccc(*)cc5)cc4)cc3)cc2)cc1,230.0,,,,,,,,,
908,P070723,*Oc1ccc(C(c2ccccc2)(c2ccccc2)c2ccc(Oc3ccc(C(=O)Nc4ccc(NC(=O)c5ccc(*)cc5)cc4)cc3)cc2)cc1,254.0,,,,,,,,,
909,P070724,*Oc1ccc(C(C)(C)c2ccc(Oc3ccc(C(=O)Nc4cccc(NC(=O)c5ccc(*)cc5)c4)cc3)cc2)cc1,214.0,,,,,,,,,
910,P070725,*Oc1ccc(C(C)(C)c2ccc(Oc3ccc(C(=O)Nc4ccc(-c5ccc(NC(=O)c6ccc(*)cc6)cc5C(F)(F)F)c(C(F)(F)F)c4)cc3)cc2)cc1,250.0,,0.2685,,,,,,,
911,P070726,*Oc1ccc(C(c2ccc(Oc3ccc(C(=O)Nc4ccc(-c5ccc(NC(=O)c6ccc(*)cc6)cc5C(F)(F)F)c(C(F)(F)F)c4)cc3)cc2)(C(F)(F)F)C(F)(F)F)cc1,240.0,,,,,,,,,
912,P070727,*c1ccc(-c2ccc(-n3c(-c4ccc(Oc5ccc(S(=O)(=O)c6ccc(Oc7ccc(-c8nc9ccccc9n8*)cc7)cc6)cc5)cc4)nc4ccccc43)cc2)cc1,289.0,,,,,,,,,
913,P070728,*c1ccc(Oc2ccc(S(=O)(=O)c3ccc(Oc4ccc(-c5nc6ccccc6n5-c5ccc(-n6c(*)nc7ccccc76)cc5)cc4)cc3)cc2)cc1,270.0,,,,,,,,,
914,P070729,*c1ccc(-c2ccc(-n3c(-c4ccc(Oc5ccc(C(=O)c6ccc(Oc7ccc(-c8nc9ccccc9n8*)cc7)cc6)cc5)cc4)nc4ccccc43)cc2)cc1,268.0,,,,,,,,,
915,P070730,*c1ccc(Oc2ccc(C(=O)c3ccc(Oc4ccc(-c5nc6ccccc6n5-c5ccc(-n6c(*)nc7ccccc76)cc5)cc4)cc3)cc2)cc1,242.0,,,,,,,,,
916,P070731,*c1ccc(-c2ccc(-n3c(-c4ccc(Oc5ccc(C(=O)c6ccc(C(=O)c7ccc(Oc8ccc(-c9nc%10ccccc%10n9*)cc8)cc7)cc6)cc5)cc4)nc4ccccc43)cc2)cc1,259.0,,,,,,,,,
917,P070732,*c1ccc(Oc2ccc(C(=O)c3ccc(C(=O)c4ccc(Oc5ccc(-c6nc7ccccc7n6-c6ccc(-n7c(*)nc8ccccc87)cc6)cc5)cc4)cc3)cc2)cc1,238.0,,,,,,,,,
918,P070733,*c1ccc(-c2ccc(-n3c(-c4ccc(Oc5ccc(C(=O)c6cccc(C(=O)c7ccc(Oc8ccc(-c9nc%10ccccc%10n9*)cc8)cc7)c6)cc5)cc4)nc4ccccc43)cc2)cc1,244.0,,,,,,,,,
919,P070734,*c1ccc(Oc2ccc(C(=O)c3cccc(C(=O)c4ccc(Oc5ccc(-c6nc7ccccc7n6-c6ccc(-n7c(*)nc8ccccc87)cc6)cc5)cc4)c3)cc2)cc1,219.0,,,,,,,,,
920,P070735,*c1ccc(-c2ccc(-n3c(-c4ccc(Oc5ccc(C(=O)c6ccc(Oc7ccc(C(=O)c8ccc(Oc9ccc(-c%10nc%11ccccc%11n%10*)cc9)cc8)cc7)cc6)cc5)cc4)nc4ccccc43)cc2)cc1,243.0,,,,,,,,,
921,P070736,*c1ccc(Oc2ccc(C(=O)c3ccc(Oc4ccc(C(=O)c5ccc(Oc6ccc(-c7nc8ccccc8n7-c7ccc(-n8c(*)nc9ccccc98)cc7)cc6)cc5)cc4)cc3)cc2)cc1,223.0,,,,,,,,,
922,P070742,*C1(F)OC(C(F)(F)F)(C(F)(F)Cl)OC1(*)F,330.0,,,,,,,,,
923,P070743,*C1OC(C(F)(F)F)(C(F)(F)F)OC1(*)F,256.0,,,,,,,,,
924,P074245,*Oc1ccc(NC(=O)c2cc(C(=O)Nc3ccc(*)cc3)cc(C(F)(F)C(F)(F)C(F)(F)C(F)(F)F)c2)cc1,257.0,,,,,,,,,
925,P074246,*Oc1cccc(NC(=O)c2cc(C(=O)Nc3ccc(*)cc3)cc(C(F)(F)C(F)(F)C(F)(F)C(F)(F)F)c2)c1,230.0,,,,,,,,,
926,P074247,*Oc1ccc(NC(=O)c2cc(C(=O)Nc3ccc(*)cc3)cc(C(F)(F)C(F)(F)C(F)(F)C(F)(F)C(F)(F)C(F)(F)C(F)(F)C(F)(F)F)c2)cc1,230.0,,,,,,,,,
927,P074248,*Oc1cccc(NC(=O)c2cc(C(=O)Nc3ccc(*)cc3)cc(C(F)(F)C(F)(F)C(F)(F)C(F)(F)C(F)(F)C(F)(F)C(F)(F)C(F)(F)F)c2)c1,210.0,,,,,,,,,
928,P074249,*Oc1cccc(NC(=O)c2cccc(C(=O)Nc3ccc(*)cc3)c2)c1,240.0,,,,,,,,,
929,P074253,*c1cccc(N2C(=O)c3ccc(Oc4cccc5c(Oc6ccc7c(c6)C(=O)N(*)C7=O)cccc45)cc3C2=O)c1,260.0,,,,,,,,,
930,P074254,*CCCCCCCCCCOc1ccc(OC(=O)c2ccc(OCCOCCOCCOc3ccc(C(=O)Oc4ccc(O*)cc4)cc3)cc2)cc1,64.0,,,,,,,,,
931,P074256,*c1cccc(N2C(=O)c3ccc(Oc4cc5ccccc5cc4Oc4ccc5c(c4)C(=O)N(*)C5=O)cc3C2=O)c1,237.0,,,,,,,,,
932,P074257,*c1cccc(N2C(=O)c3ccc(Oc4ccc5cc(Oc6ccc7c(c6)C(=O)N(*)C7=O)ccc5c4)cc3C2=O)c1,230.0,,,,,,,,,
933,P074258,*c1cccc(N2C(=O)c3ccc(Oc4ccc5ccc(Oc6ccc7c(c6)C(=O)N(*)C7=O)cc5c4)cc3C2=O)c1,254.0,,,,,,,,,
934,P074259,*c1ccc(Oc2ccc(N3C(=O)c4ccc(Oc5cccc6c(Oc7ccc8c(c7)C(=O)N(*)C8=O)cccc56)cc4C3=O)cc2)cc1,240.0,,,,,,,,,
935,P074260,*c1ccc(Oc2ccc(N3C(=O)c4ccc(Oc5cc6ccccc6cc5Oc5ccc6c(c5)C(=O)N(*)C6=O)cc4C3=O)cc2)cc1,220.5,,,,,,,,,
936,P074262,*c1ccc(Oc2ccc(N3C(=O)c4ccc(Oc5ccc6ccc(Oc7ccc8c(c7)C(=O)N(*)C8=O)cc6c5)cc4C3=O)cc2)cc1,245.0,,,,,,,,,
937,P074263,*c1ccc(Oc2cccc(N3C(=O)c4ccc(Oc5cccc6c(Oc7ccc8c(c7)C(=O)N(*)C8=O)cccc56)cc4C3=O)c2)cc1,235.0,,,,,,,,,
938,P074264,*c1ccc(Oc2cccc(N3C(=O)c4ccc(Oc5cc6ccccc6cc5Oc5ccc6c(c5)C(=O)N(*)C6=O)cc4C3=O)c2)cc1,226.0,,,,,,,,,
939,P074265,*c1ccc(Oc2cccc(N3C(=O)c4ccc(Oc5ccc6cc(Oc7ccc8c(c7)C(=O)N(*)C8=O)ccc6c5)cc4C3=O)c2)cc1,225.0,,,,,,,,,
940,P074266,*c1ccc(Oc2cccc(N3C(=O)c4ccc(Oc5ccc6ccc(Oc7ccc8c(c7)C(=O)N(*)C8=O)cc6c5)cc4C3=O)c2)cc1,221.0,,,,,,,,,
941,P074267,*c1ccc(C(C)(C)c2ccc(N3C(=O)c4ccc(Oc5cccc6c(Oc7ccc8c(c7)C(=O)N(*)C8=O)cccc56)cc4C3=O)cc2)cc1,265.0,,,,,,,,,
942,P074268,*c1ccc(C(C)(C)c2ccc(N3C(=O)c4ccc(Oc5ccc6cc(Oc7ccc8c(c7)C(=O)N(*)C8=O)ccc6c5)cc4C3=O)cc2)cc1,236.0,,,,,,,,,
943,P074269,*c1ccc(C(C)(C)c2ccc(N3C(=O)c4ccc(Oc5ccc6ccc(Oc7ccc8c(c7)C(=O)N(*)C8=O)cc6c5)cc4C3=O)cc2)cc1,247.0,,,,,,,,,
944,P074270,*c1ccc(C(C)(C)c2ccc(C(C)(C)c3ccc(N4C(=O)c5ccc(Oc6cccc7c(Oc8ccc9c(c8)C(=O)N(*)C9=O)cccc67)cc5C4=O)cc3)cc2)cc1,253.0,,,,,,,,,
945,P074271,*c1ccc(C(C)(C)c2ccc(C(C)(C)c3ccc(N4C(=O)c5ccc(Oc6ccc7cc(Oc8ccc9c(c8)C(=O)N(*)C9=O)ccc7c6)cc5C4=O)cc3)cc2)cc1,246.0,,,,,,,,,
946,P074272,*c1ccc(C(C)(C)c2ccc(C(C)(C)c3ccc(N4C(=O)c5ccc(Oc6ccc7ccc(Oc8ccc9c(c8)C(=O)N(*)C9=O)cc7c6)cc5C4=O)cc3)cc2)cc1,246.0,,,,,,,,,
947,P074273,*c1ccc(Oc2ccc(Oc3ccc(N4C(=O)c5ccc(Oc6cc7ccccc7cc6Oc6ccc7c(c6)C(=O)N(*)C7=O)cc5C4=O)cc3)cc2)cc1,224.5,,,,,,,,,
948,P074274,*c1ccc(Oc2ccc(Oc3ccc(N4C(=O)c5ccc(Oc6ccc7ccc(Oc8ccc9c(c8)C(=O)N(*)C9=O)cc7c6)cc5C4=O)cc3)cc2)cc1,228.0,,,,,,,,,
949,P074275,*c1ccc(Oc2cccc(Oc3ccc(N4C(=O)c5ccc(Oc6cc7ccccc7cc6Oc6ccc7c(c6)C(=O)N(*)C7=O)cc5C4=O)cc3)c2)cc1,208.0,,,,,,,,,
950,P074276,*c1ccc(Oc2ccc(-c3ccc(Oc4ccc(N5C(=O)c6ccc(Oc7cc8ccccc8cc7Oc7ccc8c(c7)C(=O)N(*)C8=O)cc6C5=O)cc4)cc3)cc2)cc1,222.5,,,,,,,,,
951,P074277,*c1ccc(Oc2ccc(-c3ccc(Oc4ccc(N5C(=O)c6ccc(Oc7ccc8cc(Oc9ccc%10c(c9)C(=O)N(*)C%10=O)ccc8c7)cc6C5=O)cc4)cc3)cc2)cc1,230.0,,,,,,,,,
952,P074278,*c1ccc(Oc2ccc(-c3ccc(Oc4ccc(N5C(=O)c6ccc(Oc7ccc8ccc(Oc9ccc%10c(c9)C(=O)N(*)C%10=O)cc8c7)cc6C5=O)cc4)cc3)cc2)cc1,231.0,,,,,,,,,
953,P074279,*c1c(C)cc(Cc2cc(C)c(N3C(=O)c4ccc(Oc5cccc6c(Oc7ccc8c(c7)C(=O)N(*)C8=O)cccc56)cc4C3=O)c(C)c2)cc1C,281.0,,,,,,,,,
954,P074280,*c1c(C)cc(Cc2cc(C)c(N3C(=O)c4ccc(Oc5cc6ccccc6cc5Oc5ccc6c(c5)C(=O)N(*)C6=O)cc4C3=O)c(C)c2)cc1C,265.0,,,,,,,,,
955,P074281,*c1c(C)cc(Cc2cc(C)c(N3C(=O)c4ccc(Oc5ccc6ccc(Oc7ccc8c(c7)C(=O)N(*)C8=O)cc6c5)cc4C3=O)c(C)c2)cc1C,272.0,,,,,,,,,
956,P074282,*c1c(C)cc(-c2cc(C)c(N3C(=O)c4ccc(Oc5cc6ccccc6cc5Oc5ccc6c(c5)C(=O)N(*)C6=O)cc4C3=O)c(C)c2)cc1C,308.0,,,,,,,,,
957,P074283,*c1cc(N2C(=O)c3ccc(Oc4cccc5c(Oc6ccc7c(c6)C(=O)N(*)C7=O)cccc45)cc3C2=O)cc(C(F)(F)F)c1,250.0,,,,,,,,,
958,P074284,*c1cc(N2C(=O)c3ccc(Oc4cc5ccccc5cc4Oc4ccc5c(c4)C(=O)N(*)C5=O)cc3C2=O)cc(C(F)(F)F)c1,250.0,,,,,,,,,
959,P074285,*c1cc(N2C(=O)c3ccc(Oc4ccc5ccc(Oc6ccc7c(c6)C(=O)N(*)C7=O)cc5c4)cc3C2=O)cc(C(F)(F)F)c1,235.0,,,,,,,,,
960,P074286,*c1ccc(C(c2ccc(N3C(=O)c4ccc(Oc5cccc6c(Oc7ccc8c(c7)C(=O)N(*)C8=O)cccc56)cc4C3=O)cc2)(C(F)(F)F)C(F)(F)F)cc1,276.0,,,,,,,,,
961,P074287,*c1ccc(C(c2ccc(N3C(=O)c4ccc(Oc5cc6ccccc6cc5Oc5ccc6c(c5)C(=O)N(*)C6=O)cc4C3=O)cc2)(C(F)(F)F)C(F)(F)F)cc1,256.0,,,,,,,,,
962,P074288,*c1ccc(C(c2ccc(N3C(=O)c4ccc(Oc5ccc6cc(Oc7ccc8c(c7)C(=O)N(*)C8=O)ccc6c5)cc4C3=O)cc2)(C(F)(F)F)C(F)(F)F)cc1,218.0,,,,,,,,,
963,P074289,*c1ccc(C(c2ccc(N3C(=O)c4ccc(Oc5ccc6ccc(Oc7ccc8c(c7)C(=O)N(*)C8=O)cc6c5)cc4C3=O)cc2)(C(F)(F)F)C(F)(F)F)cc1,256.0,,,,,,,,,
964,P074292,*Oc1cccc(NC(=O)c2ccc(C(=O)c3cccc(C(=O)Nc4ccc(*)cc4)c3)cc2)c1,237.0,,,,,,,,,
965,P074294,*CC(O)CN(C)S(=O)(=O)c1cccc(S(=O)(=O)N(C)CC(O)COc2ccc(C(C)(C)c3ccc(O*)cc3)cc2)c1,76.0,,,,,,,,,
966,P074295,*CC(O)CN(C)S(=O)(=O)c1cccc(S(=O)(=O)N(C)CC(O)COc2ccc(Sc3ccc(O*)cc3)cc2)c1,90.0,,,,,,,,,
967,P074296,*CC(O)CN(C)S(=O)(=O)c1cccc(S(=O)(=O)N(C)CC(O)COc2ccc(S(=O)(=O)c3ccc(O*)cc3)cc2)c1,100.0,,,,,,,,,
968,P074297,*CC(O)CN(C)S(=O)(=O)c1cccc(S(=O)(=O)N(C)CC(O)COc2ccc(O*)cc2)c1,66.0,,,,,,,,,
969,P074298,*CC(O)CN(C)S(=O)(=O)c1cccc(S(=O)(=O)N(C)CC(O)COc2ccc(-c3ccc(O*)cc3)cc2)c1,58.0,,,,,,,,,
970,P074299,*CC(O)CN(C)S(=O)(=O)c1ccc(-c2ccc(S(=O)(=O)N(C)CC(O)COc3ccc(C(C)(C)c4ccc(O*)cc4)cc3)cc2)cc1,101.0,,,,,,,,,
971,P074300,*CC(O)CN(C)S(=O)(=O)c1ccc(-c2ccc(S(=O)(=O)N(C)CC(O)COc3ccc(O*)cc3)cc2)cc1,84.0,,,,,,,,,
972,P074301,*CC(O)CN(CCO)S(=O)(=O)c1ccc(-c2ccc(S(=O)(=O)N(CCO)CC(O)COc3ccc(C(C)(C)c4ccc(O*)cc4)cc3)cc2)cc1,76.0,,,,,,,,,
973,P074307,*Oc1ccc(NC(=O)/C=C/c2ccc(/C=C/C(=O)Nc3ccc(*)cc3)cc2)cc1,205.0,,,,,,,,,
974,P074310,*Oc1ccc(NC(=O)c2ccc(Oc3ccc(C(=O)Nc4ccc(*)cc4)cc3)cc2)cc1,274.0,,,,,,,,,
975,P074311,*Oc1ccc(Oc2ccc(NC(=O)c3ccc(Oc4ccc(Oc5ccc(C(=O)Nc6ccc(*)cc6)cc5)cc4)cc3)cc2)cc1,236.0,,,,,,,,,
976,P074312,*Oc1ccc(Oc2ccc(NC(=O)c3ccc(Oc4ccc(Oc5ccc(C(=O)Nc6ccc(*)cc6)cc5)cc4C)cc3)cc2)cc1C,218.5,,,,,,,,,
977,P074313,*Oc1ccc(Oc2ccc(NC(=O)c3ccc(Oc4ccc(Oc5ccc(C(=O)Nc6ccc(*)cc6)cc5)cc4-c4ccccc4)cc3)cc2)cc1-c1ccccc1,200.5,,,,,,,,,
978,P074314,*Oc1cccc(Oc2ccc(NC(=O)c3ccc(Oc4cccc(Oc5ccc(C(=O)Nc6ccc(*)cc6)cc5)c4)cc3)cc2)c1,176.5,,,,,,,,,
979,P074315,*Oc1cccc(Oc2cccc(NC(=O)c3cccc(Oc4cccc(Oc5cccc(C(=O)Nc6cccc(*)c6)c5)c4)c3)c2)c1,137.5,,,,,,,,,
980,P074317,*c1cccc(Oc2ccc(-c3ccc(Oc4cccc(-n5c(=O)c6cc7c(=O)n(*)c(=O)c7cc6c5=O)c4)cc3)cc2)c1,251.0,,,,,,,,,
981,P074321,*CCCCCCOc1ccc(C(=O)N(C(=O)c2ccc(O*)cc2)c2ccccc2)cc1,100.0,,,,,,,,,
982,P074322,*CCCCCCOc1ccc(C(=O)N(C(=O)c2ccc(O*)cc2)c2ccc(Oc3ccccc3)cc2)cc1,78.0,,,,,,,,,
983,P074323,*CCCCCCOc1ccc(C(=O)N(C(=O)c2ccc(O*)cc2)c2cc(C)cc(C)c2)cc1,75.0,,,,,,,,,
984,P074324,*CCCCCCOc1ccc(C(=O)N(C(=O)c2ccc(O*)cc2)c2cccc3ccccc23)cc1,56.0,,,,,,,,,
985,P074354,*CCCCCCOC(=O)OCCCCCCOC(=O)OCCCCCCOc1ccc(-c2ccc(O*)cc2)cc1,16.6,,0.329,,,,,,,
986,P074369,*CCCCCCOC(=O)Nc1ccc(C)c(NC(=O)OCCCCCCOc2ccc(-c3ccc(O*)cc3)cc2)c1,87.0,,,,,,,,,
987,P074373,*Oc1ccc(C(=O)Nc2ccc(Cc3ccc(NC(=O)c4ccc(Oc5ccc(C(=O)c6ccc(S(=O)(=O)c7ccc(C(=O)c8ccc(*)cc8)cc7)cc6)cc5)cc4)cc3)cc2)cc1,240.0,,,,,,,,,
988,P074374,*Oc1ccc(C(=O)Nc2ccc(S(=O)(=O)c3ccc(NC(=O)c4ccc(Oc5ccc(C(=O)c6ccc(S(=O)(=O)c7ccc(C(=O)c8ccc(*)cc8)cc7)cc6)cc5)cc4)cc3)cc2)cc1,260.0,,,,,,,,,
989,P074377,*Oc1c(C)c(C)c(NC(=O)c2ccc(C(=O)Nc3ccc(*)cc3)cc2)c(C)c1C,333.0,,,,,,,,,
990,P074379,*Oc1c(C)c(C)c(Oc2ccc(NC(=O)c3ccc(C(=O)Nc4ccc(*)cc4)cc3)cc2)c(C)c1C,310.0,,,,,,,,,
991,P074381,*Oc1ccc(OC(=O)c2ccc(OCCCCCCCCOc3ccc(C(*)=O)cc3)cc2)cc1C(=O)CC,70.0,,,,,,,,,
992,P074398,*Oc1ccc(Oc2ccc(C(=O)Nc3ccc(Cc4ccc(NC(=O)c5ccc(*)cc5)cc4)cc3)cc2)cc1,216.0,,,,,,,,,
993,P074399,*Oc1ccc(Oc2ccc(C(=O)Nc3ccc(Oc4ccc(S(=O)(=O)c5ccc(Oc6ccc(NC(=O)c7ccc(*)cc7)cc6)cc5)cc4)cc3)cc2)cc1,220.0,,,,,,,,,
994,P074400,*Oc1ccc(Oc2ccc(NC(=O)c3ccc(Oc4ccc(Oc5ccc(C(=O)Nc6ccc(*)cc6)cc5)cc4C)cc3)cc2)cc1,200.0,,,,,,,,,
995,P074401,*Oc1ccc(Oc2ccc(C(=O)Nc3ccc(Oc4ccc(-c5ccc(Oc6ccc(NC(=O)c7ccc(*)cc7)cc6)cc5)cc4)cc3)cc2)cc1C,220.0,,,,,,,,,
996,P074402,*Oc1ccc(Oc2ccc(C(=O)Nc3ccc(Oc4ccc(S(=O)(=O)c5ccc(Oc6ccc(NC(=O)c7ccc(*)cc7)cc6)cc5)cc4)cc3)cc2)cc1C,217.0,,,,,,,,,
997,P074403,*Oc1ccc(Oc2ccc(C(=O)Nc3ccc(Oc4ccc(NC(=O)c5ccc(*)cc5)cc4)cc3)cc2)cc1-c1ccccc1,219.0,,,,,,,,,
998,P074404,*Oc1ccc(Oc2ccc(C(=O)Nc3ccc(Cc4ccc(NC(=O)c5ccc(*)cc5)cc4)cc3)cc2)cc1-c1ccccc1,218.0,,,,,,,,,
999,P074405,*Oc1ccc(Oc2ccc(NC(=O)c3ccc(Oc4ccc(Oc5ccc(C(=O)Nc6ccc(*)cc6)cc5)cc4-c4ccccc4)cc3)cc2)cc1,209.0,,,,,,,,,
1000,P074406,*Oc1ccc(Oc2ccc(C(=O)Nc3ccc(Oc4ccc(-c5ccc(Oc6ccc(NC(=O)c7ccc(*)cc7)cc6)cc5)cc4)cc3)cc2)cc1-c1ccccc1,232.0,,,,,,,,,
1001,P074407,*Oc1ccc(Oc2ccc(C(=O)Nc3ccc(Oc4ccc(S(=O)(=O)c5ccc(Oc6ccc(NC(=O)c7ccc(*)cc7)cc6)cc5)cc4)cc3)cc2)cc1-c1ccccc1,231.0,,,,,,,,,
1002,P074408,*CC(O)CN(C)S(=O)(=O)c1cccc(S(=O)(=O)N(C)CC(O)COc2ccc(C3(c4ccc(O*)cc4)c4ccccc4-c4ccccc43)cc2)c1,127.0,,,,,,,,,
1003,P074409,*Oc1ccc(S(=O)(=O)c2ccc(Oc3ccc(C4(c5ccc(*)cc5)c5ccccc5-c5ccccc54)cc3)cc2)cc1,278.5,,,,,,,,,
1004,P074419,*CCc1ccc(*)o1,25.5,,0.27849999999999997,,,,,,,
1005,P074433,*c1ccc(Oc2ccc(N3C(=O)c4ccc(Oc5ccc6cc(Oc7ccc8c(c7)C(=O)N(*)C8=O)ccc6c5)cc4C3=O)cc2)cc1,249.0,,,,,,,,,
1006,P074436,*Oc1ccc(C(C)(C)c2ccc(C(C)(C)c3ccc(Oc4ccc(C(=O)Nc5ccc(NC(=O)c6ccc(*)cc6)cc5)cc4)cc3)cc2)cc1,163.0,,,,,,,,,
1007,P074437,*Oc1ccc(C(C)(C)c2ccc(C(C)(C)c3ccc(Oc4ccc(C(=O)Nc5cccc(NC(=O)c6ccc(*)cc6)c5)cc4)cc3)cc2)cc1,173.0,,,,,,,,,
1008,P074438,*Oc1ccc(NC(=O)c2ccc(Oc3ccc(C(C)(C)c4ccc(C(C)(C)c5ccc(Oc6ccc(C(=O)Nc7ccc(*)cc7)cc6)cc5)cc4)cc3)cc2)cc1,174.0,,,,,,,,,
1009,P074439,*Oc1cccc(NC(=O)c2ccc(Oc3ccc(C(C)(C)c4ccc(C(C)(C)c5ccc(Oc6ccc(C(=O)Nc7ccc(*)cc7)cc6)cc5)cc4)cc3)cc2)c1,168.0,,,,,,,,,
1010,P074440,*Oc1ccc(C(C)(C)c2ccc(C(C)(C)c3ccc(Oc4ccc(C(=O)Nc5ccc(Cc6ccc(NC(=O)c7ccc(*)cc7)cc6)cc5)cc4)cc3)cc2)cc1,162.0,,,,,,,,,
1011,P074441,*Oc1ccc(Oc2ccc(NC(=O)c3ccc(Oc4ccc(C(C)(C)c5ccc(C(C)(C)c6ccc(Oc7ccc(C(=O)Nc8ccc(*)cc8)cc7)cc6)cc5)cc4)cc3)cc2)cc1,165.0,,,,,,,,,
1012,P074442,*Oc1ccc(NC(=O)c2ccc(Oc3ccc(C(C)(C)c4ccc(C(C)(C)c5ccc(Oc6ccc(C(=O)Nc7ccc(Oc8ccc(C(C)(C)c9ccc(*)cc9)cc8)cc7)cc6)cc5)cc4)cc3)cc2)cc1,163.0,,,,,,,,,
1013,P074443,*Oc1ccc(NC(=O)c2ccc(Oc3ccc(C(C)(C)c4ccc(C(C)(C)c5ccc(Oc6ccc(C(=O)Nc7ccc(Oc8ccc(-c9ccc(*)cc9)cc8)cc7)cc6)cc5)cc4)cc3)cc2)cc1,177.0,,,,,,,,,
1014,P074444,*Oc1ccc(S(=O)(=O)c2ccc(Oc3ccc(NC(=O)c4ccc(Oc5ccc(C(C)(C)c6ccc(C(C)(C)c7ccc(Oc8ccc(C(=O)Nc9ccc(*)cc9)cc8)cc7)cc6)cc5)cc4)cc3)cc2)cc1,177.0,,,,,,,,,
1015,P074445,*Oc1ccc(NC(=O)c2ccc(Oc3ccc(C(C)(C)c4ccc(C(C)(C)c5ccc(Oc6ccc(C(=O)Nc7ccc(Oc8ccc(C(c9ccc(*)cc9)(C(F)(F)F)C(F)(F)F)cc8)cc7)cc6)cc5)cc4)cc3)cc2)cc1,169.0,,,,,,,,,
1016,P074446,*Oc1ccc(C(C)(C)c2cccc(C(C)(C)c3ccc(Oc4ccc(C(=O)Nc5ccc(NC(=O)c6ccc(*)cc6)cc5)cc4)cc3)c2)cc1,154.0,,,,,,,,,
1017,P074447,*Oc1ccc(C(C)(C)c2cccc(C(C)(C)c3ccc(Oc4ccc(C(=O)Nc5cccc(NC(=O)c6ccc(*)cc6)c5)cc4)cc3)c2)cc1,155.0,,,,,,,,,
1018,P074448,*Oc1ccc(NC(=O)c2ccc(Oc3ccc(C(C)(C)c4cccc(C(C)(C)c5ccc(Oc6ccc(C(=O)Nc7ccc(*)cc7)cc6)cc5)c4)cc3)cc2)cc1,155.0,,,,,,,,,
1019,P074449,*Oc1cccc(NC(=O)c2ccc(Oc3ccc(C(C)(C)c4cccc(C(C)(C)c5ccc(Oc6ccc(C(=O)Nc7ccc(*)cc7)cc6)cc5)c4)cc3)cc2)c1,147.0,,,,,,,,,
1020,P074450,*Oc1ccc(C(C)(C)c2cccc(C(C)(C)c3ccc(Oc4ccc(C(=O)Nc5ccc(Cc6ccc(NC(=O)c7ccc(*)cc7)cc6)cc5)cc4)cc3)c2)cc1,149.0,,,,,,,,,
1021,P074451,*Oc1ccc(Oc2ccc(NC(=O)c3ccc(Oc4ccc(C(C)(C)c5cccc(C(C)(C)c6ccc(Oc7ccc(C(=O)Nc8ccc(*)cc8)cc7)cc6)c5)cc4)cc3)cc2)cc1,147.0,,,,,,,,,
1022,P074452,*Oc1ccc(NC(=O)c2ccc(Oc3ccc(C(C)(C)c4cccc(C(C)(C)c5ccc(Oc6ccc(C(=O)Nc7ccc(Oc8ccc(C(C)(C)c9ccc(*)cc9)cc8)cc7)cc6)cc5)c4)cc3)cc2)cc1,147.0,,,,,,,,,
1023,P074453,*Oc1ccc(NC(=O)c2ccc(Oc3ccc(C(C)(C)c4cccc(C(C)(C)c5ccc(Oc6ccc(C(=O)Nc7ccc(Oc8ccc(-c9ccc(*)cc9)cc8)cc7)cc6)cc5)c4)cc3)cc2)cc1,167.0,,,,,,,,,
1024,P074454,*Oc1ccc(S(=O)(=O)c2ccc(Oc3ccc(NC(=O)c4ccc(Oc5ccc(C(C)(C)c6cccc(C(C)(C)c7ccc(Oc8ccc(C(=O)Nc9ccc(*)cc9)cc8)cc7)c6)cc5)cc4)cc3)cc2)cc1,167.0,,,,,,,,,
1025,P074455,*Oc1ccc(NC(=O)c2ccc(Oc3ccc(C(C)(C)c4cccc(C(C)(C)c5ccc(Oc6ccc(C(=O)Nc7ccc(Oc8ccc(C(c9ccc(*)cc9)(C(F)(F)F)C(F)(F)F)cc8)cc7)cc6)cc5)c4)cc3)cc2)cc1,154.0,,,,,,,,,
1026,P074466,*Oc1ccc(NC(=O)c2cccc(C(=O)Nc3ccc(Oc4ccc(C(c5ccc(*)cc5)(C(F)(F)F)C(F)(F)F)cc4)cc3)c2)cc1,228.5,,,,,,,,,
1027,P074467,*Oc1ccc(NC(=O)c2cc(C(=O)Nc3ccc(Oc4ccc(C(c5ccc(*)cc5)(C(F)(F)F)C(F)(F)F)cc4)cc3)cc(C(C)(C)C)c2)cc1,255.5,,,,,,,,,
1028,P074468,*Oc1ccc(NC(=O)c2ccc(S(=O)(=O)c3ccc(C(=O)Nc4ccc(Oc5ccc(C(c6ccc(*)cc6)(C(F)(F)F)C(F)(F)F)cc5)cc4)cc3)cc2)cc1,250.0,,,,,,,,,
1029,P074469,*Oc1ccc(NC(=O)c2cc(C(=O)Nc3ccc(Oc4ccc(C(c5ccc(*)cc5)(C(F)(F)F)C(F)(F)F)cc4)cc3)cc([N+](=O)[O-])c2)cc1,232.0,,,,,,,,,
1030,P074470,*Oc1ccc(NC(=O)c2ccc(C(=O)Nc3ccc(Oc4ccc(C(c5ccc(*)cc5)(C(F)(F)F)C(F)(F)F)cc4)cc3)cc2)cc1,243.0,,,,,,,,,
1031,P074471,*Oc1ccc(NC(=O)c2ccc(P(=O)(c3ccccc3)c3ccc(C(=O)Nc4ccc(*)cc4)cc3)cc2)cc1,254.0,,,,,,,,,
1032,P074473,*Oc1cccc(NC(=O)c2ccc(P(=O)(c3ccccc3)c3ccc(C(=O)Nc4cccc(Oc5ccc(P(=O)(c6ccccc6)c6ccc(*)cc6)cc5)c4)cc3)cc2)c1,235.0,,,,,,,,,
1033,P074474,*Oc1ccc(NC(=O)c2ccc(P(=O)(c3ccccc3)c3ccc(C(=O)Nc4ccc(Oc5ccc(P(=O)(c6ccccc6)c6ccc(*)cc6)cc5)cc4)cc3)cc2)cc1,225.0,,,,,,,,,
1034,P074475,*c1ccc2c(c1)C(=O)N(c1ccc(N3C(=O)c4ccc(-c5c(-c6ccccc6)c(-c6ccccc6)c(-c6ccc(Oc7ccc(-c8c(-c9ccccc9)c(-c9ccccc9)c(*)c(-c9ccccc9)c8-c8ccccc8)cc7)cc6)c(-c6ccccc6)c5-c5ccccc5)cc4C3=O)cc1)C2=O,353.0,,,,,,,,,
1035,P074476,*c1ccc2c(c1)C(=O)N(c1ccc(Oc3ccc(N4C(=O)c5ccc(-c6c(-c7ccccc7)c(-c7ccccc7)c(-c7ccc(Oc8ccc(-c9c(-c%10ccccc%10)c(-c%10ccccc%10)c(*)c(-c%10ccccc%10)c9-c9ccccc9)cc8)cc7)c(-c7ccccc7)c6-c6ccccc6)cc5C4=O)cc3)cc1)C2=O,329.0,,,,,,,,,
1036,P074477,*c1ccc2c(c1)C(=O)N(c1cccc(Oc3ccc(N4C(=O)c5ccc(-c6c(-c7ccccc7)c(-c7ccccc7)c(-c7ccc(Oc8ccc(-c9c(-c%10ccccc%10)c(-c%10ccccc%10)c(*)c(-c%10ccccc%10)c9-c9ccccc9)cc8)cc7)c(-c7ccccc7)c6-c6ccccc6)cc5C4=O)cc3)c1)C2=O,309.0,,,,,,,,,
1037,P074479,*c1ccc2c(c1)C(=O)N(c1ccc(Oc3ccc(N4C(=O)c5ccc(-c6c(-c7ccccc7)c(-c7ccccc7)c(-c7ccc(Sc8ccc(-c9c(-c%10ccccc%10)c(-c%10ccccc%10)c(*)c(-c%10ccccc%10)c9-c9ccccc9)cc8)cc7)c(-c7ccccc7)c6-c6ccccc6)cc5C4=O)cc3)cc1)C2=O,322.0,,,,,,,,,
1038,P074480,*c1ccc2c(c1)C(=O)N(c1cccc(Oc3ccc(N4C(=O)c5ccc(-c6c(-c7ccccc7)c(-c7ccccc7)c(-c7ccc(Sc8ccc(-c9c(-c%10ccccc%10)c(-c%10ccccc%10)c(*)c(-c%10ccccc%10)c9-c9ccccc9)cc8)cc7)c(-c7ccccc7)c6-c6ccccc6)cc5C4=O)cc3)c1)C2=O,300.0,,,,,,,,,
1039,P074486,*Oc1ccc(/C=C/C(=O)c2ccc(Oc3ccc(C(C)(C)c4ccc(*)cc4)cc3)cc2)cc1,152.0,,,,,,,,,
1040,P074487,*Oc1ccc(/C=C/C(=O)c2ccc(Oc3ccc(C(C)(C)c4ccc(*)c(C)c4)cc3C)cc2)cc1,157.0,,,,,,,,,
1041,P074488,*Oc1ccc(/C=C/C(=O)c2ccc(Oc3ccc(C(C)(c4ccccc4)c4ccc(*)cc4)cc3)cc2)cc1,167.0,,,,,,,,,
1042,P074489,*Oc1ccc(C2(c3ccc(Oc4ccc(/C=C/C(=O)c5ccc(*)cc5)cc4)cc3)c3ccccc3-c3ccccc32)cc1,195.0,,,,,,,,,
1043,P074542,*Oc1cc(Oc2ccc(C(C)(C)c3ccc(*)cc3)cc2)cc([N+](=O)[O-])c1,150.0,,,,,,,,,
1044,P074566,*CC(COc1ccc(S(=O)(=O)c2ccc(O*)cc2)cc1)OC(C)=O,130.0,,,,,,,,,
1045,P074567,*Oc1c(-c2ccccc2)cc(*)cc1-c1cccc(-c2ccccc2)c1-c1ccccc1,212.0,,,,,,,,,
1046,P079027,*CC(C[N-][N+]#N)O*,-35.0,,,,,,,,,
1047,P079048,*OC(=O)c1cccc(C(=O)Oc2ccc3c(c2)Oc2cc(*)ccc2C32OC(=O)c3ccccc32)c1,276.0,,,,,,,,,
1048,P080002,*SC(*)(F)F,-118.0,,0.114,,,,,,,
1049,P080004,*CCS*,-1.5,,0.223,,,,,,,
1050,P080005,*CCSS*,-27.0,,,,,,3.14,1.57,,0.288
1051,P080006,*CCSSSS*,-24.0,,,,,,,,,
1052,P080007,*CC(C)S*,-43.0,,,,,,,,,
1053,P080010,*CC(CC)S*,-47.0,,,,,,,,,
1054,P080011,*CC(COCC=C)S*,-59.0,,,,,,,,,
1055,P080012,*CCCS*,-53.5,,,,,,,,,
1056,P080014,*CC(C)(C)CS*,-49.3,,,,,,,,,
1057,P080015,*CC(C)(C)S*,-14.0,,,,,,,,,
1058,P080016,*CCC(C)S*,-59.0,,,,,,,,,
1059,P080017,*CC(C)(CC)CS*,-50.0,,,,,,,,,
1060,P080021,*CCCCCSS*,-72.0,,,,,,,,,
1061,P080024,*CCCCCCSS*,-74.0,,,,,,,,,
1062,P080034,*CCCCCCCCCCSS*,-65.0,,,,,,,,,
1063,P080035,*CCCCCCCCCCSSS*,-70.0,,,,,,,,,
1064,P080036,*CCCCCCCCCCSSSS*,-76.0,,,,,,,,,
1065,P080055,*CCC(=O)NCCCCCCNC(=O)CCS*,27.0,,,,,,,,,
1066,P080085,*SC1CCCCC1*,-43.0,,,,,,,,,
1067,P080086,*SC1CCCC(*)C1,-52.0,,,,,,,,,
1068,P080097,*Sc1ccc(*)cc1,90.0,,,,,,,,,
1069,P080099,*Cc1ccc(CSS*)cc1,23.0,,,,,,,,,
1070,P080100,*Cc1ccc(CSSSS*)cc1,3.0,,,,,,,,,
1071,P080101,*CC(S*)c1ccccc1,-2.5,,,,,,,,,
1072,P080108,*CCCCC(=O)NCc1ccc(CNC(=O)CCCCS*)cc1,70.0,,,,,,,,,
1073,P080110,*CCCCCCC(=O)NCc1ccc(CNC(=O)CCCCCCS*)cc1,65.0,,,,,,,,,
1074,P080117,*CCCCCCCCCCC(=O)NCCc1ccc(CCNC(=O)CCCCCCCCCCS*)cc1,58.0,,0.29600000000000004,,,,,,,
1075,P080119,*Oc1ccc(Sc2ccc(OC(*)=O)cc2)cc1,110.0,,,,,,,,,
1076,P080124,*OC(=O)c1ccc(SCCCCSc2ccc(C(*)=O)cc2)cc1,62.0,,,,,,,,,
1077,P080133,*C(=O)OCC(C)(C)CSCC(C)(C)COC(=O)C1(C)CNC(*)(C)CN1,40.0,,,,,,,,,
1078,P080135,*c1ccc(Sc2ccc(-c3nc4cc(-c5ccc6nc(-c7ccccc7)c(*)nc6c5)ccc4nc3-c3ccccc3)cc2)cc1,288.0,,,,,,,,,
1079,P080136,*c1cccc(-c2nc3ccc(-c4ccc5nc(*)sc5c4)cc3s2)c1,495.0,,,,,,,,,
1080,P080140,*CCCCCCCCc1nc2ccc(-c3ccc4nc(*)sc4c3)cc2s1,238.0,,,,,,,,,
1081,P080144,*c1ccc(Sc2ccc(-c3nc4ccc(-c5ccc6nc(*)c(-c7ccccc7)nc6c5)cc4nc3-c3ccccc3)cc2)cc1,288.0,,,,,,,,,
1082,P080152,*c1ccc(-c2nc3cc4sc(*)nc4cc3s2)cc1,25.0,,,,,,,,,
1083,P080176,*Cc1ccc(CSSS*)cc1,8.0,,,,,,,,,
1084,P080181,*N=P(Cl)(Cl)N=P(Cl)(Cl)/N=S(/*)Cl,-40.0,,,,,,,,,
1085,P084366,*Sc1c(C)cc(*)cc1C,198.0,,0.145,,,,,,,
1086,P084367,*Sc1cc(C)c(*)cc1C,298.0,,,,,,,,,
1087,P084372,*Sc1cccc(Sc2ccc(Sc3ccc(*)cc3)cc2)c1,75.0,,,,,,,,,
1088,P084392,*Oc1ccc(OC(=O)c2ccc(Sc3cccc(OC(=O)c4ccc(C(=O)Oc5cccc(Sc6ccc(C(*)=O)cc6)c5)cc4)c3)cc2)cc1C,135.0,,,,,,,,,
1089,P084393,*Oc1ccc(OC(=O)c2cccc(Sc3ccc(OC(=O)c4ccc(C(=O)Oc5ccc(Sc6cccc(C(*)=O)c6)cc5)cc4)cc3)c2)cc1C,106.5,,,,,,,,,
1090,P084394,*Oc1ccc(OC(=O)c2cccc(Sc3ccc(OC(=O)c4ccc(C(=O)Oc5ccc(Sc6cccc(C(*)=O)c6)cc5)cc4)cc3)c2)cc1-c1ccccc1,128.0,,,,,,,,,
1091,P084418,*CCc1ccc(*)s1,26.0,,0.288,,,,,,,
1092,P084478,*c1ccc2c(c1)C(=O)N(c1ccc(N3C(=O)c4ccc(-c5c(-c6ccccc6)c(-c6ccccc6)c(-c6ccc(Sc7ccc(-c8c(-c9ccccc9)c(-c9ccccc9)c(*)c(-c9ccccc9)c8-c8ccccc8)cc7)cc6)c(-c6ccccc6)c5-c5ccccc5)cc4C3=O)cc1)C2=O,344.0,,,,,,,,,
1093,P084485,*/C(OC)=C(\OC)c1ccc(*)s1,91.0,,,,,,,,,
1094,P090003,*CCOC(=O)CCC(=O)O*,-11.1,,,,,,,,,
1095,P090004,*CCCOC(=O)CCC(=O)O*,-34.7,,,,,,,,,
1096,P090005,*CCCCOC(=O)CCC(=O)O*,-32.0,,,,,,,,,
1097,P090007,*CCCOC(=O)CCCC(=O)O*,-33.0,,,,,,,,,
1098,P090009,*CCOC(=O)CCCCC(=O)O*,-54.5,,,,,,,,,
1099,P090010,*CCCOC(=O)CCCCC(=O)O*,-55.0,,,,,,,,,
1100,P090011,*CCCCCCCCCCOC(=O)CCCCC(=O)O*,-68.0,,,,,,,,,
1101,P090014,*CCCOC(=O)CCCCCCC(=O)O*,-52.5,,,,,,,,,
1102,P090015,*CCCCCCCCCCOC(=O)CCCCCCC(=O)O*,-22.0,,0.34450000000000003,,,,,,,
1103,P090016,*CCOC(=O)CCCCCCCC(=O)O*,-45.0,,,,,,,,,
1104,P090020,*CCOC(=O)CCCCCCCCC(=O)O*,-23.0,,,,,,,,,
1105,P090022,*CCCCOC(=O)CCCCCCCCC(=O)O*,-57.0,,,,,,,,,
1106,P090023,*CCCCCCOC(=O)CCCCCCCCC(=O)O*,-38.0,,,,,,,,,
1107,P090025,*CCCCCCCCCCOC(=O)CCCCCCCCC(=O)O*,-54.0,,0.281,,,,,,,
1108,P090027,*CCOC(=O)c1ccc(C(=O)O*)cc1,77.0,,,,,,,,,
1109,P090028,*CCOC(=O)c1cccc(C(=O)O*)c1,58.0,,,,,,,,,
1110,P090029,*CCCCOC(=O)c1ccc(C(=O)O*)cc1,48.4,,,,,,,,,
1111,P090030,*CCCCOC(=O)c1cccc(C(=O)O*)c1,19.0,,,,,,,,,
1112,P090031,*CCCCCOC(=O)c1ccc(C(=O)O*)cc1,16.0,,,,,,,,,
1113,P090032,*CCCCCCOC(=O)c1ccc(C(=O)O*)cc1,13.0,,,,,,,,,
1114,P090033,*CCCCCCCCCCOC(=O)c1ccc(C(=O)O*)cc1,10.5,,,,,,,,,
1115,P090034,*CC1CCC(COC(=O)c2ccc(C(=O)O*)cc2)CC1,84.5,,,,,,,,,
1116,P090037,*Oc1c(Cl)cc(C(C)(C)c2cc(Cl)c(OC(=O)CCCCC(*)=O)c(Cl)c2)cc1Cl,100.0,,,,,,,,,
1117,P090038,*Oc1ccc(C(C)(C)c2ccc(OC(=O)C3CCC(C(*)=O)CC3)cc2)cc1,150.0,,,,,,,,,
1118,P090039,*Oc1ccc(C(C)(C)c2ccc(OC(=O)c3ccc(C(*)=O)cc3)cc2)cc1,201.0,,,,,,,,,
1119,P090040,*Oc1ccc(Cc2ccc(OC(=O)c3cccc(C(*)=O)c3)cc2)cc1,150.0,,,,,,,,,
1120,P090041,*Oc1ccc(C(C)(C)c2ccc(OC(=O)c3cccc(C(*)=O)c3)cc2)cc1,180.0,,,,,,,,,
1121,P090042,*CCOC(=O)c1ccc2ccc(C(=O)O*)cc2c1,119.0,,,,,,,,,
1122,P090043,*CCOC(=O)c1ccc2cc(C(=O)O*)ccc2c1,120.0,,,,,,,,,
1123,P090044,*O[Si](C)(C)CC(C)(C)COC(=O)c1cccc(C(=O)OCC(C)(C)C[Si](*)(C)C)c1,-52.0,,,,,,,,,
1124,P090046,*CCCCCC(=O)S*,19.0,,,,,,,,,
1125,P090049,*CCCCCCOC(=O)CCC(=O)O*,-50.0,,,,,,,,,
1126,P090051,*CCCCOC(=O)CCCCC(=O)O*,-66.0,,,,,,,,,
1127,P090052,*CCCCCOC(=O)CCCCC(=O)O*,-69.0,,,,,,,,,
1128,P090053,*OC1CCC(OC(=O)CCCCC(*)=O)CC1,77.8,,,,,,,,,
1129,P090055,*CC#CCOC(=O)CCCCCCCCC(=O)O*,-26.5,,,,,,,,,
1130,P090060,*CCOC(=O)c1ccccc1C(=O)O*,96.5,,,,,,,,,
1131,P090061,*Oc1cccc(OC(=O)c2cccc(C(*)=O)c2)c1,147.0,,,,,,,,,
1132,P090062,*Oc1ccc(C(C)(C)c2ccc(OC(=O)c3ccc(C(*)=O)cc3)c(C)c2)cc1C,178.5,,,,,,,,,
1133,P090064,*Oc1ccc(C2(c3ccc(OC(=O)c4cccc(C(*)=O)c4)cc3)c3ccccc3-c3ccccc32)cc1,269.5,,,,,,,,,
1134,P090065,*c1ccc(OC(=O)c2ccc(C(=O)Oc3ccc(C4(*)OC(=O)c5ccccc54)cc3)cc2)cc1,279.0,,,,,,,,,
1135,P090066,*c1ccc(OC(=O)c2cccc(C(=O)Oc3ccc(C4(*)OC(=O)c5ccccc54)cc3)c2)cc1,282.5,,,,,,,,,
1136,P090075,*CCOC(=O)c1cccc2c(C(=O)O*)cccc12,78.0,,,,,,,,,
1137,P090076,*CCOC(=O)c1ccc(C(=O)O*)c2ccccc12,64.0,,,,,,,,,
1138,P090085,*CC(=O)O*,45.0,,,,,,,,,
1139,P090087,*CCCC(=O)O*,1.5,,,,,,,,,
1140,P090088,*CCCCC(=O)O*,-66.0,,,,,,,,,
1141,P090089,*CCCCCC(=O)O*,-60.0,,,,,,,,,
1142,P090090,*CCCCCCCCCCC(=O)O*,-46.05,,,,,,,,,
1143,P090091,*CCCCCCCCCCCCC(=O)O*,-36.0,,,,,,,,,
1144,P090092,*CCCCCCCCCCCCCCC(=O)O*,-22.1,,0.3595,,,,,,,
1145,P090093,*CCCCCCC(=O)O*,-14.0,,,,,,,,,
1146,P090101,*CCCCCCOC(=O)CCCCC(=O)O*,-69.0,,,,,,,,,
1147,P090105,*CCCCCCCCCCOC(=O)CCCCCCCCCCCCCCCCC(=O)O*,-17.0,,0.3415,,,,,,,
1148,P090111,*CCCCCCCCCCCCCCCCOC(=O)CCCCCCC(=O)O*,-26.0,,0.308,,,,,,,
1149,P090113,*CCOC(=O)/C=C/C(=O)O*,-10.0,,,,,,,,,
1150,P090134,*CCCOC(=O)c1ccc(C(=O)O*)cc1,52.0,,,,,,,,,
1151,P090135,*CCCCCCCCCCOC(=O)c1cccc(C(=O)O*)c1,-22.5,,,,,,,,,
1152,P090136,*CC(C)C(C)COC(=O)c1ccc(C(=O)O*)cc1,37.5,,,,,,,,,
1153,P090137,*CC(CC)C(CC)COC(=O)c1ccc(C(=O)O*)cc1,32.0,,,,,,,,,
1154,P090138,*CC(CCC)C(CCC)COC(=O)c1ccc(C(=O)O*)cc1,30.0,,,,,,,,,
1155,P090139,*CC(CCCC)C(CCCC)COC(=O)c1ccc(C(=O)O*)cc1,16.0,,,,,,,,,
1156,P090140,*CC(CCCCCC)C(CCCCCC)COC(=O)c1ccc(C(=O)O*)cc1,-15.5,,,,,,,,,
1157,P090141,*CC(CCCCCCCCCC)C(CCCCCCCCCC)COC(=O)c1ccc(C(=O)O*)cc1,-38.0,,,,,,,,,
1158,P090142,*CC(CCCCCCCCCCCCCCCC)C(CCCCCCCCCCCCCCCC)COC(=O)c1ccc(C(=O)O*)cc1,-26.0,,0.354,,,,,,,
1159,P090143,*CC(C(C)C)C(COC(=O)c1ccc(C(=O)O*)cc1)C(C)C,65.0,,,,,,,,,
1160,P090144,*Oc1ccc(OC(=O)c2ccc(C(*)=O)cc2)cc1CCC(C)CC,237.0,,,,,,,,,
1161,P090146,*Oc1ccc(OC(=O)c2ccc(C(*)=O)cc2)cc1C1CCCCC1,206.0,,,,,,,,,
1162,P090147,*Oc1ccc(OC(=O)c2ccc(C(*)=O)cc2)cc1C1CC2CCC1C2,267.0,,,,,,,,,
1163,P090163,*CCCCCOC(=O)c1cccc(C(=O)O*)c1,7.0,,,,,,,,,
1164,P090164,*CCCCCCOC(=O)c1cccc(C(=O)O*)c1,5.5,,,,,,,,,
1165,P090167,*Oc1ccc(-c2ccc(OC(=O)CCCCCCCCCCCCC(*)=O)cc2)cc1,95.0,,,,,,,,,
1166,P090170,*CC1CCC(COC(=O)CCC(=O)O*)CC1,-1.0,,,,,,,,,
1167,P090171,*CCOC(=O)CCCCCC(=O)O*,-46.0,,,,,,,,,
1168,P090172,*CCCCCCCOC(=O)c1ccc(C(=O)O*)cc1,-1.0,,,,,,,,,
1169,P090173,*CCCCCCOC(=O)C(=O)O*,66.5,,,,,,,,,
1170,P090174,*Oc1ccc(C(*)=O)cc1,161.0,,,,,,,,,
1171,P090175,*OC(C)CC(*)=O,3.4,,,,,,,,,
1172,P090176,*OC(C)C(*)=O,58.4,,,,,,,,,
1173,P090177,*CCC(=O)O*,-24.0,,,,,,,,,
1174,P090182,*CC(CC)(CC)C(=O)O*,60.0,,,,,,,,,
1175,P090183,*CC(C)(C)C(=O)O*,-12.0,,,,,,,,,
1176,P090184,*OC(CC)CC(*)=O,-15.4,,,,,,,,,
1177,P090185,*CC(C)(CC)C(=O)O*,-9.0,,,,,,,,,
1178,P090187,*CC(C)C(=O)O*,-25.0,,,,,,,,,
1179,P090188,*CC(C)(CCC)C(=O)O*,1.9,,,,,,,,,
1180,P090189,*OC(CC(*)=O)C(Cl)(Cl)Cl,163.5,,,,,,,,,
1181,P090190,*CCCCCCCCCOC(=O)c1ccc(C(=O)O*)cc1,35.0,,,,,,,,,
1182,P090191,*CCCCCCCCOC(=O)c1ccc(C(=O)O*)cc1,45.0,,,,,,,,,
1183,P090192,*Oc1ccc(OC(=O)CCCCC(*)=O)cc1,90.0,,,,,,,,,
1184,P090208,*CC1CCC(COC(=O)C2CCC(C(=O)O*)CC2)CC1,77.0,,,,,,,,,
1185,P090212,*CC1CCC(COC(=O)c2cccc(C(=O)O*)c2)CC1,70.0,,,,,,,,,
1186,P090224,*CCCCCCCCCCOC(=O)CCCCCNC(=O)CCCCC(=O)NCCCCCC(=O)O*,-12.0,,0.2955,,,,,,,
1187,P090227,*CCCCCCCCCCOC(=O)c1ccc(-c2ccc(C(=O)O*)cc2)cc1,52.0,,,,,,,,,
1188,P090259,*CCCCCCCCCCCCCCCCCCCCOC(=O)CC(=O)O*,-35.1,,0.318,,,,,,,
1189,P090271,*CCOC(=O)C1CCC(C(=O)O*)CC1,25.0,,,,,,,,,
1190,P090276,*CCOC(=O)c1ccc(-c2ccc(C(=O)O*)cc2)cc1,40.0,,,,,,,,,
1191,P090288,*OC(C)COC(=O)c1cccc(C(*)=O)c1,77.0,,,,,,,,,
1192,P090296,*CCCCCCOC(=O)CCCCCNC(=O)CCCCC(=O)NCCCCCC(=O)O*,-7.0,,,,,,,,,
1193,P090300,*CCCCCCOC(=O)c1ccc(-c2ccc(C(=O)O*)cc2)cc1,51.0,,,,,,,,,
1194,P090336,*Oc1cccc(C(*)=O)c1,162.0,,,,,,,,,
1195,P090339,*Oc1ccc(CC(*)=O)cc1,117.0,,,,,,,,,
1196,P090342,*OC(CC(*)=O)C(C)(Cl)Cl,109.0,,,,,,,,,
1197,P090353,*SC(C)C(*)=O,12.0,,,,,,,,,
1198,P090354,*CCC(C)CCC(=O)S*,-50.0,,,,,,,,,
1199,P090357,*Oc1ccc(Cc2ccc(OC(=O)CCCCC(*)=O)cc2)cc1,60.5,,,,,,,,,
1200,P090367,*CCCCCCCCOC(=O)c1ccc(-c2ccc(C(=O)O*)cc2)cc1,47.0,,,,,,,,,
1201,P090377,*CC(F)(F)C(F)(F)C(F)(F)COC(=O)CCCCC(=O)O*,-60.5,,,,,,,,,
1202,P090383,*CCCCCOC(=O)c1ccc(-c2ccc(C(=O)O*)cc2)cc1,47.5,,,,,,,,,
1203,P090411,*Oc1cccc(OC(=O)CCC(*)=O)c1,38.2,,,,,,,,,
1204,P090413,*Oc1ccc(OC(=O)c2ccc(C(*)=O)cc2)cc1,267.0,,,,,,,,,
1205,P090423,*CCCCOC(=O)CCCCCNC(=O)CCCCC(=O)NCCCCCC(=O)O*,-15.0,,0.242,,,,,,,
1206,P090424,*CCCCOC(=O)CCCCCCCC(=O)O*,-62.5,,0.241,,,,,,,
1207,P090429,*CCCCOC(=O)c1ccc(-c2ccc(C(=O)O*)cc2)cc1,70.0,,0.248,,,,,,,
1208,P090437,*CCCCOC(=O)CCCC(=O)O*,-36.5,,,,,,,,,
1209,P090441,*CCCCOC(=O)COCC(=O)O*,-23.0,,,,,,,,,
1210,P090457,*CC(C)(C)COC(=O)CCCCC(=O)O*,-31.55,,,,,,,,,
1211,P090459,*CCCOC(=O)C1CCC(C(=O)O*)CC1,-6.0,,0.222,,,,,,,
1212,P090465,*OC(C)CCOC(=O)c1ccc(-c2ccc(C(*)=O)cc2)cc1,92.5,,,,,,,,,
1213,P090466,*CCCOC(=O)c1cccc(C(=O)O*)c1,36.0,,,,,,,,,
1214,P090469,*CC(C)(C)COC(=O)CCC(=O)O*,-18.0,,,,,,,,,
1215,P090479,*CC(C)(C)COC(=O)c1ccc(C(=O)O*)cc1,68.0,,,,,,,,,
1216,P090498,*Cc1ccc(COC(=O)c2cccc(C(=O)O*)c2)cc1,143.0,,,,,,,,,
1217,P090506,*Oc1c(C)cc(-c2cc(C)c(OC(=O)CCCCC(*)=O)c(C)c2)cc1C,108.0,,,,,,,,,
1218,P090507,*Oc1c(C)cc(C(C)(C)c2cc(C)c(OC(=O)CCCCC(*)=O)c(C)c2)cc1C,93.0,,,,,,,,,
1219,P090508,*Oc1ccc(C(C)(C)c2ccc(OC(=O)CCCCC(*)=O)cc2)cc1,54.0,,,,,,,,,
1220,P090509,*Oc1c(-c2ccccc2)cc(Cc2cc(-c3ccccc3)c(OC(=O)CCCCC(*)=O)c(-c3ccccc3)c2)cc1-c1ccccc1,115.0,,,,,,,,,
1221,P090510,*Oc1cc(CCCC)cc(OC(=O)c2cccc(C(*)=O)c2)c1,97.5,,,,,,,,,
1222,P090511,*O[Sn](CCCC)(CCCC)OC(=O)CCCCC(*)=O,110.0,,,,,,,,,
1223,P090512,*O[Sn](CCCC)(CCCC)OC(=O)c1ccc(C(*)=O)cc1,315.0,,,,,,,,,
1224,P090514,*CCCCCCCCCCOC(=O)c1ccc2cc(C(=O)O*)ccc2c1,50.5,,,,,,,,,
1225,P090515,*CCC(C)CCC(=O)O*,-53.0,,0.253,,,,,,,
1226,P090516,*OC(C)CCCC(C)C(*)=O,-33.0,,,,,,,,,
1227,P090517,*Oc1cc(CC)cc(OC(=O)c2cccc(C(*)=O)c2)c1,138.0,,,,,,,,,
1228,P090518,*CC(F)(F)C(F)(F)C(F)(F)COC(=O)c1cc(C(=O)O*)cc(C(F)(F)C(F)(F)C(F)(F)C(F)(F)C(F)(F)C(F)(F)C(F)(F)F)c1,27.0,,,,,,,,,
1229,P090519,*CC(F)(F)C(F)(F)C(F)(F)COC(=O)c1cccc(-c2cccc(C(=O)O*)c2)c1,45.0,,,,,,,,,
1230,P090520,*CC(F)(F)C(F)(F)C(F)(F)COC(=O)c1cccc(C(F)(F)C(F)(F)C(F)(F)C(F)(F)C(F)(F)c2cccc(C(=O)O*)c2)c1,29.0,,,,,,,,,
1231,P090521,*CC(F)(F)C(F)(F)C(F)(F)COC(=O)c1cccc(C(F)(F)C(F)(F)C(F)(F)c2cccc(C(=O)O*)c2)c1,24.0,,,,,,,,,
1232,P090526,*Oc1cc(CCCCCC)cc(OC(=O)c2cccc(C(*)=O)c2)c1,67.5,,,,,,,,,
1233,P090527,*Oc1ccc(-c2ccc(OC(=O)c3cccc(C(*)=O)c3)cc2)cc1,185.5,,,,,,,,,
1234,P090528,*CC(F)(F)C(F)(F)C(F)(F)COC(=O)c1cccc(C(=O)O*)c1,23.5,,,,,,,,,
1235,P090529,*Oc1ccc(C(C)(C)c2ccc(OC(=O)c3cccc(C(*)=O)c3)c(C)c2)cc1C,162.0,,,,,,,,,
1236,P090530,*Oc1c(C)cc(C(C)(C)c2cc(C)c(OC(=O)c3cccc(C(*)=O)c3)c(C)c2)cc1C,187.0,,,,,,,,,
1237,P090534,*Oc1ccc(C2(c3ccc(OC(=O)c4cccc(C(*)=O)c4)cc3)CCCCC2)cc1,127.0,,,,,,,,,
1238,P090535,*Oc1c(C)cc(-c2cc(C)c(OC(=O)CCCCCCCCC(*)=O)c(C)c2)cc1C,57.0,,,,,,,,,
1239,P090536,*OC1C(C)(C)C(OC(=O)C2CCC(C(*)=O)CC2)C1(C)C,169.0,,,,,,,,,
1240,P090537,*OC1C(C)(C)C(OC(=O)c2ccc(C(*)=O)cc2)C1(C)C,184.0,,,,,,,,,
1241,P090538,*CCCCOC(=O)C1CCC(C(=O)O*)CC1,-10.5,,,,,,,,,
1242,P090539,*CCCCCCOC(=O)c1ccc2cc(C(=O)O*)ccc2c1,64.0,,,,,,,,,
1243,P090540,*CCCCCOC(=O)c1ccc2cc(C(=O)O*)ccc2c1,58.5,,,,,,,,,
1244,P090541,*CCCCOC(=O)c1ccc2cc(C(=O)O*)ccc2c1,66.0,,,,,,,,,
1245,P090542,*CCCOC(=O)c1ccc2cc(C(=O)O*)ccc2c1,88.0,,,,,,,,,
1246,P090543,*Oc1c(C)cc(C(C)(C)c2cc(C)c(OC(=O)CCCCCCCCC(*)=O)c(C)c2)cc1C,45.0,,,,,,,,,
1247,P090544,*Oc1cc(C)cc(OC(=O)c2cccc(C(*)=O)c2)c1,163.0,,,,,,,,,
1248,P090546,*CC(C)(C)COC(=O)C1CCC(C(=O)O*)CC1,30.0,,,,,,,,,
1249,P090549,*Oc1cc(CCCCCCCCC)cc(OC(=O)c2cccc(C(*)=O)c2)c1,41.5,,,,,,,,,
1250,P090550,*Oc1cc(CCCCCCCC)cc(OC(=O)c2cccc(C(*)=O)c2)c1,50.5,,,,,,,,,
1251,P090551,*Oc1ccc(-c2ccc(OC(=O)c3cc(CCCCC)cc(C(*)=O)c3)cc2)cc1,138.0,,,,,,,,,
1252,P090552,*CC(F)(F)C(F)(F)C(F)(F)COC(=O)c1cccc(C(=O)O*)c1OCCCCC,17.0,,,,,,,,,
1253,P090553,*CC(F)(F)C(F)(F)C(F)(F)COC(=O)c1ccc(OCCCCC)c(C(=O)O*)c1,9.0,,,,,,,,,
1254,P090554,*CC(F)(F)C(F)(F)C(F)(F)COC(=O)c1cc(OCCCCC)cc(C(=O)O*)c1,-30.0,,,,,,,,,
1255,P090555,*Oc1ccc(Cc2ccc(OC(=O)c3cc(OCCCCC)cc(C(*)=O)c3)cc2)cc1,110.0,,,,,,,,,
1256,P090556,*Oc1c(-c2ccccc2)cc(-c2cc(-c3ccccc3)c(OC(=O)CCCCCCCCC(*)=O)c(-c3ccccc3)c2)cc1-c1ccccc1,98.0,,,,,,,,,
1257,P090557,*Oc1ccc(C2(c3ccc(OC(=O)CCCCCCCCC(*)=O)cc3)c3ccccc3-c3ccccc32)cc1,151.0,,,,,,,,,
1258,P090558,*Oc1cccc(C(F)(F)C(F)(F)C(F)(F)c2cccc(OC(=O)c3cccc(C(F)(F)C(F)(F)C(F)(F)c4cccc(C(*)=O)c4)c3)c2)c1,74.0,,,,,,,,,
1259,P090559,*Oc1ccc(C(C)(C)c2ccc(OC(=O)c3ccc(C(C)(CC)c4ccc(C(*)=O)cc4)cc3)cc2)cc1,211.0,,,,,,,,,
1260,P090560,*Oc1ccc(C(C)(C)c2ccc(OC(=O)c3cccc(C(F)(F)C(F)(F)C(F)(F)c4cccc(C(*)=O)c4)c3)cc2)cc1,122.0,,,,,,,,,
1261,P090561,*Oc1ccc(C(C)(C)c2ccc(OC(=O)CCCCCCCCC(*)=O)cc2)cc1,14.25,,,,,,,,,
1262,P090566,*Oc1c(-c2ccccc2)cc(Cc2cc(-c3ccccc3)c(OC(=O)CCCCCCCCC(*)=O)c(-c3ccccc3)c2)cc1-c1ccccc1,92.0,,,,,,,,,
1263,P090567,*Oc1c(C)cc(-c2cc(C)c(OC(=O)CCCCCC(*)=O)c(C)c2)cc1C,96.0,,,,,,,,,
1264,P090568,*Oc1c(C)cc(C(C)(C)c2cc(C)c(OC(=O)CCCCCC(*)=O)c(C)c2)cc1C,84.0,,,,,,,,,
1265,P090569,*Oc1c(-c2ccccc2)cc(Cc2cc(-c3ccccc3)c(OC(=O)CCCCCC(*)=O)c(-c3ccccc3)c2)cc1-c1ccccc1,111.0,,,,,,,,,
1266,P090570,*Oc1cc(CCC)cc(OC(=O)c2cccc(C(*)=O)c2)c1,129.0,,0.234,,,,,,,
1267,P090571,*Oc1ccc(C(C)(C)c2ccc(OC(=O)c3ccc(C(*)=O)cc3)c(CCCC)c2)cc1CCCC,160.0,,,,,,,,,
1268,P090572,*Oc1ccc(C(C)(C)c2ccc(OC(=O)c3ccc(C(*)=O)cc3)c(C(C)CC)c2)cc1C(C)CC,90.0,,,,,,,,,
1269,P090573,*Oc1ccc(C(C)(C)c2ccc(OC(=O)c3ccc(C(*)=O)cc3)c(Cl)c2)cc1Cl,190.0,,,,,,,,,
1270,P090574,*Oc1ccc(C(C)(C)c2ccc(OC(=O)c3ccc(C(*)=O)cc3)c(C(C)C)c2)cc1C(C)C,140.0,,,,,,,,,
1271,P090575,*Oc1cccc(OC(=O)c2cc(OCCCCC)cc(C(*)=O)c2)c1,96.0,,,,,,,,,
1272,P090577,*Oc1c(C)cc(C(C)(C)c2cc(C)c(OC(=O)c3ccc(C(*)=O)cc3)c(C)c2)cc1C,239.0,,,,,,,,,
1273,P090580,*Oc1ccc(C2(c3ccc(OC(=O)c4ccc(C(*)=O)cc4)cc3)c3ccccc3-c3ccccc32)cc1,285.0,,,,,,,,,
1274,P090582,*Oc1cc(CCCCCCCCCCCCC)cc(OC(=O)c2cccc(C(*)=O)c2)c1,25.5,,,,,,,,,
1275,P090583,*Oc1cc(CCCCCCCCCCC)cc(OC(=O)c2cccc(C(*)=O)c2)c1,34.5,,,,,,,,,
1276,P090587,*CC(C)(C)CS(=O)(=O)CC(C)(C)COC(=O)c1ccc(C(=O)O*)cc1,105.0,,,,,,,,,
1277,P090590,*c1ccc(OC(=O)c2cccc(C(=O)Oc3ccc(C4(*)NC(=O)c5ccccc54)cc3)c2)cc1,325.0,,,,,,,,,
1278,P090591,*c1ccc(OC(=O)c2ccc(C(=O)Oc3ccc(C4(*)NC(=O)c5ccccc54)cc3)cc2)cc1,327.0,,,,,,,,,
1279,P090592,*c1ccc(OC(=O)c2cc(C(=O)Oc3ccc(C4(*)OC(=O)c5ccccc54)cc3)cc(C(C)(C)C)c2)cc1,279.0,,,,,,,,,
1280,P090593,*c1ccc(OC(=O)c2cc(Cl)cc(C(=O)Oc3ccc(C4(*)OC(=O)c5ccccc54)cc3)c2)cc1,313.0,,,,,,,,,
1281,P090595,*OC1CCC(OC(=O)CCCCCCCCC(*)=O)CC1,66.0,,,,,,,,,
1282,P090598,*OC(C)COC(=O)c1ccccc1C(*)=O,95.0,,,,,,,,,
1283,P090610,*OC(C)COC(=O)c1ccc(C(*)=O)cc1,98.0,,,,,,,,,
1284,P090625,*Oc1ccc(C2(c3ccc(OC(=O)c4ccc(C(*)=O)cc4)cc3)CCc3ccccc32)cc1,312.0,,,,,,,,,
1285,P090627,*Oc1ccc(-c2ccc(OC(=O)c3ccc(C(*)=O)cc3)cc2)cc1-c1ccccc1,132.0,,,,,,,,,
1286,P090631,*CCCCCCCOC(=O)c1ccc(-c2ccc(C(=O)O*)cc2)cc1,44.0,,,,,,,,,
1287,P090632,*CCCCOC(=O)c1ccc([Si](C)(C)c2ccc(C(=O)O*)cc2)cc1,42.0,,,,,,,,,
1288,P090633,*CCCCOC(=O)c1ccc(C(C)(C)c2ccc(C(=O)O*)cc2)cc1,44.0,,,,,,,,,
1289,P090634,*Oc1ccc(OC(=O)c2ccc([Si](C)(C)c3ccc(C(*)=O)cc3)cc2)cc1,176.0,,,,,,,,,
1290,P090635,*Oc1ccc(OC(=O)c2ccc(C(C)(C)c3ccc(C(*)=O)cc3)cc2)cc1,195.0,,,,,,,,,
1291,P090636,*Oc1cccc(OC(=O)c2ccc([Si](C)(C)c3ccc(C(*)=O)cc3)cc2)c1,134.0,,,,,,,,,
1292,P090637,*Oc1cccc(OC(=O)c2ccc(C(C)(C)c3ccc(C(*)=O)cc3)cc2)c1,158.0,,0.222,,,,,,,
1293,P094250,*Oc1ccc(C(C)(C)c2ccc(OC(=O)CN(CC(*)=O)c3ccc(/N=N/c4ccc([N+](=O)[O-])cc4)cc3)cc2)cc1,152.0,,0.244,,,,,,,
1294,P094308,*Oc1ccc(OC(=O)/C=C/c2ccc(/C=C/C(*)=O)cc2)cc1,210.0,,,,,,,,,
1295,P094309,*Oc1ccc(-c2ccc(OC(=O)/C=C/c3ccc(/C=C/C(*)=O)cc3)cc2)cc1,243.0,,,,,,,,,
1296,P094316,*C(=O)Oc1ccc(C(C)(C)c2ccc(OC(=O)c3ccc4c(c3)C(=O)N(c3cccc(N5C(=O)c6ccc(*)cc6C5=O)c3)C4=O)cc2)cc1,225.0,,,,,,,,,
1297,P094334,*C(=O)OCCCCOC(=O)c1ccc(NC(=O)c2ccc(N3C(=O)c4ccc(*)cc4C3=O)cc2)cc1,130.0,,,,,,,,,
1298,P094335,*C(=O)OCCCCCOC(=O)c1ccc(NC(=O)c2ccc(N3C(=O)c4ccc(*)cc4C3=O)cc2)cc1,129.0,,,,,,,,,
1299,P094336,*C(=O)OCCCCCCOC(=O)c1ccc(NC(=O)c2ccc(N3C(=O)c4ccc(*)cc4C3=O)cc2)cc1,107.0,,,,,,,,,
1300,P094337,*C(=O)OCCCCCCCOC(=O)c1ccc(NC(=O)c2ccc(N3C(=O)c4ccc(*)cc4C3=O)cc2)cc1,106.0,,,,,,,,,
1301,P094338,*C(=O)OCCCCCCCCOC(=O)c1ccc(NC(=O)c2ccc(N3C(=O)c4ccc(*)cc4C3=O)cc2)cc1,105.0,,,,,,,,,
1302,P094339,*C(=O)OCCCCCCCCCOC(=O)c1ccc(NC(=O)c2ccc(N3C(=O)c4ccc(*)cc4C3=O)cc2)cc1,100.0,,,,,,,,,
1303,P094340,*C(=O)OCCCCCCCCCCOC(=O)c1ccc(NC(=O)c2ccc(N3C(=O)c4ccc(*)cc4C3=O)cc2)cc1,102.0,,,,,,,,,
1304,P094341,*C(=O)OCCCCCCCCCCCCOC(=O)c1ccc(NC(=O)c2ccc(N3C(=O)c4ccc(*)cc4C3=O)cc2)cc1,74.0,,,,,,,,,
1305,P094356,*CCCCOC(=O)Nc1ccc(Cc2ccc(NC(=O)OCCCCn3c4ccccc4c4cc(/C=C(\C#N)C(=O)OCCCCCCOC(=O)/C(C#N)=C/c5ccc6c(c5)c5ccccc5n6*)ccc43)cc2)cc1,122.0,,,,,,,,,
1306,P094357,*CCCCOC(=O)Nc1ccc(-c2ccc(NC(=O)OCCCCn3c4ccccc4c4cc(/C=C(\C#N)C(=O)OCCCCCCOC(=O)/C(C#N)=C/c5ccc6c(c5)c5ccccc5n6*)ccc43)c(C)c2)cc1C,113.0,,,,,,,,,
1307,P094358,*CCCCOC(=O)Nc1ccc(C)c(NC(=O)OCCCCn2c3ccccc3c3cc(/C=C(\C#N)C(=O)OCCCCCCOC(=O)/C(C#N)=C/c4ccc5c(c4)c4ccccc4n5*)ccc32)c1,117.0,,,,,,,,,
1308,P094396,*Oc1ccc(-c2cc(-c3ccccc3)c(-c3ccc(OC(=O)c4ccc(C(*)=O)cc4-c4ccccc4)cc3)c(-c3ccccc3)c2-c2ccccc2)cc1,225.0,,,,,,,,,
1309,P094397,*Oc1ccc(-c2ccc(-c3cc(-c4ccccc4)c(-c4ccc(-c5ccc(OC(=O)c6ccc(C(*)=O)cc6-c6ccccc6)cc5)cc4)c(-c4ccccc4)c3-c3ccccc3)cc2)cc1,260.0,,0.315,,,,,,,
1310,P094550,*c1ccc(OC(=O)c2cccc(C(=O)Oc3ccc(C4(*)OC(=O)c5ccccc54)cc3C)c2)c(C)c1,273.0,,,,,,,,,
1311,P094574,*CCOC(=O)c1ccc(-c2ccc(C(=O)O*)cc2C)c(C)c1,73.0,,,,,,,,,
1312,P094575,*CCOC(=O)c1ccc(C2(C)CC(C)(C)c3ccc(C(=O)O*)cc32)cc1,154.0,,,,,,,,,
1313,P094584,*Oc1ccc(OC(=O)CCCCCCCCC(*)=O)cc1,52.8,,0.257,,,,,,,
1314,P094585,*Oc1ccc(C(C)(C)c2ccc(OC(=O)c3ccc(S(=O)(=O)c4ccc(C(*)=O)cc4)cc3)cc2)cc1,220.0,,,,,,,,,
1315,P094589,*Oc1ccc(S(=O)(=O)c2ccc(OC(=O)c3cccc(C(*)=O)c3)cc2)cc1,249.0,,,,,,,,,
1316,P094598,*OC(C)CCCCC(*)=O,-40.0,,,,,,,,,
1317,P094604,*c1ccc(OC(=O)c2cccc(C(=O)Oc3ccc(C4(*)c5ccccc5C(=O)N4C)cc3)c2)cc1,285.0,,,,,,,,,
1318,P094605,*c1ccc(OC(=O)c2ccc(C(=O)Oc3ccc(C4(*)c5ccccc5C(=O)N4C)cc3)cc2)cc1,282.0,,,,,,,,,
1319,P099018,*Cc1ccc2nc(-c3cc(-c4nc5ccc(*)cc5c(=O)o4)cc(N4C(=O)c5ccccc5C4=O)c3)oc(=O)c2c1,322.0,,0.227,,,,,,,
1320,P099049,*c1ccc(OC(=O)c2cccc(C(=O)Oc3ccc(C4(*)C(=O)Nc5ccccc54)cc3)c2)cc1,256.0,,,,,,,,,
1321,P099050,*c1ccc(OC(=O)c2cccc(C(=O)Oc3ccc(C4(*)C(=O)Nc5c(Cl)cc(Cl)cc54)cc3)c2)cc1,270.0,,,,,,,,,
1322,P100001,*CCC(=O)N*,145.5,,,,,,,,,
1323,P100002,*CCCCNC(=O)CCCCC(=O)N*,58.0,,0.302,,,,,,,
1324,P100003,*CCCCCNC(=O)CCCCC(=O)N*,46.5,,0.327,,,,,,,
1325,P100004,*CCCCCC(=O)N*,51.6,,0.301,,,,,,,
1326,P100005,*CCCCCCNC(=O)CCCCC(=O)N*,58.2,,,,,,,,,
1327,P100006,*CCCCCCNC(=O)CCCCCC(=O)N*,54.0,,0.278,,,,,,,
1328,P100007,*CCCCCCNC(=O)CCCCCCC(=O)N*,57.0,,0.345,,,,,,,
1329,P100008,*CCCCCCNC(=O)CCCCCCCC(=O)N*,42.3,,,,,,,,,
1330,P100009,*CCCCCCNC(=O)CCCCCCCCC(=O)N*,45.0,,,,,,,,,
1331,P100010,*CCCCCCNC(=O)CCCCCCCCCCC(=O)N*,46.0,,,,,,,,,
1332,P100011,*CCCCCCC(=O)N*,52.0,,,,,,,,,
1333,P100012,*CCCCCCCNC(=O)CCCCC(=O)N*,55.0,,0.323,,,,,,,
1334,P100013,*CCCCCCCNC(=O)CCCCCC(=O)N*,55.0,,0.334,,,,,,,
1335,P100014,*CCCCCCCC(=O)N*,37.0,,0.329,,,,,,,
1336,P100015,*CCCCCCCCNC(=O)CCCCC(=O)N*,50.0,,0.291,,,,,,,
1337,P100016,*CCCCCCCCNC(=O)CCCCCCCCC(=O)N*,54.0,,0.392,,,,,,,
1338,P100017,*CCCCCCCCNC(=O)CCCCCCCCCCC(=O)N*,50.0,,0.3463333333333334,,,,,,,
1339,P100018,*CCCCCCCCNC(=O)CCCCCCCCCCCCCCCCCCCCC(=O)N*,48.0,,0.42500000000000004,,,,,,,
1340,P100019,*CCCCCCCCC(=O)N*,48.0,,,,,,,,,
1341,P100021,*CCCCCCCCCNC(=O)CCCCC(=O)N*,68.0,,,,,,,,,
1342,P100022,*CCCCCCCCCC(=O)N*,43.0,,,,,,,,,
1343,P100023,*CCCCCCCCCCNC(=O)CCCCCCCCCCC(=O)N*,49.0,,,,,,,,,
1344,P100024,*CCCCCCCCCCC(=O)N*,46.0,,,,,,,,,
1345,P100025,*CCCCCCCCCCCC(=O)N*,42.0,,0.34099999999999997,,,,,,,
1346,P100027,*CCCCCCCCCCCCNC(=O)CCCCCCCCCCCCCCCCC(=O)N*,46.5,,,,,,,,,
1347,P100028,*CCCCCCCCCCCCC(=O)N*,41.0,,0.33,,,,,,,
1348,P100029,*CCCCCCCCCCCCCCNC(=O)CCCCCCCCCCCCCCCCC(=O)N*,48.0,,0.43414285714285716,,,,,,,
1349,P100030,*CCCCCCCCCCCCCCCCCCNC(=O)CCCCCCCCCCCCCCCCC(=O)N*,50.0,,0.4533333333333333,,,,,,,
1350,P100036,*NC1CCC(CC2CCC(NC(=O)CCCCC(*)=O)CC2)CC1,185.0,,,,,,,,,
1351,P100037,*CCCC1(CCCNC(=O)CCCCC(=O)N*)c2ccccc2-c2ccccc21,120.0,,,,,,,,,
1352,P100038,*CCCP(CCCNC(=O)CCCCC(=O)N*)CC(C)C,71.0,,,,,,,,,
1353,P100040,*CCCCCCCCCCNC(=O)CCCCC(=O)N*,45.0,,,,,,,,,
1354,P100041,*CCCCCCCCCCNC(=O)CCCCCCCCC(=O)N*,60.0,,0.40800000000000003,,,,,,,
1355,P100042,*CCCNC(=O)CCCCC(=O)NCCCN(*)C,5.0,,,,,,,,,
1356,P100043,*Cc1cc(C)c(CNC(=O)CCCCC(=O)N*)cc1C,70.0,,,,,,,,,
1357,P100044,*CCCCP(C)(=O)CCCNC(=O)CCCCC(=O)N*,59.0,,,,,,,,,
1358,P100045,*CCCP(C)(=O)CCCNC(=O)CCCCC(=O)N*,33.0,,,,,,,,,
1359,P100047,*CCCP(CCCNC(=O)CCCCC(=O)N*)c1ccccc1,49.0,,,,,,,,,
1360,P100048,*CCCP(=O)(CCCNC(=O)CCCCC(=O)N*)c1ccccc1,55.0,,,,,,,,,
1361,P100049,*CCCCCCNC(=O)c1cc(C(=O)N*)cc(C(C)(C)C)c1,163.0,,,,,,,,,
1362,P100050,*CC1CCC(CNC(=O)c2cc(C(=O)N*)cc(C(C)(C)C)c2)CC1,236.0,,,,,,,,,
1363,P100051,*Cc1cccc(CNC(=O)c2cc(C(=O)N*)cc(C(C)(C)C)c2)c1,192.0,,,,,,,,,
1364,P100052,*Cc1ccc(CNC(=O)c2cc(C(=O)N*)cc(C(C)(C)C)c2)cc1,204.0,,,,,,,,,
1365,P100053,*CC(C)CCC(C)CNC(=O)c1cc(C(=O)N*)cc(C(C)(C)C)c1,149.0,,,,,,,,,
1366,P100054,*CCC(C)C(C)CCNC(=O)c1cc(C(=O)N*)cc(C(C)(C)C)c1,173.0,,,,,,,,,
1367,P100056,*CCCC1(CCCNC(=O)c2ccccc2-c2ccccc2C(=O)N*)c2ccccc2-c2ccccc21,165.0,,,,,,,,,
1368,P100058,*CCCCCCNC(=O)Cc1ccc(C(=O)N*)cc1,104.0,,,,,,,,,
1369,P100059,*NC1CCC(CC2CCC(NC(=O)CCCCCCCCCCC(*)=O)CC2)CC1,142.0,,,,,,,,,
1370,P100060,*NC1CCC(CC2CCC(NC(=O)CCCCCCCCC(*)=O)CC2)CC1,144.0,,,,,,,,,
1371,P100063,*CCc1ccc(CCNC(=O)CCCCCCCCCCCCCCCCC(=O)N*)cc1,75.0,,0.368,,,,,,,
1372,P100064,*CCc1ccc(CCNC(=O)CCCCCCCCCCCCC(=O)N*)cc1,93.0,,,,,,,,,
1373,P100065,*CCc1ccc(CCNC(=O)CCCCCCCCCC(=O)N*)cc1,96.0,,,,,,,,,
1374,P100066,*CCc1ccc(CCNC(=O)CCCCCCCCC(=O)N*)cc1,105.0,,,,,,,,,
1375,P100067,*CCCC(C)(C)CNC(=O)CCCC(=O)N*,82.0,,,,,,,,,
1376,P100068,*Nc1ccc(-c2ccc(NC(=O)c3cccc(C(*)=O)c3)cc2)cc1,294.0,,,,,,,,,
1377,P100069,*CCCCCCNC(=O)c1cccc(C(=O)N*)c1,120.0,,,,,,,,,
1378,P100070,*CCCCCCCCNC(=O)c1cccc(C(=O)N*)c1,110.0,,,,,,,,,
1379,P100071,*CC1CCC(CNC(=O)c2cccc(C(=O)N*)c2)CC1,208.0,,,,,,,,,
1380,P100072,*CCCC1(CCCNC(=O)c2cccc(C(=O)N*)c2)c2ccccc2-c2ccccc21,175.0,,,,,,,,,
1381,P100073,*Cc1cccc(CNC(=O)c2cccc(C(=O)N*)c2)c1,172.0,,,,,,,,,
1382,P100074,*CCC(C)C(C)CCNC(=O)c1cccc(C(=O)N*)c1,125.0,,,,,,,,,
1383,P100075,*CCCC(C)(C)CNC(=O)c1cccc(C(=O)N*)c1,153.0,,,,,,,,,
1384,P100076,*Nc1ccc(Cc2ccc(NC(=O)c3cccc(C(*)=O)c3)cc2)cc1,265.0,,,,,,,,,
1385,P100077,*CCCCCCCCCCNC(=O)/C=C(\C)C(=O)N*,74.0,,,,,,,,,
1386,P100078,*CCCCCCNC(=O)/C=C(\C)C(=O)N*,94.0,,,,,,,,,
1387,P100079,*Cc1cccc(CNC(=O)/C=C(\C)C(=O)N*)c1,135.0,,,,,,,,,
1388,P100080,*CCCCCCNC(=O)CCC(C)CC(=O)N*,17.0,,,,,,,,,
1389,P100081,*CC1CC(CNC(=O)c2cccc(C(=O)N*)c2)CC(C(C)(C)C)C1,209.0,,,,,,,,,
1390,P100082,*Cc1cc(CNC(=O)CCCCC(=O)N*)cc(C(C)(C)C)c1,109.0,,,,,,,,,
1391,P100083,*Cc1cc(CNC(=O)c2cccc(C(=O)N*)c2)cc(C(C)(C)C)c1,188.0,,,,,,,,,
1392,P100084,*CC1CCCC(CNC(=O)c2cc(C(=O)N*)cc(C(C)(C)C)c2)C1,200.0,,,,,,,,,
1393,P100085,*CC1CCCC(CNC(=O)c2cccc(C(=O)N*)c2)C1,180.0,,,,,,,,,
1394,P100086,*CCCC1(CCCNC(=O)CCCCCCCCC(=O)N*)c2ccccc2-c2ccccc21,85.0,,,,,,,,,
1395,P100087,*CCCCCCNC(=O)c1ccccc1-c1ccccc1C(=O)N*,122.5,,,,,,,,,
1396,P100088,*CCCCCCNC(=O)c1ccc(C(C)(CC)c2ccc(C(=O)N*)cc2)cc1,164.0,,,,,,,,,
1397,P100089,*CCCCNC(=O)c1ccc(C(C)(CC)c2ccc(C(=O)N*)cc2)cc1,182.0,,,,,,,,,
1398,P100090,*CCCCCNC(=O)Cc1ccc(C(=O)N*)cc1,103.0,,,,,,,,,
1399,P100091,*CCCCNC(=O)Cc1ccc(C(=O)N*)cc1,84.0,,,,,,,,,
1400,P100092,*CCCNC(=O)Cc1ccc(C(=O)N*)cc1,109.0,,,,,,,,,
1401,P100094,*CCCCCCCCNC(=O)Cc1ccc(CC(=O)N*)cc1,110.0,,,,,,,,,
1402,P100095,*CCCCCCNC(=O)CCC1(CCC(=O)N*)c2ccccc2-c2ccccc21,122.0,,,,,,,,,
1403,P100096,*CCCCCCNC(=O)CCP(=S)(CCC(=O)N*)c1ccccc1,43.0,,,,,,,,,
1404,P100097,*CCCCCCNC(=O)CCP(=O)(CCC(=O)N*)c1ccccc1,29.0,,,,,,,,,
1405,P100098,*CCCCCNC(=O)c1ccc(C(=O)N*)cc1,177.0,,,,,,,,,
1406,P100099,*NC1CC(C)(C)CC(C)(CNC(=O)CCCCC(*)=O)C1,150.8,,,,,,,,,
1407,P100101,*Cc1cccc(CNC(=O)CCCCC(=O)N*)c1,84.0,,,,,,,,,
1408,P100102,*Cc1cccc(CNC(=O)c2ccccc2-c2ccccc2C(=O)N*)c1,159.0,,,,,,,,,
1409,P100103,*Cc1ccc(CNC(=O)CC(C)(C)CC(C)C(=O)N*)cc1,125.0,,,,,,,,,
1410,P100104,*Cc1ccc(CNC(=O)CCCCCCCCCCC(=O)N*)cc1,105.0,,,,,,,,,
1411,P100105,*Cc1ccc(CNC(=O)CCCCCCCCCCCCCCCCC(=O)N*)cc1,75.0,,0.32999999999999996,,,,,,,
1412,P100106,*Cc1cccc(CNC(=O)CCC2(CCC(=O)N*)c3ccccc3-c3ccccc32)c1,150.0,,,,,,,,,
1413,P100107,*Cc1ccc(CNC(=O)CCCCCCCCCCCCCC(=O)N*)cc1,90.0,,,,,,,,,
1414,P100108,*Cc1ccc(CNC(=O)CCCCCCCCC(=O)N*)cc1,115.0,,,,,,,,,
1415,P100109,*Cc1ccc(CNC(=O)CCCCCCCCCCCC(=O)N*)cc1,100.0,,,,,,,,,
1416,P100110,*Cc1ccc(CNC(=O)CCCCCCCCCC(=O)N*)cc1,110.0,,,,,,,,,
1417,P100113,*CCCC(C)(C)CNC(=O)CCCCC(=O)N*,77.0,,,,,,,,,
1418,P100114,*CCC(C)(C)CC(C)CNC(=O)CCCCC(=O)N*,65.0,,,,,,,,,
1419,P100115,*CCCC(C)(C)CNC(=O)CCCCCCCC(=O)N*,63.0,,,,,,,,,
1420,P100116,*CCCC(C)(C)CNC(=O)CCCCCC(=O)N*,70.5,,,,,,,,,
1421,P100117,*CCCC(C)(C)CNC(=O)c1ccc(C(=O)N*)cc1,157.0,,,,,,,,,
1422,P100118,*Nc1cccc2c(NC(=O)c3cccc(C(*)=O)c3)cccc12,325.0,,,,,,,,,
1423,P100119,*Nc1cccc2c(NC(=O)c3ccc(C(*)=O)cc3)cccc12,305.0,,,,,,,,,
1424,P100120,*CCCC(C)(C)CNC(=O)C(=O)N*,109.0,,,,,,,,,
1425,P100121,*CCCCCCCCCCCCCCCCCCNC(=O)Cc1ccc(CC(=O)N*)cc1,78.0,,,,,,,,,
1426,P100122,*CCCC1(CCCNC(=O)CCC2(CCC(=O)N*)c3ccccc3-c3ccccc32)c2ccccc2-c2ccccc21,165.0,,,,,,,,,
1427,P100123,*CCCCCCCCCCCCNC(=O)CCc1ccc(CCC(=O)N*)cc1,85.0,,,,,,,,,
1428,P100124,*CCCCCCCCCCCCCCCCCCNC(=O)CCc1ccc(CCC(=O)N*)cc1,65.0,,0.3755,,,,,,,
1429,P100126,*Nc1cccc(NC(=O)c2cccc(C(*)=O)c2)c1,275.0,,,,,,,,,
1430,P100127,*Nc1ccc(NC(=O)c2cccc(C(*)=O)c2)cc1,295.0,,,,,,,,,
1431,P100129,*Nc1cccc(NC(=O)CCCCCCCCC(*)=O)c1,110.0,,,,,,,,,
1432,P100130,*Nc1cccc(NC(=O)c2ccc(C(*)=O)cc2)c1,238.0,,,,,,,,,
1433,P100131,*Nc1ccc(NC(=O)c2ccc(C(*)=O)cc2)cc1,295.0,,,,,,,,,
1434,P100132,*Nc1ccc(-c2ccc(NC(=O)c3ccc(C(*)=O)cc3)cc2)cc1,340.0,,,,,,,,,
1435,P100133,*CCCC(CCNC(=O)c1ccc(C(=O)N*)cc1)C(C)C,150.0,,,,,,,,,
1436,P100134,*CCCCCCCCCCCCNC(=O)c1ccc(C(=O)N*)cc1,130.0,,,,,,,,,
1437,P100135,*CCCCCCCNC(=O)c1ccc(C(=O)N*)cc1,160.0,,,,,,,,,
1438,P100136,*CCCCCCNC(=O)c1ccc(C(=O)N*)cc1,132.5,,,,,,,,,
1439,P100137,*CCCCCCCCCNC(=O)c1ccc(C(=O)N*)cc1,115.0,,,,,,,,,
1440,P100138,*Cc1cc(C)c(CNC(=O)c2ccc(C(=O)N*)cc2)cc1C,225.0,,,,,,,,,
1441,P100139,*CCCC(C)(C)CCCNC(=O)c1ccc(C(=O)N*)cc1,152.0,,,,,,,,,
1442,P100140,*NC(C)CCC(C)(C)CCCNC(=O)c1ccc(C(*)=O)cc1,150.0,,,,,,,,,
1443,P100141,*CCC(C)CC(C)(C)CNC(=O)c1ccc(C(=O)N*)cc1,147.0,,,,,,,,,
1444,P100142,*CCC(C)(C)CC(C)CNC(=O)c1ccc(C(=O)N*)cc1,148.0,,,,,,,,,
1445,P100143,*Nc1ccc(Cc2ccc(NC(=O)c3ccc(C(*)=O)cc3)cc2)cc1,294.5,,,,,,,,,
1446,P100144,*CCCCCCN(C(=O)C(F)(F)C(F)(F)C(F)(F)C(=O)N(*)C(C)C)C(C)C,142.5,,,,,,,,,
1447,P100147,*CCCC(CC)CCNC(=O)c1ccc(C(=O)N*)cc1,135.0,,,,,,,,,
1448,P100150,*c1cccc(NC(=O)CCCCC(=O)Nc2cccc(S(*)(=O)=O)c2)c1,140.0,,,,,,,,,
1449,P100151,*c1ccc(NC(=O)CCCCC(=O)Nc2ccc(S(*)(=O)=O)cc2)cc1,194.0,,,,,,,,,
1450,P100152,*c1cccc(NC(=O)CCCCCCCC(=O)Nc2cccc(S(*)(=O)=O)c2)c1,125.0,,,,,,,,,
1451,P100153,*c1ccc(NC(=O)CCCCCCCC(=O)Nc2ccc(S(*)(=O)=O)cc2)cc1,178.0,,,,,,,,,
1452,P100157,*c1cccc(NC(=O)CCCCCCCCCCC(=O)Nc2cccc(S(*)(=O)=O)c2)c1,107.0,,,,,,,,,
1453,P100158,*c1ccc(NC(=O)CCCCCCCCCCC(=O)Nc2ccc(S(*)(=O)=O)cc2)cc1,160.0,,,,,,,,,
1454,P100161,*c1ccc(NC(=O)CCCCCC(=O)Nc2ccc(S(*)(=O)=O)cc2)cc1,163.0,,,,,,,,,
1455,P100162,*c1cccc(NC(=O)CCCCCCCCC(=O)Nc2cccc(S(*)(=O)=O)c2)c1,112.0,,,,,,,,,
1456,P100163,*c1ccc(NC(=O)CCCCCCCCC(=O)Nc2ccc(S(*)(=O)=O)cc2)cc1,72.34,,,,,,,,,
1457,P100164,*c1cccc(NC(=O)CCCCCCC(=O)Nc2cccc(S(*)(=O)=O)c2)c1,125.0,,,,,,,,,
1458,P100170,*NC(CCC(=O)OC)C(*)=O,0.0,,,,,,,,,
1459,P100172,*C(=O)CCCCCCCCC(=O)N1CCN(*)CC1,82.0,,,,,,,,,
1460,P100185,*CCCCCCCCCCC(=O)NCCCCCC(=O)N*,25.5,,0.29600000000000004,,,,,,,
1461,P100186,*NC(C)CC(*)=O,125.0,,,,,,,,,
1462,P100187,*CCCC(=O)N*,62.8,,,,,,,,,
1463,P100193,*CCNC(=O)CCCCC(=O)N*,71.0,,,,,,,,,
1464,P100203,*CCCCCNC(=O)CC(=O)N*,65.0,,,,,,,,,
1465,P100212,*CCCCCCNC(=O)CCCCCCCCCCCCCCCCC(=O)N*,47.0,,0.3955,,,,,,,
1466,P100218,*CCCCCCCCNC(=O)CCCCCCCCCCCCCCCCC(=O)N*,36.0,,0.3725,,,,,,,
1467,P100227,*CCCCCCCCCCNC(=O)CCCCCCCCCCCCCCCCC(=O)N*,46.0,,0.381,,,,,,,
1468,P100231,*CCCCCCCCCCCNC(=O)CCCCCCCCC(=O)N*,40.0,,0.314,,,,,,,
1469,P100282,*CCCNC(=O)c1ccc(C(=O)N*)cc1,180.0,,,,,,,,,
1470,P100288,*CCCCCCNC(=O)Cc1ccc(CC(=O)N*)cc1,95.0,,,,,,,,,
1471,P100289,*CCCCCCNC(=O)CCc1ccc(CCC(=O)N*)cc1,85.0,,,,,,,,,
1472,P100299,*CCCCCCCCNC(=O)c1ccc(C(=O)N*)cc1,123.0,,,,,,,,,
1473,P100305,*CCCCCCCCCCNC(=O)c1ccc(Cc2ccc(C(=O)N*)cc2)cc1,140.0,,,,,,,,,
1474,P100312,*CCCCCCCCCCCCCCNC(=O)CCc1ccc(CCC(=O)N*)cc1,85.0,,,,,,,,,
1475,P100325,*CC1CCC(CNC(=O)CCCCC(=O)N*)CC1,113.0,,,,,,,,,
1476,P100333,*CC1CCC(CNC(=O)CCCCCCCCC(=O)N*)CC1,89.0,,,,,,,,,
1477,P100335,*CC1CCC(CNC(=O)CCCCCCCCCCC(=O)N*)CC1,85.0,,,,,,,,,
1478,P100337,*NC1CCC(CCC2CCC(NC(=O)CCCCCCCCC(*)=O)CC2)CC1,116.0,,,,,,,,,
1479,P100338,*NC1CCC(CCC2CCC(NC(=O)CCCCCCCCCCC(*)=O)CC2)CC1,105.0,,,,,,,,,
1480,P100348,*Nc1cccc(NC(=O)CCCCC(*)=O)c1,114.25,,,,,,,,,
1481,P100349,*Nc1ccc(NC(=O)CCCCC(*)=O)cc1,133.0,,,,,,,,,
1482,P100358,*Nc1cccc(NC(=O)CCCCCCC(*)=O)c1,115.5,,,,,,,,,
1483,P100359,*Nc1ccc(NC(=O)CCCCCCC(*)=O)cc1,138.0,,,,,,,,,
1484,P100367,*Nc1ccc(Cc2ccc(NC(=O)CCCCCCCC(*)=O)cc2)cc1,140.0,,,,,,,,,
1485,P100369,*Nc1ccc(NC(=O)CCCCCCCCC(*)=O)cc1,125.0,,,,,,,,,
1486,P100373,*Nc1ccc(Cc2ccc(NC(=O)CCCCCCCCC(*)=O)cc2)cc1,160.0,,,,,,,,,
1487,P100394,*CCCCCCCCCCC(=O)N(*)C,-12.0,,,,,,,,,
1488,P100397,*CCCCCCCCCCCC(=O)N(*)C,-29.0,,,,,,,,,
1489,P100439,*NC(CCC(=O)OCc1ccccc1)C(*)=O,17.0,,,,,,,,,
1490,P100463,*C(=O)NCCCCCCNC(=O)c1ccc(*)nc1,80.0,,,,,,,,,
1491,P100496,*Nc1ccc(NC(=O)c2ccc(P(=O)(c3ccccc3)c3ccc(C(*)=O)cc3)cc2)cc1,252.0,,,,,,,,,
1492,P100532,*CCCCCCNC(=O)C(=O)N*,250.0,,,,,,,,,
1493,P100548,*C(=O)c1ccc(C(=O)N2CC(C)N(*)CC2C)cc1,350.0,,,,,,,,,
1494,P100556,*C(=O)c1cccc(C(=O)N2CCN(*)CC2)c1,214.5,,,,,,,,,
1495,P100621,*Nc1ccc(CC(C)(C)NC(=O)CCC(*)=O)cc1,158.0,,,,,,,,,
1496,P100622,*Nc1ccc(CC(C)(C)NC(=O)CCCCC(*)=O)cc1,130.0,,,,,,,,,
1497,P100624,*Nc1ccc(CC(C)(C)NC(=O)CCCCCCCCC(*)=O)cc1,92.0,,,,,,,,,
1498,P100627,*Nc1ccc(CC(C)(C)NC(=O)c2ccc(C(*)=O)cc2)cc1,175.0,,,,,,,,,
1499,P100643,*CC(C)C(=O)N*,96.0,,,,,,,,,
1500,P100665,*C(=O)NC1CCCC(*)O1,145.0,,,,,,,,,
1501,P100666,*CC1CCCC(CNC(=O)CCCCC(=O)N*)C1,107.0,,,,,,,,,
1502,P100673,*NC1CCC(CC2CCC(NC(=O)CCCCCCCCCCCCC(*)=O)CC2)CC1,131.0,,,,,,,,,
1503,P100681,*NC(CCC(=O)OCCCCC)C(*)=O,-20.0,,,,,,,,,
1504,P100682,*NC(CCC(=O)OCCCC)C(*)=O,-15.0,,,,,,,,,
1505,P100686,*NC(CCC(=O)OCCCCCC)C(*)=O,-25.0,,,,,,,,,
1506,P100688,*NC(CCC(=O)OCC)C(*)=O,0.0,,,,,,,,,
1507,P100690,*NC(CCC(=O)OCCCCCCCC)C(*)=O,-59.5,,,,,,,,,
1508,P100691,*NC(CCC(=O)OCCC)C(*)=O,-10.0,,,,,,,,,
1509,P100693,*CCCCCCCCCCNC(=O)CCP(C)(=O)CCC(=O)N*,45.5,,,,,,,,,
1510,P100694,*CCCCCCCCCCCCNC(=O)CCP(C)(=O)CCC(=O)N*,44.0,,,,,,,,,
1511,P100735,*CCCCCCNC(=O)CCc1ccc(CC(=O)N*)cc1,87.0,,,,,,,,,
1512,P100738,*CCCCCCNC(=O)CC(C)(C)c1ccc(C(C)(C)CC(=O)N*)cc1,91.0,,,,,,,,,
1513,P100739,*CCCCCCNC(=O)CC(C)c1ccc(C(C)CC(=O)N*)cc1,88.0,,,,,,,,,
1514,P100743,*Nc1ccc(C(C)(C)c2ccc(NC(=O)c3cccc(C(*)=O)c3)cc2)cc1,279.0,,,,,,,,,
1515,P100759,*Nc1ccc(NC(=O)CCCCCCCC(*)=O)cc1,130.0,,,,,,,,,
1516,P100766,*Nc1ccc(NC(=O)CCCC(*)=O)cc1,135.0,,,,,,,,,
1517,P100775,*CCCCNC(=O)c1cccc(C(=O)N*)c1,141.0,,,,,,,,,
1518,P100793,*CCCCCCNC(=O)c1c(Cl)c(Cl)c(C(=O)N*)c(Cl)c1Cl,282.0,,,,,,,,,
1519,P100794,*CCCCCCCCc1nc2cc(NC(=O)CCCCC(=O)Nc3ccc4oc(*)nc4c3)ccc2o1,92.0,,,,,,,,,
1520,P100795,*CCCCCCc1nc2cc(NC(=O)CCCCCCCCC(=O)Nc3ccc4oc(*)nc4c3)ccc2o1,86.0,,,,,,,,,
1521,P100796,*CCCCCCCCc1nc2cc(NC(=O)CCCCCCCCC(=O)Nc3ccc4oc(*)nc4c3)ccc2o1,93.0,,,,,,,,,
1522,P100797,*CCCCCCc1nc2cc(NC(=O)CCCCCCC(=O)Nc3ccc4oc(*)nc4c3)ccc2o1,77.0,,,,,,,,,
1523,P100800,*Nc1ccc(NC(=O)CCCCCC(*)=O)cc1,133.0,,,,,,,,,
1524,P100814,*Nc1ccc(CCNC(=O)CCCCC(*)=O)cc1,115.0,,,,,,,,,
1525,P100815,*Nc1cccc(NC(=O)c2cc(C(*)=O)cc(S(=O)(=O)c3ccccc3)c2)c1,277.0,,,,,,,,,
1526,P100816,*Nc1ccc(NC(=O)c2cc(C(*)=O)cc(S(=O)(=O)c3ccccc3)c2)cc1,308.0,,,,,,,,,
1527,P100817,*Nc1ccc(-c2ccc(NC(=O)c3cc(C(*)=O)cc(S(=O)(=O)c4ccccc4)c3)cc2)cc1,319.0,,,,,,,,,
1528,P100818,*Oc1ccc(NC(=O)c2cc(C(=O)Nc3ccc(*)cc3)cc(S(=O)(=O)c3ccccc3)c2)cc1,279.0,,,,,,,,,
1529,P100819,*Nc1ccc(Cc2ccc(NC(=O)c3cc(C(*)=O)cc(S(=O)(=O)c4ccccc4)c3)cc2)cc1,270.0,,,,,,,,,
1530,P100820,*Nc1ccc(C(C)(C)c2ccc(NC(=O)c3cc(C(*)=O)cc(S(=O)(=O)c4ccccc4)c3)cc2)cc1,287.0,,,,,,,,,
1531,P100821,*c1ccc(NC(=O)c2cc(C(=O)Nc3ccc(S(*)(=O)=O)cc3)cc(S(=O)(=O)c3ccccc3)c2)cc1,307.0,,,,,,,,,
1532,P100822,*CCCCCCNC(=O)CCCCC(=O)NCC(=O)N*,53.4,,,,,,,,,
1533,P104291,*Nc1ccc(NC(=O)c2cccc(C(=O)c3ccc(C(*)=O)cc3)c2)cc1,257.5,,,,,,,,,
1534,P104293,*Nc1cccc(C(=O)c2ccc(NC(=O)c3cccc(C(=O)c4ccc(C(*)=O)cc4)c3)cc2)c1,215.0,,,,,,,,,
1535,P104306,*Nc1ccc(Cc2ccc(NC(=O)/C=C/c3ccc(/C=C/C(*)=O)cc3)cc2)cc1,230.0,,,,,,,,,
1536,P104342,*Nc1c(-c2ccccc2)cc(-c2ccc(-c3cc(-c4ccccc4)c(NC(=O)c4ccc(C(*)=O)cc4)c(-c4ccccc4)c3)cc2)cc1-c1ccccc1,135.0,,,,,,,,,
1537,P104376,*Nc1c(C)c(C)c(C(=O)c2ccc(NC(=O)c3ccc(C(*)=O)cc3)cc2)c(C)c1C,366.0,,,,,,,,,
1538,P104378,*Nc1ccc(C(=O)c2c(C)c(C)c(C(=O)c3ccc(NC(=O)c4ccc(C(*)=O)cc4)cc3)c(C)c2C)cc1,345.0,,,,,,,,,
1539,P104388,*Nc1cc(NC(=O)c2cc(OCCN(C)c3ccc(C#N)cc3)cc(C(*)=O)c2)cc(C(=O)OCCN(C)c2ccc(C#N)cc2)c1,167.0,,,,,,,,,
1540,P104420,*Nc1cc(NC(=O)c2ccc(C(*)=O)cc2)cc(-c2nc3ccccc3[nH]2)c1,267.5,,,,,,,,,
1541,P104434,*Nc1cc(NC(=O)c2cc(OCCN(C)c3ccc(S(=O)(=O)C(F)(F)C(F)(F)C(F)(F)C(F)(F)C(F)(F)C(F)(F)C(F)(F)C(F)(F)F)cc3)cc(C(*)=O)c2)cc(C(=O)OCCN(C)c2ccc(C#N)cc2)c1,157.0,,,,,,,,,
1542,P104435,*Nc1cc(NC(=O)c2cc(OCCN(C)c3ccc(C#N)cc3)cc(C(*)=O)c2)cc(C(=O)OCCN(C)c2ccc(S(=O)(=O)C(F)(F)C(F)(F)C(F)(F)C(F)(F)C(F)(F)C(F)(F)C(F)(F)C(F)(F)F)cc2)c1,165.0,,,,,,,,,
1543,P104465,*CCN(C)C(=O)CCCCCCCCC(=O)N(*)C,0.0,,,,,,,,,
1544,P104472,*Nc1ccc(NC(=O)c2ccc(NC(=O)c3ccc(P(=O)(c4ccccc4)c4ccc(C(*)=O)cc4)cc3)cc2)cc1,243.0,,,,,,,,,
1545,P104576,*CCCCCCNC(=O)c1ccc(C2(C)CC(C)(C)c3ccc(C(=O)N*)cc32)cc1,190.0,,,,,,,,,
1546,P109023,*Nc1cc(NC(=O)c2ccc(C(*)=O)cc2)cc(-c2nc3ccccc3oc2=O)c1,103.0,,,,,,,,,
1547,P110004,*CCOC(=O)NCCCCCCNC(=O)O*,56.0,,,,,,,,,
1548,P110006,*CCOC(=O)NCCCCCCCCCNC(=O)O*,44.0,,,,,,,,,
1549,P110007,*CCOC(=O)NCCCCCCCCCCNC(=O)O*,60.8,,,,,,,,,
1550,P110008,*CCCOC(=O)NCCCCCCNC(=O)O*,55.0,,,,,,,,,
1551,P110013,*CCCCOC(=O)NCCCCCCNC(=O)O*,33.5,,,,,,,,,
1552,P110017,*CCCCOC(=O)NCC(F)(F)C(F)(F)C(F)(F)C(F)(F)CNC(=O)O*,33.0,,,,,,,,,
1553,P110020,*CCCCCOC(=O)NCCCCCCNC(=O)O*,33.0,,,,,,,,,
1554,P110023,*CCCCCOC(=O)NCC(F)(F)C(F)(F)C(F)(F)C(F)(F)CNC(=O)O*,33.0,,,,,,,,,
1555,P110026,*CCCCCCOC(=O)NCC(F)(F)C(F)(F)C(F)(F)C(F)(F)CNC(=O)O*,5.0,,,,,,,,,
1556,P110027,*CCCCCCOC(=O)NCCCCCCNC(=O)O*,168.0,,,,,,,,,
1557,P110029,*CCCCCCCOC(=O)NCCCCCCNC(=O)O*,55.0,,,,,,,,,
1558,P110030,*CCCCCCCCOC(=O)NCCCCCCNC(=O)O*,58.0,,,,,,,,,
1559,P110033,*CCCCCCCCCOC(=O)NCCCCCCNC(=O)O*,58.0,,,,,,,,,
1560,P110036,*CCCCCCCCCCOC(=O)NCCCCCCNC(=O)O*,55.0,,,,,,,,,
1561,P110039,*CCCCCCCCCCCCOC(=O)NCCCCCCNC(=O)O*,36.0,,,,,,,,,
1562,P110040,*CCCCCCCCCCCCOC(=O)NCCCCCCCCCCNC(=O)O*,34.0,,,,,,,,,
1563,P110042,*CCCCCCCCCCCCCCCCOC(=O)NCCCCCCNC(=O)O*,39.0,,0.348,,,,,,,
1564,P110043,*CCCCCCCCCCCCCCCCOC(=O)NCCCCCCCCCCNC(=O)O*,34.0,,0.275,,,,,,,
1565,P110052,*CC#CCOC(=O)NCCCCCCNC(=O)O*,-45.0,,,,,,,,,
1566,P110053,*CC(F)(F)C(F)(F)COC(=O)NCCCCCCNC(=O)O*,9.0,,,,,,,,,
1567,P110054,*CC(F)(F)C(F)(F)COC(=O)NCC(F)(F)C(F)(F)C(F)(F)C(F)(F)CNC(=O)O*,38.0,,,,,,,,,
1568,P110055,*CC(F)(F)C(F)(F)C(F)(F)COC(=O)NCCCCCCNC(=O)O*,16.0,,,,,,,,,
1569,P110056,*CC(F)(F)C(F)(F)C(F)(F)COC(=O)NCC(F)(F)C(F)(F)C(F)(F)C(F)(F)CNC(=O)O*,25.0,,,,,,,,,
1570,P110057,*CC(F)(F)C(F)(F)C(F)(F)C(F)(F)COC(=O)NCCCCCCNC(=O)O*,-2.0,,,,,,,,,
1571,P110058,*CC(F)(F)C(F)(F)C(F)(F)C(F)(F)COC(=O)NCC(F)(F)C(F)(F)C(F)(F)C(F)(F)CNC(=O)O*,20.0,,,,,,,,,
1572,P110064,*CCOC(=O)Nc1cc(NC(=O)O*)ccc1C,52.0,,,,,,,,,
1573,P110065,*CCCOC(=O)Nc1cc(NC(=O)O*)ccc1C,6.0,,,,,,,,,
1574,P110066,*CCCCOC(=O)Nc1ccc(C)c(NC(=O)O*)c1,42.0,,,,,,,,,
1575,P110068,*CCCCCOC(=O)Nc1ccc(C)c(NC(=O)O*)c1,52.0,,,,,,,,,
1576,P110071,*CCCCCCOC(=O)Nc1ccc(C)c(NC(=O)O*)c1,32.0,,,,,,,,,
1577,P110072,*CCCCCCCOC(=O)Nc1ccc(C)c(NC(=O)O*)c1,61.0,,,,,,,,,
1578,P110073,*CC(CC)(CC)COC(=O)Nc1ccc(C)c(NC(=O)O*)c1,-60.0,,,,,,,,,
1579,P110074,*CCCCCCCCOC(=O)Nc1ccc(C)c(NC(=O)O*)c1,64.0,,,,,,,,,
1580,P110075,*CCCCCCCCCOC(=O)Nc1ccc(C)c(NC(=O)O*)c1,62.0,,,,,,,,,
1581,P110076,*CCCCCCCCCCOC(=O)Nc1ccc(C)c(NC(=O)O*)c1,18.0,,,,,,,,,
1582,P110078,*CCCCCCOC(=O)NCc1ccc(CNC(=O)O*)cc1,56.0,,,,,,,,,
1583,P110080,*CCCCCCCCCCOC(=O)NCc1ccc(CNC(=O)O*)cc1,49.0,,,,,,,,,
1584,P110081,*CCCCCCCCCCCCOC(=O)NCc1ccc(CNC(=O)O*)cc1,45.0,,,,,,,,,
1585,P110082,*CCCCCCCCCCCCCCCCOC(=O)NCc1ccc(CNC(=O)O*)cc1,47.0,,,,,,,,,
1586,P110085,*CCOC(=O)Nc1ccc(Cc2ccc(NC(=O)O*)cc2)cc1,139.0,,,,,,,,,
1587,P110086,*CCCOC(=O)Nc1ccc(Cc2ccc(NC(=O)O*)cc2)cc1,119.0,,,,,,,,,
1588,P110087,*CCCCOC(=O)Nc1ccc(Cc2ccc(NC(=O)O*)cc2)cc1,109.0,,,,,,,,,
1589,P110088,*CCCCCOC(=O)Nc1ccc(Cc2ccc(NC(=O)O*)cc2)cc1,95.0,,,,,,,,,
1590,P110089,*CC(C)(C)COC(=O)Nc1ccc(Cc2ccc(NC(=O)O*)cc2)cc1,94.0,,,,,,,,,
1591,P110092,*CCCCCCOC(=O)Nc1ccc(Cc2ccc(NC(=O)O*)cc2)cc1,71.0,,,,,,,,,
1592,P110093,*CCCCCCCOC(=O)Nc1ccc(Cc2ccc(NC(=O)O*)cc2)cc1,84.0,,,,,,,,,
1593,P110094,*CCCCCCCCOC(=O)Nc1ccc(Cc2ccc(NC(=O)O*)cc2)cc1,79.0,,,,,,,,,
1594,P110095,*CCCCCCCCCOC(=O)Nc1ccc(Cc2ccc(NC(=O)O*)cc2)cc1,72.0,,,,,,,,,
1595,P110096,*CCCCCCCCCCOC(=O)Nc1ccc(Cc2ccc(NC(=O)O*)cc2)cc1,60.0,,,,,,,,,
1596,P110097,*CCCCCCCCCCCCOC(=O)Nc1ccc(Cc2ccc(NC(=O)O*)cc2)cc1,43.0,,,,,,,,,
1597,P110098,*CCCCCCCCCCCCCCCCOC(=O)Nc1ccc(Cc2ccc(NC(=O)O*)cc2)cc1,40.0,,,,,,,,,
1598,P110100,*Cc1cccc(COC(=O)Nc2ccc(Cc3ccc(NC(=O)O*)cc3)cc2)c1,106.0,,,,,,,,,
1599,P110101,*Cc1cc(COC(=O)Nc2ccc(Cc3ccc(NC(=O)O*)cc3)cc2)cc(C(C)(C)C)c1,114.0,,,,,,,,,
1600,P110102,*CCOC(=O)Nc1ccc(CCc2ccc(NC(=O)O*)cc2)cc1,116.9,,,,,,,,,
1601,P110103,*CCOC(=O)Nc1ccc(CCCc2ccc(NC(=O)O*)cc2)cc1,74.1,,,,,,,,,
1602,P110104,*CCOC(=O)Nc1ccc(CCCCc2ccc(NC(=O)O*)cc2)cc1,105.7,,,,,,,,,
1603,P110123,*C/C=C/COC(=O)NCCCCCCNC(=O)O*,-44.0,,,,,,,,,
1604,P110124,*C/C=C/COC(=O)NCCCCCCNC(=O)O*,-39.0,,,,,,,,,
1605,P110136,*C(=O)OCCOC(=O)N1CCN(*)CC1,60.0,,,,,,,,,
1606,P110143,*C(=O)OCC(C)(C)COC(=O)N1CCN(*)CC1,70.0,,,,,,,,,
1607,P110147,*CC(C)(C)COC(=O)Nc1ccc(C)c(NC(=O)O*)c1,-32.0,,,,,,,,,
1608,P110185,*CC1CCC(COC(=O)Nc2ccc(Cc3ccc(NC(=O)O*)cc3)cc2)CC1,134.0,,,,,,,,,
1609,P110206,*CCCCCCOC(=O)NCCCCNC(=O)O*,16.0,,,,,,,,,
1610,P110210,*CCCCCCCCCCCCCNC(=O)CCCCCCCCCCCC(=O)N*,56.5,,0.3835,,,,,,,
1611,P110232,*CC(C)(C)CS(=O)(=O)CC(C)(C)COC(=O)NCCCCCCNC(=O)O*,30.0,,,,,,,,,
1612,P110233,*C(=O)OCC(C)(C)CS(=O)(=O)CC(C)(C)COC(=O)N1CC(C)N(*)CC1C,85.0,,,,,,,,,
1613,P110236,*OC(COC(=O)Nc1ccc(Cc2ccc(NC(*)=O)cc2)cc1)c1ccco1,40.0,,,,,,,,,
1614,P110237,*OC(c1ccco1)C(OC(=O)Nc1ccc(Cc2ccc(NC(*)=O)cc2)cc1)c1ccco1,74.0,,,,,,,,,
1615,P110238,*COC(=O)Nc1ccc(Cc2ccc(NC(=O)OCc3cocc3*)cc2)cc1,45.0,,,,,,,,,
1616,P110239,*OC(COC(=O)NCCCCCCNC(*)=O)c1ccco1,17.0,,,,,,,,,
1617,P114382,*Oc1ccc(C(c2ccc(OC(=O)Nc3ccc(Cc4ccc(NC(*)=O)cc4)cc3)cc2)(C(F)(F)F)C(F)(F)F)cc1,81.0,,,,,,,,,
1618,P114563,*CC(C)(C)CS(=O)(=O)CC(C)(C)COC(=O)Nc1ccc(Cc2ccc(NC(=O)O*)cc2)cc1,90.0,,,,,,,,,
1619,P120006,*CCCCCCCNC(=O)N*,62.0,,,,,,,,,
1620,P120008,*CCCCCCCCCNC(=O)N*,130.0,,,,,,,,,
1621,P120023,*CCCCCCCCCCCCNC(=O)NCCCCCCNC(=O)N*,49.0,,0.3545,,,,,,,
1622,P120024,*CCCCCCCCCCCCCCNC(=O)NCCCCCCNC(=O)N*,47.0,,0.4,,,,,,,
1623,P120027,*CCCCCCCCCCCCCCNC(=O)NCCCCCCCCCCNC(=O)N*,40.0,,0.344,,,,,,,
1624,P120031,*CCCCCCNC(=O)NCc1ccc(CNC(=O)N*)cc1,72.0,,,,,,,,,
1625,P120032,*CCCCCCCCNC(=O)NCc1ccc(CNC(=O)N*)cc1,68.0,,,,,,,,,
1626,P120033,*CCCCCCCCCCNC(=O)NCc1ccc(CNC(=O)N*)cc1,55.0,,,,,,,,,
1627,P120035,*CCCCCCCCCCCCCCNC(=O)NCc1ccc(CNC(=O)N*)cc1,54.0,,,,,,,,,
1628,P120036,*CCCCCCCCCCCCCCCCCCNC(=O)NCc1ccc(CNC(=O)N*)cc1,52.0,,,,,,,,,
1629,P120037,*Nc1ccc(Cc2ccc(NC(=O)NCCCCCCNC(*)=O)cc2)cc1,78.0,,,,,,,,,
1630,P120038,*Nc1ccc(Cc2ccc(NC(=O)NCCCCCCCCNC(*)=O)cc2)cc1,50.0,,,,,,,,,
1631,P120039,*Nc1ccc(Cc2ccc(NC(=O)NCCCCCCCCCCNC(*)=O)cc2)cc1,46.0,,,,,,,,,
1632,P120040,*Nc1ccc(Cc2ccc(NC(=O)NCCCCCCCCCCCCNC(*)=O)cc2)cc1,51.0,,,,,,,,,
1633,P120042,*Nc1ccc(Cc2ccc(NC(=O)NCCCCCCCCCCCCCCCCCCNC(*)=O)cc2)cc1,48.0,,,,,,,,,
1634,P124411,*c1ccc(NC(=O)Nc2ccc(NC(=O)Nc3ccc(-c4nc(-c5ccc([N+](=O)[O-])cc5)[nH]c4*)cc3)cc2)cc1,292.0,,0.269,,,,,,,
1635,P130001,*CCCC1CC(=O)N(*)C(=O)C1,90.0,,0.23,,,,,,,
1636,P130002,*c1ccc(Oc2ccc(-n3c(=O)c4cc5c(=O)n(*)c(=O)c5cc4c3=O)cc2)cc1,385.0,,,,,,,,,
1637,P130003,*c1ccc(Oc2ccc(Oc3ccc(-n4c(=O)c5cc6c(=O)n(*)c(=O)c6cc5c4=O)cc3)cc2)cc1,312.0,,,,,,,,,
1638,P130006,*C(=O)Oc1ccc(OC(=O)c2ccc3c(c2)C(=O)N(c2ccc(Oc4ccc(N5C(=O)c6ccc(*)cc6C5=O)cc4)cc2)C3=O)cc1,270.0,,,,,,,,,
1639,P130007,*C(=O)Oc1ccc(OC(=O)c2ccc3c(c2)C(=O)N(c2ccc(Oc4ccc(Oc5ccc(N6C(=O)c7ccc(*)cc7C6=O)cc5)cc4)cc2)C3=O)cc1,230.0,,,,,,,,,
1640,P130008,*c1ccc(Sc2ccc(-n3c(=O)c4cc5c(=O)n(*)c(=O)c5cc4c3=O)cc2)cc1,400.0,,,,,,,,,
1641,P130009,*CCCC(C)(C)CCCn1c(=O)c2cc3c(=O)n(*)c(=O)c3cc2c1=O,135.0,,,,,,,,,
1642,P130010,*CCCCC(C)CCn1c(=O)c2cc3c(=O)n(*)c(=O)c3cc2c1=O,135.0,,,,,,,,,
1643,P130011,*CCCCCCCCCn1c(=O)c2cc3c(=O)n(*)c(=O)c3cc2c1=O,110.0,,,,,,,,,
1644,P130012,*c1ccc2c(c1)Cc1cc(-n3c(=O)c4cc5c(=O)n(*)c(=O)c5cc4c3=O)ccc1-2,322.0,,,,,,,,,
1645,P130013,*c1ccc(-c2nc3cc(C(=O)c4ccc5nc(-c6ccccc6)c(-c6ccc(-n7c(=O)c8cc9c(=O)n(*)c(=O)c9cc8c7=O)cc6)nc5c4)ccc3nc2-c2ccccc2)cc1,240.0,,,,,,,,,
1646,P130014,*c1ccc(-c2nc3cc(Oc4ccc5nc(-c6ccccc6)c(-c6ccc(-n7c(=O)c8cc9c(=O)n(*)c(=O)c9cc8c7=O)cc6)nc5c4)ccc3nc2-c2ccccc2)cc1,274.0,,,,,,,,,
1647,P130015,*c1ccc(-c2nc3cc(-c4ccc5nc(-c6ccccc6)c(-c6ccc(-n7c(=O)c8cc9c(=O)n(*)c(=O)c9cc8c7=O)cc6)nc5c4)ccc3nc2-c2ccccc2)cc1,217.0,,,,,,,,,
1648,P130016,*c1ccc(-c2nc3cc(S(=O)(=O)c4ccc5nc(-c6ccccc6)c(-c6ccc(-n7c(=O)c8cc9c(=O)n(*)c(=O)c9cc8c7=O)cc6)nc5c4)ccc3nc2-c2ccccc2)cc1,186.0,,,,,,,,,
1649,P130017,*c1ccc(-c2nc3cc(-c4ccc5nc(-c6ccccc6)c(-c6ccc(N7C(=O)C8OC9C(=O)N(*)C(=O)C9C8C7=O)cc6)nc5c4)ccc3nc2-c2ccccc2)cc1,230.0,,,,,,,,,
1650,P130019,*c1ccc(-c2nc3cc(C(=O)c4ccc5nc(-c6ccccc6)c(-c6ccc(N7C(=O)C8OC9C(=O)N(*)C(=O)C9C8C7=O)cc6)nc5c4)ccc3nc2-c2ccccc2)cc1,255.0,,,,,,,,,
1651,P130020,*c1ccc(Oc2ccc(N3C(=O)c4ccc(Oc5ccc6c(c5)C(=O)N(*)C6=O)cc4C3=O)cc2)cc1,265.0,,,,,,,,,
1652,P130022,*c1ccc(Oc2cccc(Oc3ccc(N4C(=O)c5ccc(Oc6cccc(Oc7ccc8c(c7)C(=O)N(*)C8=O)c6)cc5C4=O)cc3)c2)cc1,188.0,,,,,,,,,
1653,P130024,*C(=O)Nc1ccc(NC(=O)c2ccc3c(c2)C(=O)N(c2ccc(S(=O)(=O)c4ccc(N5C(=O)c6ccc(*)cc6C5=O)cc4)cc2)C3=O)cc1,368.0,,,,,,,,,
1654,P130025,*c1ccc2c(c1)C(=O)N(c1cccc(C(F)(F)C(F)(F)C(F)(F)c3cccc(N4C(=O)c5ccc(C(F)(F)C(F)(F)C(*)(F)F)cc5C4=O)c3)c1)C2=O,157.0,,,,,,,,,
1655,P130026,*c1ccc2c(c1)C(=O)N(c1cccc(C(F)(F)C(F)(F)C(F)(F)C(F)(F)C(F)(F)c3cccc(N4C(=O)c5ccc(C(F)(F)C(F)(F)C(*)(F)F)cc5C4=O)c3)c1)C2=O,111.0,,,,,,,,,
1656,P130027,*c1ccc2c(c1)C(=O)N(c1cccc(C(F)(F)C(F)(F)C(F)(F)C(F)(F)C(F)(F)c3cccc(N4C(=O)c5ccc(C(F)(F)C(F)(F)C(F)(F)C(*)(F)F)cc5C4=O)c3)c1)C2=O,144.0,,,,,,,,,
1657,P130028,*c1ccc2c(c1)C(=O)N(c1cccc(C(F)(F)C(F)(F)C(F)(F)c3cccc(N4C(=O)c5ccc(C(F)(F)C(F)(F)C(F)(F)C(*)(F)F)cc5C4=O)c3)c1)C2=O,159.0,,,,,,,,,
1658,P130029,*c1ccc2c(c1)C(=O)N(c1cccc(C(F)(F)C(F)(F)C(F)(F)C(F)(F)C(F)(F)c3cccc(N4C(=O)c5ccc(C(F)(F)C(F)(F)C(F)(F)C(F)(F)C(F)(F)C(F)(F)C(*)(F)F)cc5C4=O)c3)c1)C2=O,108.5,,,,,,,,,
1659,P130030,*c1ccc2c(c1)C(=O)N(c1cccc(C(F)(F)C(F)(F)C(F)(F)c3cccc(N4C(=O)c5ccc(C(F)(F)C(F)(F)C(F)(F)C(F)(F)C(F)(F)C(F)(F)C(*)(F)F)cc5C4=O)c3)c1)C2=O,133.5,,,,,,,,,
1660,P130031,*c1ccc2c(c1)C(=O)N(c1ccc(Cc3ccc(N4C(=O)c5ccc(C(F)(F)C(F)(F)C(*)(F)F)cc5C4=O)cc3)cc1)C2=O,290.0,,,,,,,,,
1661,P130032,*c1ccc2c(c1)C(=O)N(c1ccc(Oc3ccc(N4C(=O)c5ccc(C(F)(F)C(F)(F)C(F)(F)C(F)(F)C(F)(F)C(*)(F)F)cc5C4=O)cc3)cc1)C2=O,185.0,,,,,,,,,
1662,P130033,*c1ccc2c(c1)C(=O)N(c1cccc(Oc3cccc(N4C(=O)c5ccc(C(F)(F)C(F)(F)C(*)(F)F)cc5C4=O)c3)c1)C2=O,312.0,,,,,,,,,
1663,P130034,*c1ccc2c(c1)C(=O)N(c1ccc(Oc3ccc(N4C(=O)c5ccc(C(F)(F)C(F)(F)C(*)(F)F)cc5C4=O)cc3)cc1)C2=O,222.0,,,,,,,,,
1664,P130035,*c1ccc2c(c1)C(=O)N(c1ccc(Oc3ccc(N4C(=O)c5ccc(C(F)(F)C(F)(F)C(F)(F)C(F)(F)C(F)(F)C(F)(F)C(F)(F)C(*)(F)F)cc5C4=O)cc3)cc1)C2=O,186.0,,,,,,,,,
1665,P130036,*c1ccc2c(c1)C(=O)N(c1ccc(Oc3ccc(N4C(=O)c5ccc(C(F)(F)C(F)(F)C(F)(F)C(*)(F)F)cc5C4=O)cc3)cc1)C2=O,212.0,,,,,,,,,
1666,P130037,*c1ccc2c(c1)C(=O)N(c1ccc(Oc3ccc(N4C(=O)c5ccc(C(F)(F)C(F)(F)C(F)(F)C(F)(F)C(F)(F)C(F)(F)C(*)(F)F)cc5C4=O)cc3)cc1)C2=O,178.0,,,,,,,,,
1667,P130038,*c1ccc2c(c1)C(=O)N(c1ccc(S(=O)(=O)c3ccc(N4C(=O)c5ccc(C(F)(F)C(F)(F)C(*)(F)F)cc5C4=O)cc3)cc1)C2=O,259.0,,,,,,,,,
1668,P130039,*c1cccc(C(F)(F)C(F)(F)C(F)(F)C(F)(F)C(F)(F)c2cccc(N3C(=O)c4ccc(Oc5ccc6c(c5)C(=O)N(*)C6=O)cc4C3=O)c2)c1,157.0,,,,,,,,,
1669,P130040,*c1cccc(C(F)(F)C(F)(F)C(F)(F)c2cccc(N3C(=O)c4ccc(Oc5ccc6c(c5)C(=O)N(*)C6=O)cc4C3=O)c2)c1,183.0,,,,,,,,,
1670,P130045,*c1cccc(Oc2cccc(N3C(=O)c4ccc(Oc5ccc6c(c5)C(=O)N(*)C6=O)cc4C3=O)c2)c1,207.0,,,,,,,,,
1671,P130047,*C(=O)Nc1ccc(-c2ccc(NC(=O)c3ccc4c(c3)C(=O)N(c3ccc(S(=O)(=O)c5ccc(N6C(=O)c7ccc(*)cc7C6=O)cc5)cc3)C4=O)cc2)cc1,370.0,,,,,,,,,
1672,P130048,*C(=O)Nc1cccc(NC(=O)c2ccc3c(c2)C(=O)N(c2ccc(S(=O)(=O)c4ccc(N5C(=O)c6ccc(*)cc6C5=O)cc4)cc2)C3=O)c1,311.0,,,,,,,,,
1673,P130049,*C(=O)Nc1ccc(Cc2ccc(NC(=O)c3ccc4c(c3)C(=O)N(c3ccc(S(=O)(=O)c5ccc(N6C(=O)c7ccc(*)cc7C6=O)cc5)cc3)C4=O)cc2)cc1,324.0,,,,,,,,,
1674,P130050,*C(=O)Nc1ccc(Oc2ccc(NC(=O)c3ccc4c(c3)C(=O)N(c3ccc(S(=O)(=O)c5ccc(N6C(=O)c7ccc(*)cc7C6=O)cc5)cc3)C4=O)cc2)cc1,281.0,,,,,,,,,
1675,P130051,*C(=O)Nc1ccc(S(=O)(=O)c2ccc(NC(=O)c3ccc4c(c3)C(=O)N(c3ccc(S(=O)(=O)c5ccc(N6C(=O)c7ccc(*)cc7C6=O)cc5)cc3)C4=O)cc2)cc1,307.0,,,,,,,,,
1676,P130053,*c1ccc(Cc2ccc(-n3c(=O)c4cc5c(=O)n(*)c(=O)c5cc4c3=O)cc2)cc1,351.0,,,,,,,,,
1677,P130060,*c1ccc(C(=O)c2ccc(-n3c(=O)c4cc5c(=O)n(*)c(=O)c5cc4c3=O)cc2)cc1,424.0,,,,,,,,,
1678,P130063,*c1ccc(-n2c(=O)c3cc4c(=O)n(*)c(=O)c4cc3c2=O)cc1,417.0,,,,,,,,,
1679,P130067,*c1cccc(-n2c(=O)c3cc4c(=O)n(*)c(=O)c4cc3c2=O)c1,430.0,,,,,,,,,
1680,P130071,*c1ccc(Oc2ccc(C(=O)c3cccc(C(=O)c4ccc(Oc5ccc(-n6c(=O)c7cc8c(=O)n(*)c(=O)c8cc7c6=O)cc5)cc4)c3)cc2)cc1,247.0,,,,,,,,,
1681,P130073,*c1ccc(Oc2ccc(Oc3ccc(Oc4ccc(-n5c(=O)c6cc7c(=O)n(*)c(=O)c7cc6c5=O)cc4)cc3)cc2)cc1,295.0,,,,,,,,,
1682,P130074,*c1ccc(Oc2cccc(Oc3ccc(-n4c(=O)c5cc6c(=O)n(*)c(=O)c6cc5c4=O)cc3)c2)cc1,326.0,,,,,,,,,
1683,P130075,*c1ccc(Oc2ccc(-c3ccc(Oc4ccc(-n5c(=O)c6cc7c(=O)n(*)c(=O)c7cc6c5=O)cc4)cc3)cc2)cc1,300.0,,,,,,,,,
1684,P130076,*c1cccc(Oc2ccc(S(=O)(=O)c3ccc(Oc4cccc(-n5c(=O)c6cc7c(=O)n(*)c(=O)c7cc6c5=O)c4)cc3)cc2)c1,223.15,,,,,,,,,
1685,P130077,*c1ccc(Oc2ccc(C(c3ccc(Oc4ccc(-n5c(=O)c6cc7c(=O)n(*)c(=O)c7cc6c5=O)cc4)cc3)(C(F)(F)F)C(F)(F)F)cc2)cc1,310.0,,,,,,,,,
1686,P130079,*c1ccc(Oc2ccc(N3C(=O)c4ccc(-c5ccc6c(c5)C(=O)N(*)C6=O)cc4C3=O)cc2)cc1,279.0,,,,,,,,,
1687,P130080,*c1ccc(Oc2ccc(N3C(=O)c4ccc(-c5cccc6c5C(=O)N(*)C6=O)cc4C3=O)cc2)cc1,320.0,,,,,,,,,
1688,P130082,*c1ccc(Cc2ccc(N3C(=O)c4ccc(-c5ccc6c(c5)C(=O)N(*)C6=O)cc4C3=O)cc2)cc1,298.0,,,,,,,,,
1689,P130085,*c1ccc(N2C(=O)c3ccc(-c4ccc5c(c4)C(=O)N(*)C5=O)cc3C2=O)cc1,341.0,,,,,,,,,
1690,P130086,*c1cccc(N2C(=O)c3ccc(-c4ccc5c(c4)C(=O)N(*)C5=O)cc3C2=O)c1,333.25,,,,,,,,,
1691,P130087,*c1ccc(C)c(N2C(=O)c3ccc(-c4ccc5c(c4)C(=O)N(*)C5=O)cc3C2=O)c1,395.0,,,,,,,,,
1692,P130090,*c1ccc(-c2ccc(N3C(=O)c4ccc(-c5ccc6c(c5)C(=O)N(*)C6=O)cc4C3=O)c(C)c2)cc1C,302.0,,,,,,,,,
1693,P130097,*c1ccc(Oc2ccc(C(C)(C)c3ccc(Oc4ccc(N5C(=O)c6ccc(-c7ccc8c(c7)C(=O)N(*)C8=O)cc6C5=O)cc4)cc3)cc2)cc1,230.0,,,,,,,,,
1694,P130098,*c1ccc(Oc2ccc(C(c3ccc(Oc4ccc(N5C(=O)c6ccc(-c7ccc8c(c7)C(=O)N(*)C8=O)cc6C5=O)cc4)cc3)(C(F)(F)F)C(F)(F)F)cc2)cc1,262.0,,,,,,,,,
1695,P130100,*c1ccc(Oc2ccc(C(=O)c3ccc(C(=O)c4ccc(Oc5ccc(N6C(=O)c7ccc(-c8ccc9c(c8)C(=O)N(*)C9=O)cc7C6=O)cc5)cc4)cc3)cc2)cc1,245.0,,,,,,,,,
1696,P130101,*c1ccc(Oc2ccc(C(=O)c3cccc(C(=O)c4ccc(Oc5ccc(N6C(=O)c7ccc(-c8ccc9c(c8)C(=O)N(*)C9=O)cc7C6=O)cc5)cc4)c3)cc2)cc1,222.0,,,,,,,,,
1697,P130103,*CCCCCCN1C(=O)c2ccc(Oc3ccc4c(c3)C(=O)N(*)C4=O)cc2C1=O,164.0,,,,,,,,,
1698,P130104,*CCCCCCCCN1C(=O)c2ccc(Oc3ccc4c(c3)C(=O)N(*)C4=O)cc2C1=O,145.0,,,,,,,,,
1699,P130105,*c1ccc(N2C(=O)c3ccc(Oc4ccc5c(c4)C(=O)N(*)C5=O)cc3C2=O)cc1,385.5,,,,,,,,,
1700,P130106,*c1ccc(-c2ccc(N3C(=O)c4ccc(Oc5ccc6c(c5)C(=O)N(*)C6=O)cc4C3=O)cc2)cc1,286.0,,,,,,,,,
1701,P130108,*c1ccc(Oc2ccc(C(=O)c3cccc(C(=O)c4ccc(Oc5ccc(N6C(=O)c7ccc(Oc8ccc9c(c8)C(=O)N(*)C9=O)cc7C6=O)cc5)cc4)c3)cc2)cc1,208.0,,,,,,,,,
1702,P130109,*c1ccc(Oc2cccc(N3C(=O)c4ccc(Oc5ccc6c(c5)C(=O)N(*)C6=O)cc4C3=O)c2)cc1,245.0,,,,,,,,,
1703,P130110,*c1ccc(Oc2ccccc2N2C(=O)c3ccc(Oc4ccc5c(c4)C(=O)N(*)C5=O)cc3C2=O)cc1,264.0,,,,,,,,,
1704,P130111,*c1cccc(Oc2ccc(Oc3cccc(N4C(=O)c5ccc(Oc6ccc7c(c6)C(=O)N(*)C7=O)cc5C4=O)c3)cc2)c1,204.0,,,,,,,,,
1705,P130112,*c1cccc(Oc2cccc(Oc3cccc(N4C(=O)c5ccc(Oc6ccc7c(c6)C(=O)N(*)C7=O)cc5C4=O)c3)c2)c1,199.0,,,,,,,,,
1706,P130113,*c1ccc(Oc2cccc(Oc3ccc(N4C(=O)c5ccc(Oc6ccc7c(c6)C(=O)N(*)C7=O)cc5C4=O)cc3)c2)cc1,216.5,,,,,,,,,
1707,P130114,*c1ccc(Oc2ccc(Oc3ccc(N4C(=O)c5ccc(Oc6ccc7c(c6)C(=O)N(*)C7=O)cc5C4=O)cc3)cc2)cc1,238.0,,,,,,,,,
1708,P130115,*c1ccc2c(c1)C(=O)N(c1ccc(Oc3ccc(C(=O)c4cccc(C(=O)c5ccc(Oc6ccc(N7C(=O)c8ccc(C(*)(C(F)(F)F)C(F)(F)F)cc8C7=O)cc6)cc5)c4)cc3)cc1)C2=O,236.0,,,,,,,,,
1709,P130116,*c1ccc2c(c1)C(=O)N(c1ccccc1Oc1ccc(N3C(=O)c4ccc(C(*)(C(F)(F)F)C(F)(F)F)cc4C3=O)cc1)C2=O,276.0,,,,,,,,,
1710,P130117,*c1ccc2c(c1)C(=O)N(c1cccc(Oc3cccc(N4C(=O)c5ccc(C(*)(C(F)(F)F)C(F)(F)F)cc5C4=O)c3)c1)C2=O,244.0,,,,,,,,,
1711,P130118,*c1ccc2c(c1)C(=O)N(c1cccc(Oc3ccc(N4C(=O)c5ccc(C(*)(C(F)(F)F)C(F)(F)F)cc5C4=O)cc3)c1)C2=O,260.0,,,,,,,,,
1712,P130119,*c1ccc2c(c1)C(=O)N(c1ccc(Oc3ccc(N4C(=O)c5ccc(C(*)(C(F)(F)F)C(F)(F)F)cc5C4=O)cc3)cc1)C2=O,303.0,,0.165,,,,,,,
1713,P130120,*c1ccc2c(c1)C(=O)N(c1ccc(Oc3ccc(Oc4ccc(N5C(=O)c6ccc(C(*)(C(F)(F)F)C(F)(F)F)cc6C5=O)cc4)cc3)cc1)C2=O,279.0,,,,,,,,,
1714,P130121,*c1ccc2c(c1)C(=O)N(c1ccc(Oc3cccc(Oc4ccc(N5C(=O)c6ccc(C(*)(C(F)(F)F)C(F)(F)F)cc6C5=O)cc4)c3)cc1)C2=O,254.0,,,,,,,,,
1715,P130122,*c1ccc2c(c1)C(=O)N(c1cccc(Oc3ccc(Oc4cccc(N5C(=O)c6ccc(C(*)(C(F)(F)F)C(F)(F)F)cc6C5=O)c4)cc3)c1)C2=O,230.0,,,,,,,,,
1716,P130123,*c1ccc2c(c1)C(=O)N(c1cccc(Oc3cccc(Oc4cccc(N5C(=O)c6ccc(C(*)(C(F)(F)F)C(F)(F)F)cc6C5=O)c4)c3)c1)C2=O,207.0,,,,,,,,,
1717,P130124,*C(=O)c1ccc2c(c1)C(=O)N(c1cccc(C(=O)c3cccc(N4C(=O)c5ccc(*)cc5C4=O)c3)c1)C2=O,242.0,,,,,,,,,
1718,P130126,*C(=O)c1ccc2c(c1)C(=O)N(c1cccc(C(=O)Nc3cccc(N4C(=O)c5ccc(*)cc5C4=O)c3)c1)C2=O,287.0,,,,,,,,,
1719,P130127,*C(=O)c1ccc2c(c1)C(=O)N(c1cccc(C(=O)Nc3ccc(N4C(=O)c5ccc(*)cc5C4=O)cc3)c1)C2=O,308.0,,,,,,,,,
1720,P130128,*C(=O)c1ccc2c(c1)C(=O)N(c1ccc(C(=O)Nc3cccc(N4C(=O)c5ccc(*)cc5C4=O)c3)cc1)C2=O,311.0,,,,,,,,,
1721,P130129,*C(=O)c1ccc2c(c1)C(=O)N(c1cccc(C(=O)N(C)c3ccc(N4C(=O)c5ccc(*)cc5C4=O)cc3)c1)C2=O,260.5,,,,,,,,,
1722,P130130,*C(=O)c1ccc2c(c1)C(=O)N(c1ccc(Cc3ccc(C(=O)c4ccc(N5C(=O)c6ccc(*)cc6C5=O)cc4)cc3)cc1)C2=O,307.0,,,,,,,,,
1723,P130131,*C(=O)c1ccc2c(c1)C(=O)N(c1cccc(Cc3ccc(C(=O)c4ccc(N5C(=O)c6ccc(*)cc6C5=O)cc4)cc3)c1)C2=O,254.0,,,,,,,,,
1724,P130132,*C(=O)c1ccc2c(c1)C(=O)N(c1ccc(Cc3ccc(C(=O)c4cccc(N5C(=O)c6ccc(*)cc6C5=O)c4)cc3)cc1)C2=O,290.0,,,,,,,,,
1725,P130133,*C(=O)c1ccc2c(c1)C(=O)N(c1cccc(Cc3ccc(C(=O)c4cccc(N5C(=O)c6ccc(*)cc6C5=O)c4)cc3)c1)C2=O,265.5,,,,,,,,,
1726,P130134,*C(=O)c1ccc2c(c1)C(=O)N(c1ccc(Oc3ccc(C(=O)c4cccc(C(=O)c5ccc(Oc6ccc(N7C(=O)c8ccc(*)cc8C7=O)cc6)cc5)c4)cc3)cc1)C2=O,222.0,,0.328,,,,,,,
1727,P130135,*C(=O)c1ccc2c(c1)C(=O)N(c1ccc(Oc3ccc(C(=O)c4ccc(C(=O)c5ccc(Oc6ccc(N7C(=O)c8ccc(*)cc8C7=O)cc6)cc5)cc4)cc3)cc1)C2=O,233.0,,,,,,,,,
1728,P130136,*C(=O)c1ccc2c(c1)C(=O)N(c1ccc(Oc3ccc(C(=O)c4ccc(C(=O)c5ccc(C(=O)c6ccc(Oc7ccc(N8C(=O)c9ccc(*)cc9C8=O)cc7)cc6)cc5)cc4)cc3)cc1)C2=O,233.0,,,,,,,,,
1729,P130137,*C(=O)c1ccc2c(c1)C(=O)N(c1ccc(Oc3ccc(C(=O)c4ccc(Oc5ccc(C(=O)c6ccc(Oc7ccc(N8C(=O)c9ccc(*)cc9C8=O)cc7)cc6)cc5)cc4)cc3)cc1)C2=O,215.0,,,,,,,,,
1730,P130138,*CCCCCCCCCCCCN1C(=O)c2ccc(C(=O)c3ccc4c(c3)C(=O)N(*)C4=O)cc2C1=O,87.5,,,,,,,,,
1731,P130139,*CCCCCCCCN1C(=O)c2ccc(C(=O)c3ccc4c(c3)C(=O)N(*)C4=O)cc2C1=O,113.0,,,,,,,,,
1732,P130140,*CCCCCCN1C(=O)c2ccc(C(=O)c3ccc4c(c3)C(=O)N(*)C4=O)cc2C1=O,127.0,,,,,,,,,
1733,P130147,*C(=O)c1ccc2c(c1)C(=O)N(c1ccc(C(=O)c3ccc(C(=O)c4ccc(N5C(=O)c6ccc(*)cc6C5=O)cc4)cc3)cc1)C2=O,286.0,,,,,,,,,
1734,P130148,*C(=O)c1ccc2c(c1)C(=O)N(c1ccc(C(=O)c3ccc(Cc4ccc(C(=O)c5ccc(N6C(=O)c7ccc(*)cc7C6=O)cc5)cc4)cc3)cc1)C2=O,285.5,,,,,,,,,
1735,P130149,*C(=O)c1ccc2c(c1)C(=O)N(c1cccc(Cc3ccc(Cc4ccc(Cc5cccc(N6C(=O)c7ccc(*)cc7C6=O)c5)cc4)cc3)c1)C2=O,235.5,,,,,,,,,
1736,P130150,*C(=O)c1ccc2c(c1)C(=O)N(c1cccc(C(=O)c3ccc(C(=O)c4cccc(N5C(=O)c6ccc(*)cc6C5=O)c4)cc3)c1)C2=O,240.0,,,,,,,,,
1737,P130151,*C(=O)c1ccc2c(c1)C(=O)N(c1ccc(C(=O)c3cccc(C(=O)c4ccc(N5C(=O)c6ccc(*)cc6C5=O)cc4)c3)cc1)C2=O,276.0,,,,,,,,,
1738,P130152,*C(=O)c1ccc2c(c1)C(=O)N(c1cccc(Cc3ccc(Cc4cccc(N5C(=O)c6ccc(*)cc6C5=O)c4)cc3)c1)C2=O,240.0,,,,,,,,,
1739,P130153,*C(=O)c1ccc2c(c1)C(=O)N(c1ccc(C(=O)c3ccc(N4C(=O)c5ccc(*)cc5C4=O)cc3)cc1)C2=O,294.0,,,,,,,,,
1740,P130154,*C(=O)c1ccc2c(c1)C(=O)N(c1cccc(Cc3cccc(N4C(=O)c5ccc(*)cc5C4=O)c3)c1)C2=O,249.5,,,,,,,,,
1741,P130155,*C(=O)c1ccc2c(c1)C(=O)N(c1cccc(N3C(=O)c4ccc(*)cc4C3=O)c1)C2=O,290.0,,,,,,,,,
1742,P130156,*C(=O)c1ccc2c(c1)C(=O)N(c1ccc(C)c(N3C(=O)c4ccc(*)cc4C3=O)c1)C2=O,319.5,,,,,,,,,
1743,P130160,*C(=O)c1ccc2c(c1)C(=O)N(c1ccc(-c3ccc(N4C(=O)c5ccc(*)cc5C4=O)c(C)c3)cc1C)C2=O,365.0,,,,,,,,,
1744,P130163,*C(=O)c1ccc2c(c1)C(=O)N(c1ccc3c(c1)Cc1cc(N4C(=O)c5ccc(*)cc5C4=O)ccc1-3)C2=O,341.5,,,,,,,,,
1745,P130164,*C(=O)c1ccc2c(c1)C(=O)N(c1ccc(Oc3ccc(N4C(=O)c5ccc(*)cc5C4=O)cc3)cc1)C2=O,275.5,,,,,,,,,
1746,P130165,*C(=O)c1ccc2c(c1)C(=O)N(c1ccc(Sc3ccc(N4C(=O)c5ccc(*)cc5C4=O)cc3)cc1)C2=O,276.0,,,,,,,,,
1747,P130166,*C(=O)c1ccc2c(c1)C(=O)N(c1ccc(Cc3ccc(N4C(=O)c5ccc(*)cc5C4=O)cc3)cc1)C2=O,295.0,,,,,,,,,
1748,P130168,*C(=O)c1ccc2c(c1)C(=O)N(c1ccc(Cc3ccc(N4C(=O)c5ccc(*)cc5C4=O)c(C)c3)cc1C)C2=O,310.0,,,,,,,,,
1749,P130170,*C(=O)c1ccc2c(c1)C(=O)N(c1ccc(-c3ccc(N4C(=O)c5ccc(*)cc5C4=O)cc3)cc1)C2=O,382.0,,,,,,,,,
1750,P130171,*C(=O)c1ccc2c(c1)C(=O)N(c1ccc(N3C(=O)c4ccc(*)cc4C3=O)cc1)C2=O,317.0,,,,,,,,,
1751,P130172,*C(=O)c1ccc2c(c1)C(=O)N(c1cccc(OCCOCCOc3cccc(N4C(=O)c5ccc(*)cc5C4=O)c3)c1)C2=O,155.0,,,,,,,,,
1752,P130173,*C(=O)c1ccc2c(c1)C(=O)N(c1ccc(OCCOc3ccc(N4C(=O)c5ccc(*)cc5C4=O)cc3)cc1)C2=O,246.0,,,,,,,,,
1753,P130174,*C(=O)c1ccc2c(c1)C(=O)N(c1ccc(OCCOCCOc3ccc(N4C(=O)c5ccc(*)cc5C4=O)cc3)cc1)C2=O,235.0,,,,,,,,,
1754,P130175,*C(=O)c1ccc2c(c1)C(=O)N(c1ccc(OCCOCCOCCOc3ccc(N4C(=O)c5ccc(*)cc5C4=O)cc3)cc1)C2=O,200.0,,,,,,,,,
1755,P130176,*C(=O)c1ccc2c(c1)C(=O)N(c1cccc(OCCOc3cccc(N4C(=O)c5ccc(*)cc5C4=O)c3)c1)C2=O,191.0,,,,,,,,,
1756,P130177,*C(=O)c1ccc2c(c1)C(=O)N(c1cccc(Oc3cccc(Oc4cccc(N5C(=O)c6ccc(*)cc6C5=O)c4)c3)c1)C2=O,211.0,,,,,,,,,
1757,P130179,*C(=O)c1ccc2c(c1)C(=O)N(c1ccc(Oc3ccc(C(C)(C)c4ccc(Oc5ccc(N6C(=O)c7ccc(*)cc7C6=O)cc5)cc4)cc3)cc1)C2=O,306.0,,,,,,,,,
1758,P130180,*C(=O)c1ccc2c(c1)C(=O)N(c1ccc(Oc3ccc(C(c4ccc(Oc5ccc(N6C(=O)c7ccc(*)cc7C6=O)cc5)cc4)(C(F)(F)F)C(F)(F)F)cc3)cc1)C2=O,261.5,,,,,,,,,
1759,P130182,*c1cccc(S(=O)(=O)c2cccc(N3C(=O)c4ccc(Oc5ccc(Sc6ccc(Oc7ccc8c(c7)C(=O)N(*)C8=O)cc6)cc5)cc4C3=O)c2)c1,231.0,,,,,,,,,
1760,P130183,*c1cccc(S(=O)(=O)c2cccc(N3C(=O)c4ccc(Oc5ccc(S(=O)(=O)c6ccc(Oc7ccc8c(c7)C(=O)N(*)C8=O)cc6)cc5)cc4C3=O)c2)c1,205.0,,,,,,,,,
1761,P130184,*c1ccc(Oc2ccc(N3C(=O)c4cccc(Oc5ccc(-c6ccc(Oc7cccc8c7C(=O)N(*)C8=O)cc6)cc5)c4C3=O)cc2)cc1,277.0,,,,,,,,,
1762,P130185,*c1ccc(Oc2ccc(N3C(=O)c4ccc(Oc5ccc(-c6ccc(Oc7ccc8c(c7)C(=O)N(*)C8=O)cc6)cc5)cc4C3=O)cc2)cc1,229.0,,,,,,,,,
1763,P130186,*c1ccc(Oc2cccc(Oc3ccc(N4C(=O)c5cccc(Oc6ccc(-c7ccc(Oc8cccc9c8C(=O)N(*)C9=O)cc7)cc6)c5C4=O)cc3)c2)cc1,224.0,,,,,,,,,
1764,P130187,*c1ccc(Oc2cccc(Oc3ccc(N4C(=O)c5ccc(Oc6ccc(-c7ccc(Oc8ccc9c(c8)C(=O)N(*)C9=O)cc7)cc6)cc5C4=O)cc3)c2)cc1,205.0,,,,,,,,,
1765,P130188,*c1cccc(N2C(=O)c3cccc(Oc4ccc(-c5ccc(Oc6cccc7c6C(=O)N(*)C7=O)cc5)cc4)c3C2=O)c1,275.0,,,,,,,,,
1766,P130189,*c1cccc(N2C(=O)c3ccc(Oc4ccc(-c5ccc(Oc6ccc7c(c6)C(=O)N(*)C7=O)cc5)cc4)cc3C2=O)c1,247.0,,,,,,,,,
1767,P130190,*c1cccc(N2C(=O)c3cccc(Oc4ccc(C(=O)c5ccc(Oc6cccc7c6C(=O)N(*)C7=O)cc5)cc4)c3C2=O)c1,248.0,,,,,,,,,
1768,P130191,*c1cccc(N2C(=O)c3ccc(Oc4ccc(C(=O)c5ccc(Oc6ccc7c(c6)C(=O)N(*)C7=O)cc5)cc4)cc3C2=O)c1,239.0,,,,,,,,,
1769,P130192,*c1ccc(Oc2ccc(-c3cccc4c3C(=O)N(Oc3ccc(C(=O)c5ccc(Oc6cccc7c6C(=O)N(*)C7=O)cc5)cc3)C4=O)cc2)cc1,252.0,,,,,,,,,
1770,P130193,*c1ccc(Oc2ccc(N3C(=O)c4ccc(Oc5ccc(C(=O)c6ccc(Oc7ccc8c(c7)C(=O)N(*)C8=O)cc6)cc5)cc4C3=O)cc2)cc1,210.0,,,,,,,,,
1771,P130194,*c1ccc(Oc2cccc(Oc3ccc(N4C(=O)c5ccc(Oc6ccc(C(=O)c7ccc(Oc8ccc9c(c8)C(=O)N(*)C9=O)cc7)cc6)cc5C4=O)cc3)c2)cc1,194.0,,,,,,,,,
1772,P130195,*c1ccc(Oc2cccc(Oc3ccc(N4C(=O)c5cccc(Oc6ccc(C(=O)c7ccc(Oc8cccc9c8C(=O)N(*)C9=O)cc7)cc6)c5C4=O)cc3)c2)cc1,216.0,,,,,,,,,
1773,P130196,*c1cccc(N2C(=O)c3cccc(Oc4ccc(C(C)(C)c5ccc(Oc6cccc7c6C(=O)N(*)C7=O)cc5)cc4)c3C2=O)c1,227.5,,,,,,,,,
1774,P130197,*c1cccc(N2C(=O)c3ccc(Oc4ccc(C(C)(C)c5ccc(Oc6ccc7c(c6)C(=O)N(*)C7=O)cc5)cc4)cc3C2=O)c1,217.5,,,,,,,,,
1775,P130198,*c1ccc(Oc2ccc(N3C(=O)c4cccc(Oc5ccc(C(C)(C)c6ccc(Oc7cccc8c7C(=O)N(*)C8=O)cc6)cc5)c4C3=O)cc2)cc1,235.0,,,,,,,,,
1776,P130199,*c1ccc(Oc2ccc(N3C(=O)c4ccc(Oc5ccc(C(C)(C)c6ccc(Oc7ccc8c(c7)C(=O)N(*)C8=O)cc6)cc5)cc4C3=O)cc2)cc1,215.0,,,,,,,,,
1777,P130200,*c1cccc(N2C(=O)c3cccc(Oc4ccc(Sc5ccc(Oc6cccc7c6C(=O)N(*)C7=O)cc5)cc4)c3C2=O)c1,231.0,,,,,,,,,
1778,P130201,*c1cccc(N2C(=O)c3ccc(Oc4ccc(Sc5ccc(Oc6ccc7c(c6)C(=O)N(*)C7=O)cc5)cc4)cc3C2=O)c1,209.0,,,,,,,,,
1779,P130202,*c1ccc(Oc2ccc(N3C(=O)c4cccc(Oc5ccc(Sc6ccc(Oc7cccc8c7C(=O)N(*)C8=O)cc6)cc5)c4C3=O)cc2)cc1,234.0,,,,,,,,,
1780,P130203,*c1ccc(Oc2ccc(N3C(=O)c4ccc(Oc5ccc(Sc6ccc(Oc7ccc8c(c7)C(=O)N(*)C8=O)cc6)cc5)cc4C3=O)cc2)cc1,212.0,,,,,,,,,
1781,P130204,*c1ccc(Oc2cccc(Oc3ccc(N4C(=O)c5ccc(Oc6ccc(Sc7ccc(Oc8ccc9c(c8)C(=O)N(*)C9=O)cc7)cc6)cc5C4=O)cc3)c2)cc1,178.0,,,,,,,,,
1782,P130205,*c1ccc(Oc2cccc(Oc3ccc(N4C(=O)c5cccc(Oc6ccc(Sc7ccc(Oc8cccc9c8C(=O)N(*)C9=O)cc7)cc6)c5C4=O)cc3)c2)cc1,202.0,,,,,,,,,
1783,P130206,*c1cccc(N2C(=O)c3cccc(Oc4ccc(S(=O)(=O)c5ccc(Oc6cccc7c6C(=O)N(*)C7=O)cc5)cc4)c3C2=O)c1,266.0,,,,,,,,,
1784,P130207,*c1cccc(N2C(=O)c3ccc(Oc4ccc(S(=O)(=O)c5ccc(Oc6ccc7c(c6)C(=O)N(*)C7=O)cc5)cc4)cc3C2=O)c1,265.0,,,,,,,,,
1785,P130208,*c1ccc(Oc2ccc(N3C(=O)c4cccc(Oc5ccc(S(=O)(=O)c6ccc(Oc7cccc8c7C(=O)N(*)C8=O)cc6)cc5)c4C3=O)cc2)cc1,267.0,,,,,,,,,
1786,P130209,*c1ccc(Oc2ccc(N3C(=O)c4ccc(Oc5ccc(S(=O)(=O)c6ccc(Oc7ccc8c(c7)C(=O)N(*)C8=O)cc6)cc5)cc4C3=O)cc2)cc1,260.0,,,,,,,,,
1787,P130210,*c1ccc(Oc2cccc(Oc3ccc(N4C(=O)c5ccc(Oc6ccc(S(=O)(=O)c7ccc(Oc8ccc9c(c8)C(=O)N(*)C9=O)cc7)cc6)cc5C4=O)cc3)c2)cc1,219.0,,,,,,,,,
1788,P130211,*c1ccc(Oc2cccc(Oc3ccc(N4C(=O)c5cccc(Oc6ccc(S(=O)(=O)c7ccc(Oc8cccc9c8C(=O)N(*)C9=O)cc7)cc6)c5C4=O)cc3)c2)cc1,230.0,,,,,,,,,
1789,P130212,*c1ccc(Oc2ccc(N3C(=O)c4cccc(Oc5cccc(Oc6cccc7c6C(=O)N(*)C7=O)c5)c4C3=O)cc2)cc1,226.0,,,,,,,,,
1790,P130213,*c1ccc(Oc2ccc(N3C(=O)c4ccc(Oc5cccc(Oc6ccc7c(c6)C(=O)N(*)C7=O)c5)cc4C3=O)cc2)cc1,209.0,,,,,,,,,
1791,P130214,*c1ccc(Oc2cccc(Oc3ccc(N4C(=O)c5cccc(Oc6cccc(Oc7cccc8c7C(=O)N(*)C8=O)c6)c5C4=O)cc3)c2)cc1,193.0,,0.165,,,,,,,
1792,P130215,*c1cccc(N2C(=O)c3ccc(Oc4cccc(Oc5ccc6c(c5)C(=O)N(*)C6=O)c4)cc3C2=O)c1,224.0,,,,,,,,,
1793,P130216,*c1cccc(N2C(=O)c3cccc(Oc4cccc(Oc5cccc6c5C(=O)N(*)C6=O)c4)c3C2=O)c1,241.0,,,,,,,,,
1794,P130217,*c1ccc(Oc2ccc(N3C(=O)c4cccc(Oc5ccc(Oc6cccc7c6C(=O)N(*)C7=O)cc5)c4C3=O)cc2)cc1,263.0,,,,,,,,,
1795,P130218,*c1ccc(Oc2cccc(Oc3ccc(N4C(=O)c5cccc(Oc6ccc(Oc7cccc8c7C(=O)N(*)C8=O)cc6)c5C4=O)cc3)c2)cc1,214.0,,,,,,,,,
1796,P130219,*c1ccc(Oc2cccc(Oc3ccc(N4C(=O)c5ccc(Oc6ccc(Oc7ccc8c(c7)C(=O)N(*)C8=O)cc6)cc5C4=O)cc3)c2)cc1,199.0,,,,,,,,,
1797,P130220,*c1cccc(N2C(=O)c3ccc(Oc4ccc(Oc5ccc6c(c5)C(=O)N(*)C6=O)cc4)cc3C2=O)c1,255.0,,,,,,,,,
1798,P130221,*c1cccc(N2C(=O)c3cccc(Oc4ccc(Oc5cccc6c5C(=O)N(*)C6=O)cc4)c3C2=O)c1,259.0,,,,,,,,,
1799,P130222,*c1cccc(N2C(=O)c3ccc(Oc4ccc(Oc5ccc(Oc6ccc7c(c6)C(=O)N(*)C7=O)cc5)cc4)cc3C2=O)c1,227.0,,,,,,,,,
1800,P130223,*c1cccc(N2C(=O)c3cccc(Oc4ccc(Oc5ccc(Oc6cccc7c6C(=O)N(*)C7=O)cc5)cc4)c3C2=O)c1,238.0,,,,,,,,,
1801,P130224,*c1ccc(Oc2ccc(N3C(=O)c4cccc(Oc5ccc(Oc6ccc(Oc7cccc8c7C(=O)N(*)C8=O)cc6)cc5)c4C3=O)cc2)cc1,239.0,,,,,,,,,
1802,P130225,*c1ccc(Oc2ccc(N3C(=O)c4ccc(Oc5ccc(Oc6ccc(Oc7ccc8c(c7)C(=O)N(*)C8=O)cc6)cc5)cc4C3=O)cc2)cc1,215.0,,,,,,,,,
1803,P130226,*c1ccc(Oc2cccc(Oc3ccc(N4C(=O)c5ccc(Oc6ccc(Oc7ccc(Oc8ccc9c(c8)C(=O)N(*)C9=O)cc7)cc6)cc5C4=O)cc3)c2)cc1,184.0,,,,,,,,,
1804,P130229,*c1ccc2c(c1)C(=O)N(c1ccc(Cc3ccc(N4C(=O)c5ccc(C(*)(C(F)(F)F)C(F)(F)F)cc5C4=O)cc3)cc1)C2=O,297.0,,,,,,,,,
1805,P130230,*c1ccc2c(c1)C(=O)N(c1ccc(C(C)(C)c3ccc(N4C(=O)c5ccc(C(*)(C(F)(F)F)C(F)(F)F)cc5C4=O)cc3)cc1)C2=O,310.0,,,,,,,,,
1806,P130231,*c1ccc(Oc2ccc(N3C(=O)c4ccc(Oc5ccc(Oc6ccc7c(c6)C(=O)N(*)C7=O)cc5)cc4C3=O)cc2)cc1,260.5,,,,,,,,,
1807,P130249,*C(=O)NCCNC(=O)c1ccc(N2C(=O)c3ccc(*)cc3C2=O)cc1,235.0,,,,,,,,,
1808,P130250,*C(=O)NCCCCCCNC(=O)c1ccc(N2C(=O)c3ccc(*)cc3C2=O)cc1,225.0,,,,,,,,,
1809,P130251,*C(=O)Nc1ccc(Cc2ccc(NC(=O)c3ccc(N4C(=O)c5ccc(*)cc5C4=O)cc3)cc2)cc1,222.0,,,,,,,,,
1810,P130252,*C(=O)NC1CCC(CC2CCC(NC(=O)c3ccc(N4C(=O)c5ccc(*)cc5C4=O)cc3)CC2)CC1,275.0,,,,,,,,,
1811,P130254,*c1ccc(C2(c3ccc(N4C(=O)c5ccc(-c6ccc7c(c6)C(=O)N(*)C7=O)cc5C4=O)cc3)c3ccccc3-c3ccccc32)cc1,388.0,,,,,,,,,
1812,P130261,*c1cccc(N2C(=O)c3ccc(Oc4ccc5c(c4)C(=O)N(*)C5=O)cc3C2=O)c1,280.0,,,,,,,,,
1813,P130262,*c1ccc(Cc2ccc(N3C(=O)c4ccc(Oc5ccc6c(c5)C(=O)N(*)C6=O)cc4C3=O)cc2)cc1,271.0,,,,,,,,,
1814,P130266,*c1ccc(C2(c3ccc(N4C(=O)c5ccc(Oc6ccc7c(c6)C(=O)N(*)C7=O)cc5C4=O)cc3)c3ccccc3-c3ccccc32)cc1,373.0,,,,,,,,,
1815,P130274,*c1ccc(Oc2ccc(N3C(=O)c4ccc(Oc5ccc(C(c6ccc(Oc7ccc8c(c7)C(=O)N(*)C8=O)cc6)(C(F)(F)F)C(F)(F)F)cc5)cc4C3=O)cc2)cc1,257.0,,,,,,,,,
1816,P130276,*c1ccc(Cc2ccc(N3C(=O)CC(Nc4ccc(Cc5ccc(NC6CC(=O)N(*)C6=O)cc5)cc4)C3=O)cc2)cc1,239.0,,,,,,,,,
1817,P130281,*C(=O)c1ccc2c(c1)C(=O)N(c1cccc(C(=O)c3ccc(Cc4ccc(C(=O)c5cccc(N6C(=O)c7ccc(*)cc7C6=O)c5)cc4)cc3)c1)C2=O,260.5,,,,,,,,,
1818,P130282,*c1ccc(N2C(=O)c3ccc(Oc4ccc(Sc5ccc(Oc6ccc7c(c6)C(=O)N(*)C7=O)cc5)cc4)cc3C2=O)cc1,238.0,,,,,,,,,
1819,P130312,*c1ccc(NC(=O)c2cccc(C(=O)Nc3ccc(-n4c(=O)c5cc6c(=O)n(*)c(=O)c6cc5c4=O)cc3)c2)cc1,296.0,,,,,,,,,
1820,P130313,*c1ccc(Oc2cccc(N3C(=O)c4ccc(-c5ccc6c(c5)C(=O)N(*)C6=O)cc4C3=O)c2)cc1,259.0,,,,,,,,,
1821,P130318,*c1ccc(-c2ccc(N3C(=O)c4ccc(Oc5ccc(Sc6ccc(Oc7ccc8c(c7)C(=O)N(*)C8=O)cc6)cc5)cc4C3=O)cc2)cc1,257.0,,,,,,,,,
1822,P130325,*C(=O)c1ccc2nc(-c3ccccc3)c(-c3ccc(N4C(=O)c5ccc(C(=O)c6ccc7c(c6)C(=O)N(c6ccc(-c8nc9cc(*)ccc9nc8-c8ccccc8)cc6)C7=O)cc5C4=O)cc3)nc2c1,255.0,,,,,,,,,
1823,P130326,*c1ccc(N2C(=O)c3ccc(C(=O)c4ccc5c(c4)C(=O)N(c4ccc(-c6nc7cc(Oc8ccc9nc(-c%10ccccc%10)c(*)nc9c8)ccc7nc6-c6ccccc6)cc4)C5=O)cc3C2=O)cc1,254.0,,,,,,,,,
1824,P130327,*c1ccc(N2C(=O)c3ccc(C(=O)c4ccc5c(c4)C(=O)N(c4ccc(-c6nc7cc(-c8ccc9nc(-c%10ccccc%10)c(*)nc9c8)ccc7nc6-c6ccccc6)cc4)C5=O)cc3C2=O)cc1,260.0,,0.224,,,,,,,
1825,P130328,*c1ccc(N2C(=O)c3ccc(C(=O)c4ccc5c(c4)C(=O)N(c4ccc(-c6nc7cc(S(=O)(=O)c8ccc9nc(-c%10ccccc%10)c(*)nc9c8)ccc7nc6-c6ccccc6)cc4)C5=O)cc3C2=O)cc1,240.0,,,,,,,,,
1826,P130332,*C(=O)Nc1ccccc1NC(=O)c1ccc(N2C(=O)c3ccc(*)cc3C2=O)cc1,215.0,,,,,,,,,
1827,P130333,*C(=O)Nc1ccc(S(=O)(=O)c2ccc(NC(=O)c3ccc(N4C(=O)c5ccc(*)cc5C4=O)cc3)cc2)cc1,252.0,,,,,,,,,
1828,P130334,*C(=O)Nc1cccc(NC(=O)/C=C/c2cccc(N3C(=O)c4ccc(*)cc4C3=O)c2)c1,257.5,,,,,,,,,
1829,P130346,*C(=O)Nc1cccc(NC(=O)c2ccc3c(c2)C(=O)N(c2ccc(Oc4cccc5c(Oc6ccc(N7C(=O)c8ccc(*)cc8C7=O)cc6)cccc45)cc2)C3=O)c1,263.0,,,,,,,,,
1830,P130350,*C(=O)Nc1ccc(Oc2ccc(Oc3ccc(NC(=O)c4ccc5c(c4)C(=O)N(c4ccc(Oc6cccc7c(Oc8ccc(N9C(=O)c%10ccc(*)cc%10C9=O)cc8)cccc67)cc4)C5=O)cc3)cc2)cc1,285.0,,,,,,,,,
1831,P130352,*C(=O)Nc1ccc(Oc2ccc(-c3ccc(Oc4ccc(NC(=O)c5ccc6c(c5)C(=O)N(c5ccc(Oc7cccc8c(Oc9ccc(N%10C(=O)c%11ccc(*)cc%11C%10=O)cc9)cccc78)cc5)C6=O)cc4)cc3)cc2)cc1,310.0,,,,,,,,,
1832,P130353,*C(=O)Nc1ccc(C(c2ccc(NC(=O)c3ccc4c(c3)C(=O)N(c3ccc(Oc5cccc6c(Oc7ccc(N8C(=O)c9ccc(*)cc9C8=O)cc7)cccc56)cc3)C4=O)cc2)(C(F)(F)F)C(F)(F)F)cc1,283.0,,,,,,,,,
1833,P130354,*C(=O)Nc1ccc(Oc2ccc(C(C)(C)c3ccc(Oc4ccc(NC(=O)c5ccc6c(c5)C(=O)N(c5ccc(Oc7cccc8c(Oc9ccc(N%10C(=O)c%11ccc(*)cc%11C%10=O)cc9)cccc78)cc5)C6=O)cc4)cc3)cc2)cc1,235.0,,,,,,,,,
1834,P130355,*C(=O)Nc1ccc(Oc2ccc(C(c3ccc(Oc4ccc(NC(=O)c5ccc6c(c5)C(=O)N(c5ccc(Oc7cccc8c(Oc9ccc(N%10C(=O)c%11ccc(*)cc%11C%10=O)cc9)cccc78)cc5)C6=O)cc4)cc3)(C(F)(F)F)C(F)(F)F)cc2)cc1,231.0,,,,,,,,,
1835,P130356,*C(=O)Nc1ccc(Oc2ccc(S(=O)(=O)c3ccc(Oc4ccc(NC(=O)c5ccc6c(c5)C(=O)N(c5ccc(Oc7cccc8c(Oc9ccc(N%10C(=O)c%11ccc(*)cc%11C%10=O)cc9)cccc78)cc5)C6=O)cc4)cc3)cc2)cc1,260.0,,,,,,,,,
1836,P130357,*C(=O)Nc1ccc(-c2sc(-c3ccc(NC(=O)c4ccc5c(c4)C(=O)N(c4ccc(Oc6cccc7c(Oc8ccc(N9C(=O)c%10ccc(*)cc%10C9=O)cc8)cccc67)cc4)C5=O)cc3)c(-c3ccccc3)c2-c2ccccc2)cc1,340.0,,,,,,,,,
1837,P130360,*c1ccc2c(c1)C(=O)N(c1ccc(Oc3ccc(C(c4ccc(Oc5ccc(N6C(=O)c7ccc(C(*)(C(F)(F)F)C(F)(F)F)cc7C6=O)cc5)cc4)(C(F)(F)F)C(F)(F)F)cc3)cc1)C2=O,260.0,,,,,,,,,
1838,P130361,*C(=O)c1ccc2c(c1)C(=O)N(c1ccc(C(c3ccc(N4C(=O)c5ccc(*)cc5C4=O)cc3)(C(F)(F)F)C(F)(F)F)cc1)C2=O,308.03,,,,,,,,,
1839,P130362,*c1ccc2c(c1)C(=O)N(c1ccc(N3C(=O)c4ccc(C(*)(C(F)(F)F)C(F)(F)F)cc4C3=O)cc1)C2=O,351.0,,,,,,,,,
1840,P130363,*c1ccc(C(c2ccc(N3C(=O)c4ccc(-c5ccc6c(c5)C(=O)N(*)C6=O)cc4C3=O)cc2)(C(F)(F)F)C(F)(F)F)cc1,343.0,,,,,,,,,
1841,P130364,*c1ccc2c(c1)C(=O)N(c1ccc(C(c3ccc(N4C(=O)c5ccc(C(*)(C(F)(F)F)C(F)(F)F)cc5C4=O)cc3)(C(F)(F)F)C(F)(F)F)cc1)C2=O,315.1,,0.151,,,,,,,
1842,P130365,*c1ccc2c(c1)C(=O)N(c1cc(C)c(N3C(=O)c4ccc(C(*)(C(F)(F)F)C(F)(F)F)cc4C3=O)cc1C)C2=O,355.0,,,,,,,,,
1843,P130366,*C(=O)c1ccc2c(c1)C(=O)N(c1c(C)cc(C)c(N3C(=O)c4ccc(*)cc4C3=O)c1C)C2=O,410.0,,,,,,,,,
1844,P130367,*c1ccc2c(c1)C(=O)N(c1c(C)cc(C)c(N3C(=O)c4ccc(C(*)(C(F)(F)F)C(F)(F)F)cc4C3=O)c1C)C2=O,377.0,,,,,,,,,
1845,P130368,*c1ccc2c(c1)C(=O)N(c1c(C)c(C)c(N3C(=O)c4ccc(C(*)(C(F)(F)F)C(F)(F)F)cc4C3=O)c(C)c1C)C2=O,420.0,,,,,,,,,
1846,P130369,*c1cc2c(cc1C)-c1cc(C)c(N3C(=O)c4ccc(-c5ccc6c(c5)C(=O)N(*)C6=O)cc4C3=O)cc1S2(=O)=O,490.0,,,,,,,,,
1847,P130370,*c1ccc(Oc2cc3ccccc3cc2Oc2ccc(-n3c(=O)c4cc5c(=O)n(*)c(=O)c5cc4c3=O)cc2)cc1,316.0,,,,,,,,,
1848,P130371,*c1ccc(Oc2cc3ccccc3cc2Oc2ccc(N3C(=O)c4ccc(-c5ccc6c(c5)C(=O)N(*)C6=O)cc4C3=O)cc2)cc1,253.5,,,,,,,,,
1849,P130372,*c1ccc(Oc2cc3ccccc3cc2Oc2ccc(N3C(=O)c4ccc(Oc5ccc6c(c5)C(=O)N(*)C6=O)cc4C3=O)cc2)cc1,275.5,,,,,,,,,
1850,P130373,*C(=O)c1ccc2c(c1)C(=O)N(c1ccc(Oc3cc4ccccc4cc3Oc3ccc(N4C(=O)c5ccc(*)cc5C4=O)cc3)cc1)C2=O,246.0,,,,,,,,,
1851,P130374,*c1ccc(Oc2cc3ccccc3cc2Oc2ccc(N3C(=O)c4ccc(S(=O)(=O)c5ccc6c(c5)C(=O)N(*)C6=O)cc4C3=O)cc2)cc1,275.0,,,,,,,,,
1852,P134255,*c1ccc2c(c1)C(=O)N(c1cc(OCCN(CC)c3ccc(/N=N/c4ccc([N+](=O)[O-])cc4)cc3)cc(N3C(=O)c4ccc(C(*)(C(F)(F)F)C(F)(F)F)cc4C3=O)c1)C2=O,210.0,,0.154,,,,,,,
1853,P134302,*c1ccc(C(c2ccccc2)(c2ccc(-n3c(=O)c4cc5c(=O)n(*)c(=O)c5cc4c3=O)cc2)C(F)(F)F)cc1,436.0,,,,,,,,,
1854,P134318,*C(=O)c1cccc(C(=O)N(*)c2ccccc2)c1,148.0,,,,,,,,,
1855,P134319,*C(=O)c1ccc(C(=O)N(*)c2ccccc2)cc1,179.0,,,,,,,,,
1856,P134320,*C(=O)c1ccc(C(=O)N(*)c2ccccc2)c(Sc2ccccc2)c1,152.0,,,,,,,,,
1857,P134344,*C(=O)c1ccc2c(c1)C(=O)N(c1c(-c3ccccc3)cc(-c3ccc(-c4cc(-c5ccccc5)c(N5C(=O)c6ccc(*)cc6C5=O)c(-c5ccccc5)c4)cc3)cc1-c1ccccc1)C2=O,265.0,,,,,,,,,
1858,P134352,*c1ccc(N2C(=O)c3ccc(-c4cccc5c4C(=O)N(*)C5=O)cc3C2=O)cc1,410.5,,0.233,,,,,,,
1859,P134363,*CCCOC(=O)OCCCCCCOC(=O)OCCCN1C(=O)c2ccc(C(=O)c3ccc4c(c3)C(=O)N(*)C4=O)cc2C1=O,70.0,,,,,,,,,
1860,P134364,*CCCCCCOC(=O)OCCCOC(=O)OCCCCCCN1C(=O)c2ccc(C(=O)c3ccc4c(c3)C(=O)N(*)C4=O)cc2C1=O,61.0,,,,,,,,,
1861,P134365,*CCCCCCOC(=O)OCCCCCCOC(=O)OCCCCCCN1C(=O)c2ccc(C(=O)c3ccc4c(c3)C(=O)N(*)C4=O)cc2C1=O,40.0,,,,,,,,,
1862,P134413,*C1C(=O)N(c2c(CC)cccc2CC)C(=O)C1*,288.0,,,,,,,,,
1863,P134415,*C1C(=O)N(c2ccccc2C)C(=O)C1*,335.0,,,,,,,,,
1864,P134416,*CC(C)(C)C1C(=O)N(c2c(CC)cccc2CC)C(=O)C1*,210.0,,,,,,,,,
1865,P134421,*c1cc(-c2nc3ccccc3[nH]2)cc(-n2c(=O)c3cc4c(=O)n(*)c(=O)c4cc3c2=O)c1,180.0,,,,,,,,,
1866,P134422,*C(=O)c1ccc2c(c1)C(=O)N(c1cc(-c3nc4ccccc4[nH]3)cc(N3C(=O)c4ccc(*)cc4C3=O)c1)C2=O,197.0,,,,,,,,,
1867,P134425,*C(=O)c1ccc2c(c1)C(=O)N(c1ccc(C3(C)CC(C)(C)c4ccc(N5C(=O)c6ccc(*)cc6C5=O)cc43)cc1)C2=O,320.0,,,,,,,,,
1868,P134429,*C1C(=O)N(c2ccccc2C(=O)OC)C(=O)C1*,259.0,,0.143,,,,,,,
1869,P134430,*C1C(=O)N(c2ccccc2C(=O)OCC)C(=O)C1*,230.0,,,,,,,,,
1870,P134431,*C1C(=O)N(c2ccccc2C(=O)OCCCC)C(=O)C1*,181.0,,,,,,,,,
1871,P134462,*CC1(*)CC(=O)N(c2ccccc2)C1=O,236.0,,,,,,,,,
1872,P139024,*c1cc(-c2nc3ccccc3oc2=O)cc(-n2c(=O)c3cc4c(=O)n(*)c(=O)c4cc3c2=O)c1,130.0,,,,,,,,,
1873,P139025,*C(=O)c1ccc2c(c1)C(=O)N(c1cc(-c3nc4ccccc4oc3=O)cc(N3C(=O)c4ccc(*)cc4C3=O)c1)C2=O,95.0,,,,,,,,,
1874,P140010,*OC(=O)c1ccc(CCCCCCc2ccc(C(*)=O)cc2)cc1,20.0,,,,,,,,,
1875,P140011,*OC(=O)c1ccc(C(C)(C)c2ccc(C(*)=O)cc2)cc1,100.0,,,,,,,,,
1876,P140012,*OC(=O)c1ccc(Cc2ccc(C(*)=O)cc2)cc1,122.0,,,,,,,,,
1877,P140014,*OC(=O)c1ccc(CCCCCc2ccc(C(*)=O)cc2)cc1,42.5,,,,,,,,,
1878,P140015,*OC(=O)Cc1ccc(CC(*)=O)cc1,65.0,,,,,,,,,
1879,P140019,*OC(=O)CCCCCCCCC(*)=O,60.0,,,,,,,,,
1880,P140025,*OC(=O)c1ccc(CCCCc2ccc(C(*)=O)cc2)cc1,46.0,,,,,,,,,
1881,P140031,*OC(=O)c1ccc(C(F)(F)C(F)(F)C(F)(F)c2ccc(C(*)=O)cc2)cc1,98.0,,,,,,,,,
1882,P140032,*OC(=O)c1cccc(C(*)=O)c1,130.0,,,,,,,,,
1883,P140033,*CC1(C)CC(*)(C)C(=O)OC1=O,144.0,,,,,,,,,
1884,P144509,*CC1CC(*)C(=O)OC1=O,140.0,,,,,,,,,
1885,P150001,*CCCCCCOC(=O)O*,-42.0,,,,,,,,,
1886,P150002,*OC1C(C)(C)C(OC(*)=O)C1(C)C,160.0,,,,,,,,,
1887,P150003,*CC(F)(F)C(F)(F)C(F)(F)C(F)(F)COC(=O)O*,-41.0,,,,,,,,,
1888,P150004,*Oc1ccc(Cc2ccc(OC(*)=O)cc2)cc1,133.5,,,,,,,,,
1889,P150006,*Oc1ccc(Cc2ccc(OC(*)=O)c(C)c2)cc1C,51.0,,,,,,,,,
1890,P150007,*Oc1ccc(C(C)c2ccc(OC(*)=O)cc2)cc1,130.0,,,,,,,,,
1891,P150008,*Oc1ccc(C(CCC)c2ccc(OC(*)=O)cc2)cc1,123.0,,,,,,,,,
1892,P150009,*Oc1ccc(C(c2ccc(OC(*)=O)cc2)C(C)C)cc1,149.0,,,,,,,,,
1893,P150010,*Oc1ccc(C(c2ccccc2)c2ccc(OC(*)=O)cc2)cc1,170.0,,,,,,,,,
1894,P150011,*Oc1ccc(C(C)(C)c2ccc(OC(*)=O)cc2)cc1,148.0,,0.2385,,,,,,,
1895,P150014,*Oc1ccc(C(c2ccccc2)c2ccc(OC(*)=O)cc2C)c(C)c1,182.0,,,,,,,,,
1896,P150015,*Oc1ccc(C(C)(CC)c2ccc(OC(*)=O)cc2)cc1,136.0,,,,,,,,,
1897,P150017,*Oc1ccc(C(C)(CCC)c2ccc(OC(*)=O)cc2)cc1,137.0,,,,,,,,,
1898,P150022,*Oc1ccc(C(C)(C)c2ccc(OC(*)=O)c(C)c2)cc1C,124.0,,,,,,,,,
1899,P150025,*Oc1ccc(C(C)(C)c2ccc(OC(*)=O)c(Cl)c2)cc1Cl,147.0,,,,,,,,,
1900,P150028,*Oc1c(Cl)cc(C(C)(C)c2cc(Cl)c(OC(*)=O)c(Cl)c2)cc1Cl,227.0,,,,,,,,,
1901,P150029,*Oc1c(Br)cc(C(C)(C)c2cc(Br)c(OC(*)=O)c(Br)c2)cc1Br,228.5,,,,,,,,,
1902,P150030,*Oc1ccc(C(C)(c2ccccc2)c2ccc(OC(*)=O)cc2)cc1,179.0,,0.206,,,,,,,
1903,P150034,*Oc1ccc(C(CCC)(CCC)c2ccc(OC(*)=O)cc2)cc1,148.0,,0.219,,,,,,,
1904,P150036,*Oc1ccc(C2(c3ccc(OC(*)=O)cc3)CCCC2)cc1,166.0,,0.241,,,,,,,
1905,P150037,*Oc1ccc(C2(c3ccc(OC(*)=O)cc3)CCCCC2)cc1,175.0,,0.185,,,,,,,
1906,P150038,*Oc1ccc(C2(c3ccc(OC(*)=O)c(C)c3)CCCCC2)cc1C,137.5,,0.183,,,,,,,
1907,P150039,*Oc1c(Cl)cc(C2(c3cc(Cl)c(OC(*)=O)c(Cl)c3)CCCCC2)cc1Cl,163.0,,0.109,,,,,,,
1908,P150040,*Oc1ccc(C2(c3ccc(OC(*)=O)c(Cl)c3)CCCCC2)cc1Cl,179.0,,0.165,,,,,,,
1909,P150043,*Oc1ccc(C2(c3ccc(OC(*)=O)cc3)c3ccccc3-c3ccccc32)cc1,355.0,,0.235,,,,,,,
1910,P150044,*Oc1ccc(C(c2ccccc2)(c2ccccc2)c2ccc(OC(*)=O)cc2)cc1,213.0,,,,,,,,,
1911,P150045,*Oc1ccc(C(c2ccc(OC(*)=O)cc2)(C(F)(F)F)C(F)(F)F)cc1,176.0,,,,,,,,,
1912,P150046,*Oc1ccc(C(c2ccc(OC(*)=O)cc2)(C(F)(F)Cl)C(F)(F)Cl)cc1,183.5,,,,,,,,,
1913,P150047,*Oc1ccc(C(C#N)(c2ccccc2)c2ccc(OC(*)=O)cc2)cc1,138.0,,,,,,,,,
1914,P150051,*Oc1cccc(C(F)(F)C(F)(F)C(F)(F)c2cccc(OC(*)=O)c2)c1,46.0,,,,,,,,,
1915,P150054,*Oc1ccc(C(C)(C)c2ccc(C(C)(C)c3ccc(OC(*)=O)cc3)cc2)cc1,154.0,,,,,,,,,
1916,P150062,*Oc1c(C)cc(C(C)(C)c2cc(C)c(OC(*)=O)c(C)c2)cc1C,193.0,,,,,,,,,
1917,P150073,*Oc1ccc(Cc2ccc(OC(*)=S)cc2)cc1,95.0,,,,,,,,,
1918,P150074,*Oc1ccc(C(C)c2ccc(OC(*)=S)cc2)cc1,107.0,,,,,,,,,
1919,P150075,*Oc1ccc(C(CC)c2ccc(OC(*)=S)cc2)cc1,104.0,,,,,,,,,
1920,P150076,*Oc1ccc(C(CCC)c2ccc(OC(*)=S)cc2)cc1,130.0,,,,,,,,,
1921,P150077,*Oc1ccc(C(c2ccc(OC(*)=S)cc2)C(C)C)cc1,135.0,,,,,,,,,
1922,P150078,*Oc1ccc(C(c2ccc(OC(*)=S)cc2)C(CC)CC)cc1,148.0,,,,,,,,,
1923,P150079,*Oc1ccc(C2(c3ccc(OC(*)=S)cc3)CCCC2)cc1,79.0,,,,,,,,,
1924,P150080,*Oc1ccc(C2(c3ccc(OC(*)=S)cc3)CCCCC2)cc1,155.0,,,,,,,,,
1925,P150081,*Oc1ccc(C2(c3ccc(OC(*)=S)cc3)CCC(C)CC2)cc1,168.0,,,,,,,,,
1926,P150082,*Oc1ccc(C(c2ccccc2)c2ccc(OC(*)=S)cc2)cc1,179.0,,,,,,,,,
1927,P150083,*Oc1ccc(C(c2ccc(OC(*)=S)cc2)c2cccc3ccccc23)cc1,191.0,,,,,,,,,
1928,P150084,*Oc1ccc(C(C)(C)c2ccc(OC(*)=S)cc2)cc1,140.5,,,,,,,,,
1929,P150085,*Oc1ccc(C(C)(CC)c2ccc(OC(*)=S)cc2)cc1,102.0,,,,,,,,,
1930,P150086,*Oc1ccc(C(C)(CC(C)C)c2ccc(OC(*)=S)cc2)cc1,128.0,,,,,,,,,
1931,P150087,*Oc1ccc(C(CC)(CC)c2ccc(OC(*)=S)cc2)cc1,121.0,,,,,,,,,
1932,P150088,*Oc1ccc(C(C)(c2ccccc2)c2ccc(OC(*)=S)cc2)cc1,181.0,,,,,,,,,
1933,P150089,*Oc1ccc(C(CC)(c2ccccc2)c2ccc(OC(*)=S)cc2)cc1,173.0,,,,,,,,,
1934,P150101,*CCCCOC(=O)O*,-27.0,,,,,,,,,
1935,P150102,*CCCCCCCCCCOC(=O)O*,-37.0,,,,,,,,,
1936,P150109,*Oc1ccc(C(C)(C)c2ccc(OC(*)=O)c(C(C)C)c2)cc1C(C)C,80.0,,,,,,,,,
1937,P150110,*Oc1cc(Br)c(C(C)(C)c2c(Br)cc(OC(*)=O)cc2Br)c(Br)c1,267.0,,,,,,,,,
1938,P150111,*Oc1cc(Cl)c(C(C)(C)c2c(Cl)cc(OC(*)=O)cc2Cl)c(Cl)c1,240.0,,,,,,,,,
1939,P150114,*CCCCCOC(=O)O*,-42.95,,,,,,,,,
1940,P150123,*c1ccc(OC(=O)Oc2ccc(C3(*)OC(=O)c4ccccc43)cc2)cc1,252.2,,,,,,,,,
1941,P150124,*Oc1ccc(C(=C(Cl)Cl)c2ccc(OC(*)=O)cc2)cc1,167.0,,,,,,,,,
1942,P150142,*Oc1ccc(C2(c3ccc(OC(*)=O)cc3)CC3CCC2C3)cc1,235.0,,,,,,,,,
1943,P150143,*Oc1ccc(C(c2ccc(OC(*)=O)cc2)C(Cl)(Cl)Cl)cc1,230.0,,,,,,,,,
1944,P154565,*CC(C)(C)CS(=O)(=O)CC(C)(C)COC(=O)O*,50.0,,0.186,,,,,,,
1945,P154570,*Oc1c(C)cc(C(C)(C)c2cc(C)c(OC(*)=O)c(Cl)c2)cc1Cl,154.0,,,,,,,,,
1946,P160001,*CCN*,-48.0,,0.351,,,,,,,
1947,P160002,*CCN(*)C(C)=O,80.0,,,,,,,,,
1948,P160003,*CCN(*)C(=O)CC,60.0,,,,,,,,,
1949,P160004,*CCN(*)C(=O)CCC,42.0,,,,,,,,,
1950,P160005,*CCN(*)C(=O)C(C)C,30.0,,,,,,,,,
1951,P160006,*CCN(*)C(=O)CCCC,13.0,,,,,,,,,
1952,P160007,*CCN(*)C(=O)CC(C)C,30.0,,,,,,,,,
1953,P160009,*CCN(*)C(=O)CCCCC,7.0,,,,,,,,,
1954,P160010,*CCCN(*)C(=O)CCCCC,-16.0,,,,,,,,,
1955,P160011,*CCN(*)C(=O)CCCCCC,10.0,,,,,,,,,
1956,P160012,*CCN(*)C(=O)CCCCCCC,10.0,,,,,,,,,
1957,P160013,*CCN(*)C(=O)CCCCCCCCCCC,10.0,,,,,,,,,
1958,P160014,*CCN(*)C(=O)CCCCCCCCCCCCCCCCC,10.0,,0.4005,,,,,,,
1959,P160016,*CCN(*)C(=O)c1ccccc1,111.0,,,,,,,,,
1960,P160017,*CCCN(*)C(=O)c1ccccc1,72.0,,,,,,,,,
1961,P160019,*CCN(*)C(=O)c1ccc2ccccc2c1,130.0,,,,,,,,,
1962,P160029,*CCCN(*)C(=O)C(F)(F)C(F)(F)C(F)(F)C(F)(F)C(F)(F)C(F)(F)C(F)(F)F,25.0,,,,,,,,,
1963,P160031,*CCCN(*)C(C)=O,30.0,,,,,,,,,
1964,P160032,*CCCN(*)C(=O)CC,8.0,,,,,,,,,
1965,P160044,*CCN(*)C(=O)CCC(=O)OC,31.0,,,,,,,,,
1966,P160052,*c1ccc(-c2cnc3ccc(-c4ccc5ncc(*)nc5c4)cc3n2)cc1,376.0,,,,,,,,,
1967,P160053,*c1ccc(-c2ccc(-c3ccc(-c4cnc5ccc(-c6ccc7ncc(*)nc7c6)cc5n4)cc3)cc2)cc1,305.0,,,,,,,,,
1968,P160054,*c1ccc(-c2nc3cc(-c4ccc5nc(-c6ccccc6)c(*)nc5c4)ccc3nc2-c2ccccc2)cc1,365.0,,,,,,,,,
1969,P160056,*C(=O)c1ccc2ncc(-c3ccc(-c4cnc5ccc(*)cc5n4)cc3)nc2c1,318.0,,,,,,,,,
1970,P160057,*C(=O)c1ccc2nc(-c3ccccc3)c(-c3ccc(-c4nc5cc(*)ccc5nc4-c4ccccc4)cc3)nc2c1,325.0,,,,,,,,,
1971,P160058,*c1ccc(-c2cnc3ccc(S(=O)(=O)c4ccc5ncc(*)nc5c4)cc3n2)cc1,342.0,,,,,,,,,
1972,P160059,*c1ccc(-c2nc3cc(S(=O)(=O)c4ccc5nc(-c6ccccc6)c(*)nc5c4)ccc3nc2-c2ccccc2)cc1,345.0,,,,,,,,,
1973,P160060,*c1ccc(-c2cnc3cc4ncc(*)nc4cc3n2)cc1,392.0,,,,,,,,,
1974,P160061,*c1ccc(-c2nc3cc4nc(*)c(-c5ccccc5)nc4cc3nc2-c2ccccc2)cc1,395.0,,,,,,,,,
1975,P160062,*c1cccc(-c2nc3cc4nc(*)c(-c5ccccc5)nc4cc3nc2-c2ccccc2)c1,365.0,,,,,,,,,
1976,P160065,*c1cccc(-c2nc3cc(-c4ccc5nc(-c6ccccc6)c(*)nc5c4)ccc3nc2-c2ccccc2)c1,320.0,,,,,,,,,
1977,P160069,*C(=O)c1ccc2nc(-c3ccc(-c4cnc5cc(*)ccc5n4)cc3)cnc2c1,318.0,,,,,,,,,
1978,P160070,*c1ccc(-c2cnc3cc(S(=O)(=O)c4ccc5nc(*)cnc5c4)ccc3n2)cc1,342.0,,,,,,,,,
1979,P160071,*c1ccc(-c2cnc3ccc(-c4ccc5nc(*)cnc5c4)cc3n2)cc1,376.0,,,,,,,,,
1980,P160072,*c1ccc(-c2cnc3cc4nc(*)cnc4cc3n2)cc1,392.0,,,,,,,,,
1981,P160074,*c1ccc(-c2nc3ccc(S(=O)(=O)c4ccc5nc(*)c(-c6ccccc6)nc5c4)cc3nc2-c2ccccc2)cc1,345.0,,,,,,,,,
1982,P160075,*c1cccc(-c2nc3cc4nc(-c5ccccc5)c(*)nc4cc3nc2-c2ccccc2)c1,365.0,,,,,,,,,
1983,P160076,*c1ccc(-c2nc3cc4nc(-c5ccccc5)c(*)nc4cc3nc2-c2ccccc2)cc1,395.0,,,,,,,,,
1984,P160078,*c1ccc2nc(*)cc(-c3ccccc3)c2c1,415.0,,,,,,,,,
1985,P160082,*C(=O)c1ccc2nc(-c3ccccc3)c(-c3ccc(-c4nc5ccc(*)cc5nc4-c4ccccc4)cc3)nc2c1,320.0,,,,,,,,,
1986,P160083,*c1ccc(-c2ccc(-c3nc4ccc(-c5ccc6nc(*)c(-c7ccccc7)nc6c5)cc4nc3-c3ccccc3)cc2)cc1,404.0,,,,,,,,,
1987,P160085,*c1ccc(-c2nc3cc(S(=O)(=O)c4ccc5nc(*)c(-c6ccccc6)nc5c4)ccc3nc2-c2ccccc2)cc1,277.5,,,,,,,,,
1988,P160086,*c1ccc(-c2ccc(-c3cnc4cc(-c5ccc6nc(*)cnc6c5)ccc4n3)cc2)cc1,345.5,,,,,,,,,
1989,P160087,*c1ccc(-c2cnc3cc(-c4ccc5nc(*)cnc5c4)ccc3n2)cc1,350.0,,,,,,,,,
1990,P160089,*C(=O)c1ccccc1-c1ccccc1C(=O)N1CCN(*)CC1,193.0,,,,,,,,,
1991,P160090,*C(=O)c1ccc(C(C)(CC)c2ccc(C(=O)N3CCN(*)CC3)cc2)cc1,232.0,,,,,,,,,
1992,P160091,*C(=O)CCC1(CCC(=O)N2CCN(*)CC2)c2ccccc2-c2ccccc21,145.0,,,,,,,,,
1993,P160092,*CCCCCCn1ccc(-c2cccc(-c3ccn(*)n3)c2)n1,70.0,,,,,,,,,
1994,P160093,*CCCCCCn1ccc(-c2ccc(-c3ccn(*)n3)cc2)n1,55.0,,,,,,,,,
1995,P160094,*c1ccc(-n2ccc(-c3cccc(-c4ccn(*)n4)c3)n2)cc1,75.0,,,,,,,,,
1996,P160095,*c1ccc(-n2ccc(-c3ccc(-c4ccn(*)n4)cc3)n2)cc1,75.0,,,,,,,,,
1997,P160096,*CCC1CC(=O)N(*)C1=O,131.0,,,,,,,,,
1998,P160105,*c1cccc(-c2ccc3[nH]c(S(=O)(=O)c4nc5ccc(*)cc5[nH]4)nc3c2)c1,290.0,,,,,,,,,
1999,P160106,*c1nc(-c2ccccc2)nc(N(c2ccccc2)c2ncnc(N(*)c3ccccc3)n2)n1,279.0,,0.185,,,,,,,
2000,P160107,*c1nc(C(F)(F)C(F)(F)C(F)(F)F)nc(C(F)(F)C(F)(F)C(F)(F)C(F)(F)C(F)(F)C(*)(F)F)n1,-5.0,,,,,,,,,
2001,P164345,*=Cc1ccc(/C=N/c2c(-c3ccccc3)cc(-c3ccc(-c4cc(-c5ccccc5)c(N=*)c(-c5ccccc5)c4)cc3)cc2-c2ccccc2)cc1,300.0,,0.219,,,,,,,
2002,P164412,*c1cccc(-c2nc3ccc(-c4ccc5nc(*)[nH]c5c4)cc3[nH]2)c1,420.0,,,,,,,,,
2003,P164417,*c1ccc2cc(-c3nc4ccc(-c5ccc6nc(*)[nH]c6c5)cc4[nH]3)ccc2c1,403.0,,,,,,,,,
2004,P164426,*NCCCCCCNc1nc(*)nc(-c2ccccc2)n1,95.0,,,,,,,,,
2005,P164427,*c1nc(-c2ccccc2)nc(N(C)CCCCCCN(*)C)n1,57.0,,,,,,,,,
2006,P164428,*c1nc(-c2ccccc2)nc(N(CCCCCCN(*)c2ccccc2)c2ccccc2)n1,74.0,,,,,,,,,
2007,P164456,*c1ccc(-c2nc3cc(-c4ccc5nc(*)c(-c6ccccc6)nc5c4)ccc3nc2-c2ccccc2)cc1,391.5,,,,,,,,,
2008,P164457,*c1cccc(-c2nc3cc(-c4ccc5nc(*)c(-c6ccccc6)nc5c4)ccc3nc2-c2ccccc2)c1,319.0,,,,,,,,,
2009,P164458,*c1ccc(-c2nc3cc(-c4ccc5nc(*)c(-c6ccc7ccccc7c6)nc5c4)ccc3nc2-c2ccc3ccccc3c2)cc1,333.0,,,,,,,,,
2010,P164459,*c1cccc(-c2nc3cc(-c4ccc5nc(*)c(-c6ccc7ccccc7c6)nc5c4)ccc3nc2-c2ccc3ccccc3c2)c1,317.0,,,,,,,,,
2011,P164490,*c1ncnc(N(CCCCN(*)c2ccccc2)c2ccccc2)n1,91.0,,,,,,,,,
2012,P164491,*c1ncnc(N(CCCCCCN(*)c2ccccc2)c2ccccc2)n1,72.0,,,,,,,,,
2013,P164492,*c1ncnc(N(CCCCCCCCCCN(*)c2ccccc2)c2ccccc2)n1,55.0,,,,,,,,,
2014,P164493,*c1nc(C)nc(N(CCCCN(*)c2ccccc2)c2ccccc2)n1,85.0,,,,,,,,,
2015,P164494,*c1nc(C)nc(N(CCCCCCN(*)c2ccccc2)c2ccccc2)n1,67.0,,0.21,,,,,,,
2016,P164495,*c1nc(C)nc(N(CCCCCCCCCCN(*)c2ccccc2)c2ccccc2)n1,48.0,,,,,,,,,
2017,P164496,*c1nc(-c2ccccc2)nc(N(CCCCN(*)c2ccccc2)c2ccccc2)n1,94.0,,,,,,,,,
2018,P164497,*c1nc(-c2ccccc2)nc(N(CCCCCCCCCCN(*)c2ccccc2)c2ccccc2)n1,62.0,,,,,,,,,
2019,P169043,*c1ccc(-c2nnc(-c3cccc(-c4nnc(*)n4-c4ccccc4)c3)n2-c2ccccc2)cc1,272.5,,0.389,,,,,,,
2020,P170001,*O[Si](C)(C)Oc1ccc(C(C)(C)c2ccc(*)cc2)cc1,45.0,,,,,,,,,
2021,P170002,*O[Si](c1ccccc1)(c1ccccc1)c1cccc(*)c1,62.0,,,,,,,,,
2022,P170003,*CCC[Si](*)(C)c1ccc(N(C)C)cc1,6.5,,,,,,,,,
2023,P170004,*CCC[Si](*)(c1ccccc1)c1ccc(N(C)C)cc1,52.0,,,,,,,,,
2024,P170005,*CCC[Si](*)(C)c1ccccc1,-1.5,,,,,,,,,
2025,P170006,*C[Si](*)(C)C,-90.0,,,,,,,,,
2026,P170007,*CCC[Si](*)(C)C,-55.0,,,,,,,,,
2027,P170008,*CCC[Si](*)(c1ccc(C)cc1)c1ccc(C)cc1,38.0,,,,,,,,,
2028,P170009,*O[Si](*)(CC)CC,-139.0,,,,,,,,,
2029,P170020,*O[Si](*)(CCC)CCC,-77.5,,,,,,,,,
2030,P170021,*O[Si](C)(C)O[Si](C)(C)O[Si](*)(c1c(F)c(F)c(F)c(F)c1F)c1c(F)c(F)c(F)c(F)c1F,-42.0,,,,,,,,,
2031,P170023,*O[Si](C)(C)O[Si](*)(C)c1c(F)c(F)c(F)c(F)c1F,-65.0,,,,,,,,,
2032,P170024,*O[Si](C)(C)O[Si](C)(C)O[Si](*)(C)c1c(F)c(F)c(F)c(F)c1F,-83.0,,,,,,,,,
2033,P170025,*O[Si](C)(CCC(F)(F)F)CCC(F)(F)C(F)(F)C(F)(F)C(F)(F)C(F)(F)C(F)(F)CC[Si](*)(C)CCC(F)(F)F,-24.0,,,,,,,,,
2034,P170026,*O[Si](C)(CCC(F)(F)F)CCC(F)(F)C(F)(F)C(F)(F)C(F)(F)C(F)(F)C(F)(F)C(F)(F)C(F)(F)C(F)(F)C(F)(F)CC[Si](*)(C)CCC(F)(F)F,-11.0,,,,,,,,,
2035,P170027,*O[Si](C)(CCC(F)(F)F)CCC(F)(F)C(F)(F)C(F)(F)C(F)(F)C(F)(F)C(F)(F)C(F)(F)C(F)(F)CC[Si](*)(C)CCC(F)(F)F,-28.0,,,,,,,,,
2036,P170028,*O[Si](C)(CCC(F)(F)F)CCC(F)(F)C(F)(F)C(F)(F)C(F)(F)CC[Si](*)(C)CCC(F)(F)F,-25.0,,,,,,,,,
2037,P170029,*O[Si](C)(CCC(F)(F)F)CCC(F)(F)CC[Si](*)(C)CCC(F)(F)F,-38.0,,,,,,,,,
2038,P170030,*O[Si](C)(CCC(F)(F)F)CCC(F)(F)C(F)(F)CC[Si](*)(C)CCC(F)(F)F,-27.0,,,,,,,,,
2039,P170031,*O[Si](*)(C)C,-123.0,,,,,,,,,
2040,P170032,*O[Si](*)(C)c1c(F)c(F)c(F)c(F)c1F,-25.0,,,,,,,,,
2041,P170033,*O[Si](*)(C)CCC(F)(F)F,-69.0,,,,,,,,,
2042,P170035,*O[Si](C)(Oc1ccc(*)cc1)c1ccccc1,95.0,,,,,,,,,
2043,P170036,*O[Si](C)(Oc1ccc(C(C)(C)c2ccc(*)cc2)cc1)c1ccccc1,58.0,,,,,,,,,
2044,P170037,*O[Si](C)(C)Oc1ccc(*)cc1,90.0,,,,,,,,,
2045,P170038,*O[Si](C)(C)c1c(F)c(F)c(F)c([Si](*)(C)C)c1F,-28.5,,,,,,,,,
2046,P170042,*O[Si](C)(C)O[Si](C)(C)O[Si](C)(C)O[Si](C)(c1ccccc1)c1cccc([Si](*)(C)c2ccccc2)c1,-42.0,,,,,,,,,
2047,P170043,*O[Si](C)(C)O[Si](C)(C)c1c(F)c(F)c(F)c([Si](*)(C)C)c1F,-61.0,,,,,,,,,
2048,P170044,*O[Si](C)(C)c1cccc(C(F)(F)C(F)(F)c2cccc([Si](*)(C)C)c2)c1,-2.0,,,,,,,,,
2049,P170045,*O[Si](C)(C)c1cccc(C(F)(F)C(F)(F)C(F)(F)c2cccc([Si](*)(C)C)c2)c1,-8.0,,,,,,,,,
2050,P170046,*O[Si](C)(C)O[Si](C)(C)c1ccc([Si](*)(C)C)cc1,-62.5,,,,,,,,,
2051,P170047,*O[Si](C)(C)O[Si](C)(C)O[Si](C)(C)O[Si](C)(C)O[Si](C)(C)c1ccc([Si](*)(C)C)cc1,-80.0,,,,,,,,,
2052,P170048,*O[Si](C)(C)O[Si](C)(C)O[Si](C)(C)O[Si](C)(C)c1cccc([Si](*)(C)C)c1,-75.0,,,,,,,,,
2053,P170049,*O[Si](C)(C)O[Si](C)(C)O[Si](C)(C)O[Si](C)(C)c1ccc([Si](*)(C)C)cc1,-72.0,,,,,,,,,
2054,P170050,*O[Si](C)(C)O[Si](C)(C)O[Si](C)(C)c1ccc([Si](*)(C)C)cc1,-62.0,,,,,,,,,
2055,P170051,*O[Si](O[Si](C)(C)c1ccc([Si](*)(C)C)cc1)(c1ccccc1)c1ccccc1,0.0,,,,,,,,,
2056,P170064,*O[Si](C)(C)c1ccc([Si](*)(C)C)cc1,-18.0,,,,,,,,,
2057,P170071,*O[Si](*)(C)CCC,-120.0,,,,,,,,,
2058,P170072,*O[Si](*)(C)CCCCCCCC,-92.0,,,,,,,,,
2059,P170073,*O[SiH](*)C,-3.39,,,,,,,,,
2060,P170074,*O[Si](*)(C)CC,-133.0,,,,,,,,,
2061,P170077,*C/C=C/C[Si](*)(C)C,-57.5,,,,,,,,,
2062,P170078,*C/C=C/C[Si](*)(C)c1ccccc1,-1.0,,,,,,,,,
2063,P170080,*C/C=C/C[Si](*)(CCCOc1ccccc1)c1ccccc1,-5.0,,,,,,,,,
2064,P170081,*C/C=C/C[Si](*)(C)CCCOc1ccc2ccccc2c1,-1.0,,,,,,,,,
2065,P170082,*C/C=C/C[Si](*)(C)CCCOc1ccc(-c2ccccc2)cc1,10.0,,,,,,,,,
2066,P170083,*C/C=C/C[Si](*)(C)CCCOc1ccccc1,-30.0,,,,,,,,,
2067,P174325,*O[Si](*)(C)CCCCOc1ccc(-c2ccc(C#N)cc2)cc1,22.5,,,,,,,,,
2068,P174326,*O[Si](*)(C)CCCCCCCCOc1ccc(C(=O)Oc2ccc(C#N)cc2C)cc1,5.5,,,,,,,,,
2069,P174327,*C[Si](*)(C)CCCCCC,-77.6,,,,,,,,,
2070,P174328,*O[Si](*)(C)CCCCCC,-110.85,,,,,,,,,
2071,P174329,*C[Si](*)(C)CCCN(CC)CC,-31.75,,,,,,,,,
2072,P174330,*C[Si](*)(C)CCCn1c2ccccc2c2ccccc21,71.2,,,,,,,,,
2073,P174331,*O[Si](*)(C)CCCn1c2ccccc2c2ccccc21,55.45,,,,,,,,,
2074,P174332,*C[Si](*)(C)CCCOCCOCCOC,-73.3,,,,,,,,,
2075,P174333,*O[Si](*)(C)CCCOCCOCCOC,-90.1,,,,,,,,,
2076,P174481,*C[Si](*)(CCC)CCC,-41.0,,,,,,,,,
2077,P174482,*C[Si](*)(CCCC)CCCC,-30.0,,,,,,,,,
2078,P174483,*C[Si](*)(CCCCC)CCCCC,-55.0,,,,,,,,,
2079,P174484,*C[Si](*)(CCCCCC)CCCCCC,-56.0,,,,,,,,,
2080,P180001,*N=P(*)(OC)OC,-66.8,,,,,,,,,
2081,P180002,*N=P(*)(OCC)OCC,-84.0,,,,,,,,,
2082,P180003,*N=P(*)(OCCC)OCCC,-84.0,,,,,,,,,
2083,P180004,*N=P(*)(OCCCC)OCCCC,-105.0,,,,,,,,,
2084,P180005,*N=P(*)(OCCC)OCCCCC,-100.0,,,,,,,,,
2085,P180006,*N=P(*)(OCCCCC)OCCCCC,-104.0,,,,,,,,,
2086,P180007,*N=P(*)(OCCCCCC)OCCCCCC,-104.0,,,,,,,,,
2087,P180008,*N=P(*)(OCCCCCCC)OCCCCCCC,-94.0,,,,,,,,,
2088,P180009,*N=P(*)(OCCCCCCCC)OCCCCCCCC,-84.0,,,,,,,,,
2089,P180010,*N=P(*)(OCCCCCCCCC)OCCCCCCCCC,-56.0,,,,,,,,,
2090,P180011,*N=P(*)(OCCCCCCCCCC)OCCCCCCCCCC,-44.0,,,,,,,,,
2091,P180012,*N=P(*)(Oc1ccccc1)Oc1ccccc1,-8.0,,,,,,,,,
2092,P180013,*N=P(*)(Oc1ccc(-c2ccccc2)cc1)Oc1ccc(-c2ccccc2)cc1,85.0,,,,,,,,,
2093,P180014,*N=P(*)(OCc1ccccc1)OCc1ccccc1,-31.4,,,,,,,,,
2094,P180015,*N=P(*)(OCc1ccc(-c2ccccc2)cc1)OCc1ccc(-c2ccccc2)cc1,60.0,,,,,,,,,
2095,P180016,*N=P(*)(OCCc1ccccc1)OCCc1ccccc1,-32.7,,,,,,,,,
2096,P180017,*N=P(*)(OCCCc1ccccc1)OCCCc1ccccc1,-47.0,,,,,,,,,
2097,P180019,*N=P(*)(OCC(F)(F)F)OCC(F)(F)F,-66.0,,,,,,,,,
2098,P180020,*N=P(*)(OCC(F)(F)C(F)(F)F)OCC(F)(F)C(F)(F)F,-52.5,,,,,,,,,
2099,P180021,*N=P(*)(OCC(F)(F)C(F)(F)C(F)(F)C(F)(F)C(F)(F)C(F)(F)C(F)(F)F)OCC(F)(F)C(F)(F)C(F)(F)C(F)(F)C(F)(F)C(F)(F)C(F)(F)F,-40.0,,,,,,,,,
2100,P180022,*N=P(*)(Oc1ccc(F)cc1)Oc1ccc(F)cc1,-4.0,,,,,,,,,
2101,P180023,*N=P(*)(Oc1cccc(C(F)(F)F)c1)Oc1cccc(C(F)(F)F)c1,-35.0,,,,,,,,,
2102,P180024,*N=P(*)(OCc1ccc(Br)cc1)OCc1ccc(Br)cc1,-0.8,,,,,,,,,
2103,P180025,*N=P(*)(OCCOC)OCCOC,-78.0,,,,,,,,,
2104,P180026,*N=P(*)(OCCOCCOC)OCCOCCOC,-81.0,,,,,,,,,
2105,P180027,*N=P(*)(OCCOCCOCC)OCCOCCOCC,-78.0,,,,,,,,,
2106,P180028,*N=P(*)(OCCOCCOCCCC)OCCOCCOCCCC,-84.0,,,,,,,,,
2107,P180029,*N=P(*)(NCC)NCC,30.0,,,,,,,,,
2108,P180030,*N=P(*)(N(C)C)N(C)C,-4.0,,,,,,,,,
2109,P180031,*N=P(*)(N1CCCCC1)N1CCCCC1,19.0,,,,,,,,,
2110,P180032,*N=P(*)(Nc1ccccc1)Nc1ccccc1,103.45,,,,,,,,,
2111,P180033,*N=P(*)(Cl)Cl,-63.0,,,,,,,,,
2112,P180034,*N=P(*)(Oc1ccc(Cl)cc1)Oc1ccc(Cl)cc1,4.0,,,,,,,,,
2113,P180035,*N=P(*)(Oc1ccc(Cl)cc1Cl)Oc1ccc(Cl)cc1Cl,2.0,,,,,,,,,
2114,P180036,*N=P(*)(Oc1ccc(C)c(C)c1)Oc1ccc(C)c(C)c1,-1.5,,,,,,,,,
2115,P180037,*N=P(*)(Oc1ccc(C(C)C)cc1)Oc1ccc(C(C)C)cc1,0.0,,,,,,,,,
2116,P180038,*N=P(*)(Oc1ccc(C)cc1)Oc1ccc(C)cc1,5.0,,,,,,,,,
2117,P180040,*N=P(*)(C)C,-42.0,,,,,,,,,
2118,P180041,*N=P(*)(Oc1ccc2ccccc2c1)Oc1ccc2ccccc2c1,47.0,,,,,,,,,
2119,P180042,*N=P(*)(Oc1cccc(C)c1)Oc1cccc(C)c1,-25.0,,,,,,,,,
2120,P180043,*=NP(Cl)(Cl)=NP(Cl)(Cl)=NC(=*)Cl,-21.0,,,,,,,,,
2121,P189026,*N=P1(*)Oc2ccccc2-c2ccccc2O1,160.0,,,,,,,,,
2122,P190001,*CCC(*)=O,15.0,,,,,,,,,
2123,P190003,*Oc1ccc(C(=O)c2ccc(*)cc2)cc1,154.0,,,,,,,,,
2124,P190004,*OS(=O)(=O)c1cccc(C(=O)c2cccc(S(=O)(=O)Oc3ccc(C(C)(C)c4ccc(*)cc4)cc3)c2)c1,122.0,,,,,,,,,
2125,P200001,*OS(=O)(=O)c1cccc(S(=O)(=O)Oc2ccc(C(C)(C)c3ccc(*)cc3)cc2)c1,124.0,,,,,,,,,
2126,P200009,*C1CCCCC1S(*)(=O)=O,77.0,,,,,,,,,
2127,P200010,*C1CCCC(S(*)(=O)=O)C1,108.0,,,,,,,,,
2128,P200011,*OS(=O)(=O)c1ccc(*)cc1,119.0,,,,,,,,,
2129,P200016,*CC(C)(C)CS(*)(=O)=O,108.5,,,,,,,,,
2130,P200018,*c1ccc(Cc2ccc(S(*)(=O)=O)cc2)cc1,227.5,,,,,,,,,
2131,P210001,*c1ccc(*)cc1,291.5,,,,,,,,,
2132,P210003,*c1ccc(C(*)C)cc1,93.0,,,,,,,,,
2133,P210006,*CCc1ccc(*)cc1,65.0,,,,,,,,,
2134,P210007,*CCc1cccc(*)c1,9.0,,,,,,,,,
2135,P210008,*CCc1ccc(*)c(C)c1,57.5,,,,,,,,,
2136,P210009,*CCc1ccc(*)c(CC)c1,25.0,,,,,,,,,
2137,P210010,*CCc1cc(C)c(*)cc1C,100.0,,,,,,,,,
2138,P210011,*CCCc1ccc(-c2c(-c3ccccc3)cc(-c3ccc(-c4cc(-c5ccccc5)c(-c5ccc(*)cc5)c(-c5ccccc5)c4-c4ccccc4)cc3)c(-c3ccccc3)c2-c2ccccc2)cc1,290.0,,,,,,,,,
2139,P210012,*CCCc1ccc(-c2c(-c3ccccc3)cc(-c3cccc(-c4cc(-c5ccccc5)c(-c5ccc(*)cc5)c(-c5ccccc5)c4-c4ccccc4)c3)c(-c3ccccc3)c2-c2ccccc2)cc1,240.0,,,,,,,,,
2140,P210013,*CCCCc1ccc(-c2c(-c3ccccc3)cc(-c3ccc(-c4cc(-c5ccccc5)c(-c5ccc(*)cc5)c(-c5ccccc5)c4-c4ccccc4)cc3)c(-c3ccccc3)c2-c2ccccc2)cc1,205.0,,,,,,,,,
2141,P210014,*CCCCc1ccc(-c2c(-c3ccccc3)cc(-c3cccc(-c4cc(-c5ccccc5)c(-c5ccc(*)cc5)c(-c5ccccc5)c4-c4ccccc4)c3)c(-c3ccccc3)c2-c2ccccc2)cc1,180.0,,,,,,,,,
2142,P210015,*CCCCCCc1ccc(-c2c(-c3ccccc3)cc(-c3ccc(-c4cc(-c5ccccc5)c(-c5ccc(*)cc5)c(-c5ccccc5)c4-c4ccccc4)cc3)c(-c3ccccc3)c2-c2ccccc2)cc1,250.0,,,,,,,,,
2143,P210016,*CCCCCCc1ccc(-c2c(-c3ccccc3)cc(-c3cccc(-c4cc(-c5ccccc5)c(-c5ccc(*)cc5)c(-c5ccccc5)c4-c4ccccc4)c3)c(-c3ccccc3)c2-c2ccccc2)cc1,215.0,,,,,,,,,
2144,P210017,*CCCCCCCCCCc1ccc(-c2c(-c3ccccc3)cc(-c3ccc(-c4cc(-c5ccccc5)c(-c5ccc(*)cc5)c(-c5ccccc5)c4-c4ccccc4)cc3)c(-c3ccccc3)c2-c2ccccc2)cc1,235.0,,,,,,,,,
2145,P210018,*CCCCCCCCCCCCCCc1ccc(-c2c(-c3ccccc3)cc(-c3ccc(-c4cc(-c5ccccc5)c(-c5ccc(*)cc5)c(-c5ccccc5)c4-c4ccccc4)cc3)c(-c3ccccc3)c2-c2ccccc2)cc1,185.0,,,,,,,,,
2146,P210019,*CCCCCCCCCCCCCCc1ccc(-c2c(-c3ccccc3)cc(-c3cccc(-c4cc(-c5ccccc5)c(-c5ccc(*)cc5)c(-c5ccccc5)c4-c4ccccc4)c3)c(-c3ccccc3)c2-c2ccccc2)cc1,160.0,,,,,,,,,
2147,P210020,*CCc1ccc(*)c(C#N)c1,90.0,,,,,,,,,
2148,P210021,*CCc1ccc(*)c(Cl)c1,75.0,,,,,,,,,
2149,P210022,*CCc1ccc(*)c(Br)c1,80.0,,,,,,,,,
2150,P210024,*CCc1ccc(*)c2ccccc12,160.0,,,,,,,,,
2151,P210026,*c1cccc(*)c1,104.93,,,,,,,,,
2152,P210027,*/C=C/c1ccc(*)cc1,240.0,,,,,,,,,
2153,P210042,*c1ccc(C(F)(F)C(*)(F)F)cc1,76.95,,0.101,,,,,,,
2154,P210043,*c1cccc(-c2cccc(C(F)(F)C(F)(F)C(*)(F)F)c2)c1,45.0,,,,,,,,,
2155,P210044,*c1ccc(C(Cl)(Cl)C(*)Cl)cc1,160.0,,0.115,,,,,,,
2156,P210045,*c1cccc(C(F)(F)C(F)(F)C(*)(F)F)c1,29.0,,,,,,,,,
2157,P210047,*CCCCCCCCCCc1ccc(-c2c(-c3ccccc3)cc(-c3cccc(-c4cc(-c5ccccc5)c(-c5ccc(*)cc5)c(-c5ccccc5)c4-c4ccccc4)c3)c(-c3ccccc3)c2-c2ccccc2)cc1,180.0,,0.21,,,,,,,
2158,P210060,*CCc1cc(Cl)c(*)c(Cl)c1,110.0,,,,,,,,,
2159,P219039,*C1c2cccc3cccc(c23)C1*,250.0,,,,,,,,,
2160,P310005,*CCC(C)(C)C(*)(C)C,87.0,,,,,,,,,
2161,P310010,*C([2H])([2H])C(*)([2H])C([2H])([2H])[2H],0.0,,,,,,,,,
2162,P310012,*CCC1CC(*)C2CCCC12,101.0,,,,,,,,,
2163,P310015,*CCCC(*)C,-52.6,,,,,,,,,
2164,P312001,*CC(*)C1CCCCC1C,186.0,,,,,,,,,
2165,P312002,*CC(*)C1CCC(C(C)(C)C)CC1,131.0,,,,,,,,,
2166,P312004,*CCCCCC(*)C,-66.0,,,,,,,,,
2167,P312005,*CCCCCC(*)CC,-73.0,,,,,,,,,
2168,P312006,*CCCCCC(*)CCC,-68.0,,,,,,,,,
2169,P312007,*CCCCCC(*)CCCC,-69.0,,,,,,,,,
2170,P312008,*CCCCCC(*)CCCCCC,-76.0,,,,,,,,,
2171,P312009,*CCCCCC(*)CCCCCCCC,-72.0,,,,,,,,,
2172,P312010,*CCCCCC(*)CCCCCCCCCC,-65.0,,0.406,,,,,,,
2173,P312014,*CC(*)CCCCCCCCCCCCCCCCCC,-88.0,,0.381,,,,,,,
2174,P312022,*C1CCC(*)C1,65.1,,,,,,,,,
2175,P312024,*C1C2CCC(C2)C1*,240.0,,,,,,,,,
2176,P312030,*CCC([2H])C(*)([2H])C,-47.5,,,,,,,,,
2177,P312031,*C1C2CC(C)C(C2)C1*,350.0,,,,,,,,,
2178,P312034,*C1CC2CC1C(*)C2CCCC,235.0,,,,,,,,,
2179,P312035,*C1CC2CC1C(*)C2CCCCCC,252.0,,,,,,,,,
2180,P312038,*CCC1CC(*)C2C3CC(CC)C(C3)C12,138.0,,,,,,,,,
2181,P312042,*CCC1CC(*)C2C3CCC(C3)C12,164.0,,,,,,,,,
2182,P320001,*CC(*)c1ccc(C(=O)OCCN(CC)CC)cc1,74.0,,,,,,,,,
2183,P320002,*CC(*)c1ccc(/C(Cc2ccccc2)=N/O)cc1,111.0,,,,,,,,,
2184,P320003,*CC(*)c1ccccc1COCCCCCCCC,13.0,,,,,,,,,
2185,P320006,*CC(*)c1ccc(C(O)C(F)(F)F)cc1,110.0,,,,,,,,,
2186,P320016,*CC(*)(C)c1ccc2ccccc2n1,193.0,,,,,,,,,
2187,P320017,*CC(*)c1ccc([Si](C)(C)OC(C)C)cc1,180.0,,,,,,,,,
2188,P320018,*CC(*)c1cccc(OC(C)=O)c1,76.0,,,,,,,,,
2189,P320019,*CC(*)c1cccc(NC(C)=O)c1,163.0,,,,,,,,,
2190,P320020,*CC(*)(C)c1ccc2ccccc2c1,208.0,,,,,,,,,
2191,P320023,*CC(*)c1ccc(C([Sn](C)(C)C)[Sn](C)(C)C)cc1,140.0,,,,,,,,,
2192,P320024,*CC(*)c1ccc(C([Si](C)(C)C)[Si](C)(C)C)cc1,156.0,,,,,,,,,
2193,P320025,*CC(*)c1ccc(C[Si](C)(C)C)cc1,82.0,,,,,,,,,
2194,P320026,*CC(*)c1c([2H])c([2H])c([2H])c([2H])c1[2H],100.0,,,,,,,,,
2195,P320057,*CC(CC(*)(C#N)C#N)c1ccc(OC(C)=O)cc1,180.0,,,,,,,,,
2196,P320058,*CC(CC(*)(C#N)C#N)c1ccc(F)cc1,180.0,,,,,,,,,
2197,P320059,*CC(CC(*)(C#N)C#N)c1ccc(Cl)cc1,180.0,,,,,,,,,
2198,P320060,*CC(CC(*)(C#N)C#N)c1ccc(CCl)cc1,180.0,,,,,,,,,
2199,P320063,*CC(*)c1ccc(COCCC(F)(F)C(F)(F)C(F)(F)C(F)(F)F)cc1,13.0,,,,,,,,,
2200,P320064,*CC(*)c1ccc(COCCC(F)(F)C(F)(F)C(F)(F)C(F)(F)C(F)(F)C(F)(F)C(F)(F)C(F)(F)F)cc1,55.0,,,,,,,,,
2201,P322001,*CC(*)c1ccc([Si](C)(C)O[Si](C)(C)C)cc1,35.5,,,,,,,,,
2202,P322002,*CC(*)c1ccccc1O,172.0,,,,,,,,,
2203,P322003,*CC(*)c1cccc(O)c1,169.0,,,,,,,,,
2204,P322004,*CC(*)c1cc(OC)c(OC(C)=O)c(OC)c1,147.0,,,,,,,,,
2205,P322005,*CC(*)c1cc(OC)c(O)c(OC)c1,147.0,,,,,,,,,
2206,P322009,*CC(*)c1ccc(COc2ccc(-c3ccc(C#N)cc3)cc2)cc1,132.0,,,,,,,,,
2207,P322010,*CC(*)c1ccc(Cl)c([N+](=O)[O-])c1,132.9,,,,,,,,,
2208,P322011,*CC(*)c1ccccc1Br,149.0,,,,,,,,,
2209,P322012,*C(c1ccc(N(C)C)cc1)C(*)c1ccc([N+](=O)[O-])cc1,139.0,,,,,,,,,
2210,P322014,*CCCCC(c1ccc(O)cc1)C(*)c1ccc(O)cc1C,25.0,,,,,,,,,
2211,P322015,*CCCCCC(c1ccc(O)cc1)C(*)c1ccc(O)cc1C,16.0,,,,,,,,,
2212,P322016,*CCCCCCC(c1ccc(O)cc1)C(*)c1ccc(O)cc1C,18.0,,,,,,,,,
2213,P322017,*CCCCCCCC(c1ccc(O)cc1)C(*)c1ccc(O)cc1C,4.0,,,,,,,,,
2214,P322018,*CCCCCCCCC(c1ccc(O)cc1)C(*)c1ccc(O)cc1C,-12.0,,,,,,,,,
2215,P322019,*CCCCCCCCCC(c1ccc(O)cc1)C(*)c1ccc(O)cc1C,-1.0,,,,,,,,,
2216,P322020,*CCCCCCCCCCC(c1ccc(O)cc1)C(*)c1ccc(O)cc1C,-4.0,,,,,,,,,
2217,P322021,*CCCCCCCCCCCC(c1ccc(O)cc1)C(*)c1ccc(O)cc1C,4.0,,,,,,,,,
2218,P322022,*CCCCCCCCCCCCC(c1ccc(O)cc1)C(*)c1ccc(O)cc1C,-1.0,,,,,,,,,
2219,P322025,*CC(*)c1cccc(Br)c1,102.0,,,,,,,,,
2220,P322026,*CC(*)c1ccc(OC(C)=O)c(OC)c1,115.0,,,,,,,,,
2221,P322027,*CC(*)c1ccc(O)c(OC)c1,142.0,,,,,,,,,
2222,P322031,*CC(*)c1ccc(COCCC(F)(F)C(F)(F)C(F)(F)C(F)(F)C(F)(F)C(F)(F)F)cc1,18.0,,,,,,,,,
2223,P322032,*CC(*)c1ccc([Si](C)(C)O[Si](C)(C)O[Si](C)(C)C)cc1,-27.0,,,,,,,,,
2224,P322033,*CC(*)c1ccc([Si](C)(O[Si](C)(C)C)O[Si](C)(C)C)cc1,54.0,,,,,,,,,
2225,P322034,*CC(*)c1ccc([Si](O[Si](C)(C)C)(O[Si](C)(C)C)O[Si](C)(C)C)cc1,114.0,,,,,,,,,
2226,P322039,*CC(*)c1ccc(CCl)cc1,113.5,,,,,,,,,
2227,P322043,*CC(*)c1ccc(OP2(OCCOCCOCCOC)=NP(OCCOCCOCCOC)(OCCOCCOCCOC)=NP(OCCOCCOCCOC)(OCCOCCOCCOC)=N2)cc1,-46.0,,,,,,,,,
2228,P322044,*CC(*)(C)c1ccc(C(O)C(F)(F)F)cc1,199.0,,,,,,,,,
2229,P322051,*CC(*)c1ccc([Si](C)(C)O)cc1,147.0,,,,,,,,,
2230,P322056,*CC(*)c1ccccc1OC(C)=O,118.0,,,,,,,,,
2231,P322057,*CC(*)c1ccc([SiH](C)C)cc1,105.0,,,,,,,,,
2232,P322058,*CC(*)c1ccc(Cn2c3ccccc3c3ccccc32)cc1,166.0,,,,,,,,,
2233,P322082,*CCC(c1ccccc1)C(*)c1ccccc1,104.3,,,,,,,,,
2234,P322090,*CC(*)c1cc(C(=O)Oc2ccc(OC)cc2)ccc1C(=O)Oc1ccc(OC)cc1,115.0,,,,,,,,,
2235,P322093,*CC(*)c1c(F)c(F)c(OCC(F)(F)C(F)(F)F)c(F)c1F,61.0,,,,,,,,,
2236,P322094,*CC(*)c1c(F)c(F)c(OCC(F)(F)C(F)(F)C(F)(F)C(F)(F)C(F)(F)C(F)(F)C(F)(F)F)c(F)c1F,21.0,,,,,,,,,
2237,P322095,*CC(*)c1c(F)c(F)c(OC)c(F)c1F,94.0,,,,,,,,,
2238,P322110,*CCC1CC(*)C2C3CC(c4ccc(COC(C)CC)cc4)C(C3)C12,139.0,,,,,,,,,
2239,P322111,*CC(*)c1ccc(OCCOCCOC(C)=O)cc1,-3.0,,,,,,,,,
2240,P322112,*CC(*)c1cc(C(=O)Oc2ccc(OCCCC)cc2)ccc1C(=O)Oc1ccc(OCCCC)cc1,103.6,,,,,,,,,
2241,P322114,*CC(*)(C)c1nc(N(CCOCCOCCOC)CCOCCOCCOC)nc(N(CCOCCOCCOC)c2ccccc2)n1,-75.0,,,,,,,,,
2242,P322121,*CC(*)c1ccc(B(Oc2ccc(B3OC(C)(C)C(C)(C)O3)c3cccnc23)c2ccc(C(C)(C)C)cc2)cc1,275.0,,,,,,,,,
2243,P322122,*CC(*)c1ccc(B(Oc2ccc(-c3c(F)c(F)c(F)c(F)c3F)c3cccnc23)c2ccc(C(C)(C)C)cc2)cc1,245.0,,,,,,,,,
2244,P322123,*CC(*)c1ccc(B(Oc2cccc3cccnc23)c2ccc(C(C)(C)C)cc2)cc1,240.0,,,,,,,,,
2245,P322124,*CC(*)c1ccc(B(Oc2ccc(Cl)c3cccnc23)c2ccc(C(C)(C)C)cc2)cc1,238.0,,,,,,,,,
2246,P322125,*CC(*)c1ccc(B(Oc2ccc(-c3ccc(OC)cc3)c3cccnc23)c2ccc(C(C)(C)C)cc2)cc1,220.0,,,,,,,,,
2247,P322126,*CC(*)c1ccc(B(Oc2ccc(-c3ccc(N(C)C)cc3)c3cccnc23)c2ccc(C(C)(C)C)cc2)cc1,230.0,,,,,,,,,
2248,P322128,*CC(*)c1ccc(N(c2ccccc2)c2ccccc2)cc1,123.5,,,,,,,,,
2249,P322137,*CCC(*)(C)c1ccccc1,93.0,,,,,,,,,
2250,P322140,*CC(*)c1ccc(-c2ccc3c(c2)C(CCCCCC)(CCCCCC)c2ccccc2-3)cc1,81.25,,,,,,,,,
2251,P322141,*CC(*)c1ccc(-c2ccc3c(c2)C(CCCCCC)(CCCCCC)c2cc(-c4ccc5c(c4)C(CCCCCC)(CCCCCC)c4ccccc4-5)ccc2-3)cc1,78.6,,,,,,,,,
2252,P322144,*CC(*)c1cc[n+](CCCCCCCC)cc1,206.2,,,,,,,,,
2253,P322146,*CC(*)c1cc(-c2ccc(C(=O)OC(C)CC)cc2)ccc1-c1ccc(C(=O)OC(C)CC)cc1,212.5,,,,,,,,,
2254,P322147,*CC(*)c1cc(-c2ccc(C(=O)OC(C)CCCCCC)cc2)ccc1-c1ccc(C(=O)OC(C)CCCCCC)cc1,102.0,,,,,,,,,
2255,P322148,*CC(*)c1cc(-c2ccc(C(=O)OC3CC(C)CCC3C(C)C)cc2)ccc1-c1ccc(C(=O)OC2CC(C)CCC2C(C)C)cc1,217.5,,,,,,,,,
2256,P322152,*CC(*)c1ccc(COCC(F)(F)C(F)(F)C(F)(F)C(F)(F)F)cc1,23.0,,,,,,,,,
2257,P322153,*CC(*)c1ccc(CCC(F)(F)C(F)(F)C(F)(F)C(F)(F)F)cc1,23.0,,,,,,,,,
2258,P322154,*CC(*)c1cccc(N(c2ccc(C)cc2)c2ccc(C)cc2)c1,126.5,,,,,,,,,
2259,P322155,*CC(*)c1ccc(-c2cccc3nsnc23)cc1,150.0,,,,,,,,,
2260,P322156,*CC(*)c1ccc(COc2ccc(-c3ccc(-c4ccc(C)cc4)c4nsnc34)cc2)cc1,117.0,,,,,,,,,
2261,P322157,*CC(*)c1ccc(COc2ccc(-c3ccc(-c4ccc(C)s4)c4nsnc34)cc2)cc1,130.0,,,,,,,,,
2262,P322158,*CC(*)c1ccc(COc2ccc(-c3ccc(-c4ccc(-c5ccc(CCCCCC)s5)s4)c4nsnc34)cc2)cc1,122.0,,,,,,,,,
2263,P322161,*CC(*)c1cc(C(=O)OC)ccc1-c1ccc(OCCCCCCCC)cc1,126.0,,,,,,,,,
2264,P322162,*CC(*)c1cc(C(=O)OCC)ccc1-c1ccc(OCCCCCCCC)cc1,95.0,,,,,,,,,
2265,P322163,*CC(*)c1cc(C(=O)OCCCC)ccc1-c1ccc(OCCCCCCCC)cc1,74.0,,,,,,,,,
2266,P322164,*CC(*)c1cc(C(=O)OCCCCCC)ccc1-c1ccc(OCCCCCCCC)cc1,64.0,,,,,,,,,
2267,P322165,*CC(*)c1cc(C(=O)OCCCCCCCC)ccc1-c1ccc(OCCCCCCCC)cc1,57.0,,,,,,,,,
2268,P322166,*CC(*)c1cc(C(=O)OCCCCCCCCCC)ccc1-c1ccc(OCCCCCCCC)cc1,44.0,,,,,,,,,
2269,P322167,*CC(*)c1cc(C(=O)OCCCCCCCCCCCC)ccc1-c1ccc(OCCCCCCCC)cc1,42.0,,,,,,,,,
2270,P322168,*CC(*)c1c(F)c(F)c(P(=O)(O)O)c(F)c1F,330.0,,,,,,,,,
2271,P322169,*CC(*)c1c(F)c(F)c(C(F)(F)F)c(F)c1F,112.0,,,,,,,,,
2272,P322170,*CC(*)c1ccccc1C(F)(F)F,165.0,,,,,,,,,
2273,P322172,*CC(*)c1cc(C(F)(F)F)cc(C(F)(F)F)c1,116.0,,,,,,,,,
2274,P322231,*CC(*)c1ccccc1,99.9,,,,,,,,,
2275,P322232,*CC(*)c1ccccn1,105.0,,,,,,,,,
2276,P330001,*CC(*)OC(=O)C(Cl)(Cl)Cl,59.0,,,,,,,,,
2277,P330002,*CC(*)P(=O)(N(C)C)N(C)C,25.0,,,,,,,,,
2278,P330005,*CC(*)OC(=O)c1nn(C(C)=O)c2ccccc12,150.0,,,,,,,,,
2279,P330016,*CC(*)[Si](C)(C)C,137.0,,,,,,,,,
2280,P330040,*CC(*)OC(=O)OC([2H])([2H])[2H],55.0,,,,,,,,,
2281,P330041,*CC(*)OC(=O)OCC(Cl)(Cl)Cl,74.0,,,,,,,,,
2282,P330042,*CC(*)OC(=O)OCC(F)(F)F,57.0,,,,,,,,,
2283,P330043,*CC(*)OC(=O)OCCC(F)(F)C(F)(F)C(F)(F)C(F)(F)C(F)(F)C(F)(F)F,37.0,,,,,,,,,
2284,P330044,*/C(CC)=C(/*)c1ccccc1,200.0,,,,,,,,,
2285,P330045,*/C(CCCCCC)=C(/*)c1ccccc1,200.0,,,,,,,,,
2286,P330046,*/C(Cl)=C(/*)c1ccccc1,215.0,,,,,,,,,
2287,P330047,*/C(Cl)=C(/*)CCCC,190.0,,,,,,,,,
2288,P330048,*/C(Cl)=C(/*)CCCCCC,150.0,,,,,,,,,
2289,P330049,*/C(Cl)=C(/*)CCCCCCCC,90.0,,,,,,,,,
2290,P330050,*/C(C)=C(/*)[Si](C)(C)CCCCCC,200.0,,,,,,,,,
2291,P330051,*/C(C)=C(/*)[Si](C)(C)C[Si](C)(C)C,200.0,,,,,,,,,
2292,P330052,*/C(C)=C(/*)[Si](C)(C)CC[Si](C)(C)C,200.0,,,,,,,,,
2293,P330053,*/C=C(/*)C(CCCCC)[Si](C)(C)C,170.0,,,,,,,,,
2294,P330054,*/C=C(/*)C(CCCCCCC)[Si](C)(C)C,150.0,,,,,,,,,
2295,P330057,*CC(*)n1c2ccccc2c2cc3ccccc3cc21,253.0,,,,,,,,,
2296,P330058,*CC(*)n1c2ccccc2c2c3ccccc3ccc21,291.5,,,,,,,,,
2297,P330072,*CC(*)(CC(=O)O)C(=O)O,141.0,,,,,,,,,
2298,P330076,*CC(*)N1CCCC1=S,80.0,,,,,,,,,
2299,P330077,*/C=C/CC(C*)c1ccccc1,14.0,,,,,,,,,
2300,P330085,*CC(*)[Si](C)(C)Cc1ccccc1,-24.0,,,,,,,,,
2301,P330100,*CC(*)OCCOCCOCCOC,-76.0,,,,,,,,,
2302,P330104,*/C=C/C1CC(*)C([Si](C)(C)C)C1,113.0,,,,,,,,,
2303,P330105,*/C=C/C1CC(*)C([Si](C)(C)C[Si](C)(C)C)C1,24.0,,,,,,,,,
2304,P330111,*/C=C(/*)c1ccc(-n2c(=O)c3cc4c(=O)n(-c5ccc(C#C)cc5)c(=O)c4cc3c2=O)cc1,420.0,,,,,,,,,
2305,P330114,*/C=C/C1CC(*)C(C(=O)OCCCCCCCCOc2ccc(/C=C/c3ccc([N+](=O)[O-])cc3)cc2)C1,51.0,,,,,,,,,
2306,P330115,*/C=C/C(C*)COCC(=O)OCCCCCCCCOc1ccc(/C=C/c2ccc([N+](=O)[O-])cc2)cc1,23.0,,,,,,,,,
2307,P330116,*/C=C/CC(C*)(C(=O)OC12CC3CC(CC(C3)C1)C2)C(=O)OC12CC3CC(CC(C3)C1)C2,34.0,,,,,,,,,
2308,P330120,*CC(*)OCCCCCCCCCCCOc1ccc(C(=O)Oc2ccc(C#N)cc2)cc1,37.0,,,,,,,,,
2309,P330121,*CC(*)OCCCCCCCCCCCOc1ccc(C(=O)Oc2ccc(OCC)cc2)cc1,37.0,,,,,,,,,
2310,P330122,*/C=C/C(C)C(*)C(=O)OC12CC3CC(CC(C3)C1)C2,115.0,,,,,,,,,
2311,P330138,*CC(*)NC=O,150.0,,,,,,,,,
2312,P330139,*CC(*)c1ccc2c(c1)OCO2,138.0,,,,,,,,,
2313,P330140,*CC(*)c1cccc2c1OCO2,119.0,,,,,,,,,
2314,P330165,*/C=C/C(C(=O)OCc1ccccc1)C(*)C(=O)OCc1ccccc1,21.0,,,,,,,,,
2315,P330166,*/C=C/C(C(=O)OCC)C(*)C(=O)OCC,6.0,,,,,,,,,
2316,P330167,*/C=C/C(COCc1ccccc1)C(*)COCc1ccccc1,-4.0,,,,,,,,,
2317,P332002,*CC(*)S(=O)(=O)c1ccccc1,128.0,,,,,,,,,
2318,P332004,*/C=C(/*)c1ccccc1C(F)(F)F,130.0,,,,,,,,,
2319,P332005,*/C=C(/*)c1ccccc1[Si](C)(C)C,190.0,,,,,,,,,
2320,P332007,*/C=C(/*)c1c(C)cc(C(C)(C)C)cc1C,200.0,,,,,,,,,
2321,P332010,*/C=C(/*)c1ccccc1[Ge](C)(C)C,180.0,,,,,,,,,
2322,P332011,*/C=C(/*)c1ccccc1C[Si](C)(C)C,170.0,,,,,,,,,
2323,P332012,*/C=C(/*)c1c(F)c(F)c(CCCC)c(F)c1F,110.0,,,,,,,,,
2324,P332013,*/C(=C(/*)c1ccc(CCCC)cc1)c1ccccc1,200.0,,,,,,,,,
2325,P332014,*/C(=C(/*)c1ccc(C(C)(C)C)cc1)c1ccccc1,200.0,,,,,,,,,
2326,P332015,*/C(=C(/*)c1ccc([Si](C)(C)C)cc1)c1ccccc1,200.0,,,,,,,,,
2327,P332016,*/C(=C(/*)c1cccc([Si](C)(C)C)c1)c1ccccc1,200.0,,,,,,,,,
2328,P332017,*/C(=C(/*)c1cccc([Ge](C)(C)C)c1)c1ccccc1,200.0,,,,,,,,,
2329,P332018,*/C(=C(/*)c1ccc(Oc2ccccc2)cc1)c1ccccc1,200.0,,,,,,,,,
2330,P332019,*/C=C(/*)C(CCC)[Si](C)(C)CCCCCC,40.0,,,,,,,,,
2331,P332020,*/C=C(/*)C(CCC)[Si](C)(C)c1ccccc1,110.0,,,,,,,,,
2332,P332021,*/C(C)=C(/*)SCC,160.0,,,,,,,,,
2333,P332022,*/C(C)=C(/*)SCCCCCC,110.0,,,,,,,,,
2334,P332023,*/C(C)=C(/*)SCCCCCCCCCC,60.0,,,,,,,,,
2335,P332024,*CC(*)OCCCCCCCOc1ccc(-c2ccc(C#N)cc2)cc1,13.0,,,,,,,,,
2336,P332026,*/C=C/C1CC(*)C(C(=O)OC)C1,65.0,,,,,,,,,
2337,P332027,*CC(*)OC(=O)/C=C/c1ccccc1,127.0,,,,,,,,,
2338,P332033,*/C=C(/*)CCCOc1ccc(OC(=O)c2ccc(OC)cc2)cc1,20.0,,,,,,,,,
2339,P332034,*/C=C(/*)CCCOc1ccc(OC(=O)c2ccc(OCCCC)cc2)cc1,36.0,,,,,,,,,
2340,P332035,*/C=C(/*)CCCOc1ccc(OC(=O)c2ccc(OCCCCCCCC)cc2)cc1,42.0,,,,,,,,,
2341,P332036,*/C=C/C1CC(*)C(F)(F)C1(F)OC(F)(F)C(F)(F)C(F)(F)F,77.0,,,,,,,,,
2342,P332048,*CC(*)CO,36.0,,,,,,,,,
2343,P332051,*/C=C/C1CC(*)C(C(=O)OCCCCCCCCCCCOc2ccc(-c3ccc(C#N)cc3)cc2)C1C(=O)OCCCCCCCCCCCOc1ccc(-c2ccc(C#N)cc2)cc1,23.1,,,,,,,,,
2344,P332052,*/C=C/C1CC(*)C(C(=O)OCCCCCCOc2ccc(-c3ccc(C#N)cc3)cc2)C1C(=O)OCCCCCCOc1ccc(-c2ccc(C#N)cc2)cc1,55.8,,,,,,,,,
2345,P332053,*CC(*)(CC(=O)OC)C(=O)O,159.0,,,,,,,,,
2346,P332054,*CC(*)(CC(=O)OCC)C(=O)O,135.0,,,,,,,,,
2347,P332077,*/C=C/C(C)C(*)C(=O)OCCN(C)c1ccc(N(C)C)cc1,20.5,,,,,,,,,
2348,P332078,*/C=C/C(C)C(*)C(=O)OCCCN(C)c1ccc(N(C)C)cc1,11.5,,,,,,,,,
2349,P332079,*/C=C/C(C)C(*)C(=O)OCCCCCCN(C)c1ccc(N(C)C)cc1,2.0,,,,,,,,,
2350,P332087,*CC(*)OCCOc1ccc(/N=N/c2ccc(C#N)cc2)cc1,61.0,,,,,,,,,
2351,P332088,*CC(*)OCCOc1ccc(/N=N/c2ccc([N+](=O)[O-])cc2)cc1,54.0,,,,,,,,,
2352,P332089,*CC(*)OCCOc1ccc(C=C(C#N)C#N)cc1,38.0,,,,,,,,,
2353,P332090,*CC(*)OCCOc1ccc(/C=C(\C#N)C(=O)OC)cc1,47.0,,,,,,,,,
2354,P332113,*/C(=C(/*)c1ccc([Si](C(C)C)(C(C)C)C(C)C)cc1)c1ccccc1,250.0,,,,,,,,,
2355,P332127,*CC(*)N,57.0,,,,,,,,,
2356,P332130,*CC(C)(/C=C(/*)C)C(=O)OC,24.0,,,,,,,,,
2357,P332131,*/C=C/C(C)(C(=O)OC)C(*)C,34.0,,,,,,,,,
2358,P332133,*CC(*)P(=O)(O)O,88.0,,,,,,,,,
2359,P332150,*CC(*)C1=NCCN1,-48.35,,,,,,,,,
2360,P332160,*/C=C/C1=C(*)CC(C(=O)OCC)(C(=O)OCC)C1,27.65,,,,,,,,,
2361,P332168,*/C=C/C1CC(*)C(C#N)C1,140.0,,,,,,,,,
2362,P332169,*/C=C/C1CC(*)C(C#N)(CC)C1,134.0,,,,,,,,,
2363,P332170,*/C=C/C1CC(*)C(C#N)(CCC)C1,108.0,,,,,,,,,
2364,P332171,*/C=C/C1CC(*)C(C#N)(CCCC)C1,87.0,,,,,,,,,
2365,P332172,*/C=C/C1CC(*)C(C#N)([Si](C)(C)C)C1,211.0,,,,,,,,,
2366,P332173,*/C=C/C1CC(*)C(C#N)([Si](C)(C)O[Si](C)(C)C)C1,88.0,,,,,,,,,
2367,P332174,*/C=C/C1CC(*)C(C#N)([Si](C)(C)O[Si](C)(C)O[Si](C)(C)C)C1,47.0,,,,,,,,,
2368,P332175,*/C=C/C1CC(*)C(C#N)(C[Si](C)(C)C)C1,128.0,,,,,,,,,
2369,P332176,*/C=C/C1CC(*)C(C#N)(C[Si](C)(C)O[Si](C)(C)C)C1,68.0,,,,,,,,,
2370,P332177,*/C=C/C1CC(*)C(C#N)([Si](C)(C)[Si](C)(C)C)C1,120.0,,,,,,,,,
2371,P332182,*CC(*)CN,190.0,,,,,,,,,
2372,P332184,*CC(*)n1cncn1,165.0,,,,,,,,,
2373,P332186,*CC(C#N)C(CCC(C)(O)C=C)C(*)(C)C,50.0,,,,,,,,,
2374,P332187,*c1ccc2c(c1)C(CCCCCCCC)(CCCCCCCC)c1cc(-c3ccc4c(c3)C(c3ccc(-c5nnc(-c6ccc(C(C)(C)C)cc6)o5)cc3)(c3ccc(-c5nnc(-c6ccc(C(C)(C)C)cc6)o5)cc3)c3cc(*)ccc3-4)ccc1-2,213.0,,,,,,,,,
2375,P332188,*CC/C(=C(/*)c1ccccc1)c1ccccc1,120.5,,,,,,,,,
2376,P332199,*/C(C)=C(/*)[Ge](C)(C)C,250.0,,,,,,,,,
2377,P332222,*CC(OC(C)=O)C(CCC(C)(O)C=C)C(*)(C)C,85.0,,,,,,,,,
2378,P332265,*c1ccc2c(c1)C(CCCCCC)(CCCCCC)c1cc(-c3ccc4c(c3)C(CC3=NC(Cc5ccccc5)CO3)(CC3=NC(Cc5ccccc5)CO3)c3cc(*)ccc3-4)ccc1-2,114.0,,,,,,,,,
2379,P332273,*/C=C/C1CC(*)C(C(=O)Oc2ccccc2)C1,72.6,,,,,,,,,
2380,P332276,*/C=C/C1CC(*)C(C(=O)Oc2ccccc2)C1C(=O)Oc1ccccc1,96.5,,,,,,,,,
2381,P332282,*/C=C/c1ccc2c(c1)C(CCCCCCOc1ccc3ccc(=O)oc3c1)(CCCCCCOc1ccc3ccc(=O)oc3c1)c1cc(/C=C/c3ccc4c(c3)C(CCCCCC)(CCCCCC)c3cc(*)ccc3-4)ccc1-2,115.0,,,,,,,,,
2382,P332287,*/C=C/C1CC(*)C(C(=O)OC)C1C(=O)OC,77.3,,,,,,,,,
2383,P332288,*/C=C/C1CC(*)C(C(=O)OC(C)(C)C)C1C(=O)OC(C)(C)C,83.4,,,,,,,,,
2384,P332292,*/C=C/CCCC(Cl)CCC*,-63.0,,,,,,,,,
2385,P332293,*/C=C/CCCCCCC(Cl)CCCCCC*,-57.0,,0.3405,,,,,,,
2386,P332294,*/C=C/CCCCCCCCCC(Cl)CCCCCCCCC*,-37.0,,0.34199999999999997,,,,,,,
2387,P332296,*CC(*)n1ccc2ccccc21,19.0,,,,,,,,,
2388,P332301,*/C=C/CCCCCCCCCC(CCCCCCCCC*)COCCOCCOCCOCCOCc1ccc2ccc3cccc4ccc1c2c34,-36.0,,,,,,,,,
2389,P332302,*CCCCCCCCCCCCCCCCCCCCC(*)COCCOCCOCCOCCOCc1ccc2ccc3cccc4ccc1c2c34,-21.0,,,,,,,,,
2390,P332303,*/C=C/CCCCCCCCCC(CCCCCCCCC*)COCCOCCOCCOCCOCCCCCC,-76.0,,0.31,,,,,,,
2391,P332308,*/C=C/C(*)(C)c1ccccc1,52.0,,,,,,,,,
2392,P332309,*C1C2CC(C1*)C([Si](C)(C)C)C2,303.0,,,,,,,,,
2393,P332317,*CC(*)N1CCCCCC1=O,174.6,,,,,,,,,
2394,P332321,*/C=C(/*)CCCOC(=O)c1cc(-c2ccc(OC)cc2)ccc1-c1ccc(OC)cc1,72.4,,,,,,,,,
2395,P332328,*C1C2CC(CCCCCCCCC(=O)OCC)C(C2)C1*,134.0,,,,,,,,,
2396,P332336,*/C=C/C1CC(*)C(C(=O)OCCNC(C)(C)C)C1,29.0,,,,,,,,,
2397,P332364,*C1C(*)C2CC1C(COCc1ccccc1)C2COCc1ccccc1,176.0,,,,,,,,,
2398,P332366,*C1C2CC(CCCCc3ccccc3)C(C2)C1*,148.0,,,,,,,,,
2399,P332380,*CC(*)c1nnn[nH]1,72.0,,,,,,,,,
2400,P340005,*CC(*)C(=O)NC,171.0,,,,,,,,,
2401,P340007,*CC(*)(C)C(=O)Oc1ccc(C(=O)O)cc1,110.0,,,,,,,,,
2402,P340009,*CC(*)(C)C(=O)OCCCCCCOc1ccc(/C=N/c2ccc(C#N)cc2)cc1,35.0,,,,,,,,,
2403,P340011,*CC(*)(C)C(=O)OCCCCCCCCCCCOc1ccc(/C=N/c2ccc(C#N)cc2)cc1,23.0,,,,,,,,,
2404,P340012,*CC(*)(C)C(=O)OCCO[Si](C)(C)C,89.0,,,,,,,,,
2405,P340014,*CC(*)(C)C(=O)OC1CCCC1,75.0,,,,,,,,,
2406,P340015,*CC(*)C(=O)OCC(C)O,-7.0,,,,,,,,,
2407,P340016,*CC(*)(C)C(=O)OCCCCCOc1ccc(-c2ccc(C#N)cc2)cc1,60.0,,,,,,,,,
2408,P340017,*CC(*)(CC(=O)OCCCCCCCC)C(=O)OCCCCCCCC,-19.0,,,,,,,,,
2409,P340018,*CC(*)(CC(=O)OCCCCCCCCC)C(=O)OCCCCCCCCC,-13.0,,,,,,,,,
2410,P340019,*CC(*)(CC(=O)OC1CCCCCCC1)C(=O)OC1CCCCCCC1,124.0,,,,,,,,,
2411,P340020,*CC(OC)C(C(=O)OC)C(*)C(=O)OC,59.5,,,,,,,,,
2412,P340021,*CC(OCC)C(C(=O)OC)C(*)C(=O)OC,50.0,,,,,,,,,
2413,P340022,*CC(OCC(C)C)C(C(=O)OC)C(*)C(=O)OC,44.5,,,,,,,,,
2414,P340023,*CC(OCCCC)C(C(=O)OC)C(*)C(=O)OC,32.5,,,,,,,,,
2415,P340024,*CC(OC)C(C)(C(=O)OC)C(*)(C)C(=O)OC,134.0,,,,,,,,,
2416,P340025,*CC(OCC)C(C)(C(=O)OC)C(*)(C)C(=O)OC,131.0,,,,,,,,,
2417,P340026,*CC(OCC(C)C)C(C)(C(=O)OC)C(*)(C)C(=O)OC,125.5,,,,,,,,,
2418,P340027,*CC(OCCCC)C(C)(C(=O)OC)C(*)(C)C(=O)OC,97.5,,,,,,,,,
2419,P340032,*CC(*)C(=O)OC(F)(F)C(F)(F)C(F)(F)C(F)(F)C(F)(F)C(F)(F)C(F)(F)C(F)(F)F,9.0,,,,,,,,,
2420,P340034,*CC(*)(C)C(=O)OCCn1c2ccccc2c2ccccc21,148.0,,,,,,,,,
2421,P340035,*CC(*)C(=O)n1c2ccccc2c2ccccc21,50.1,,,,,,,,,
2422,P340037,*CC(*)C(=O)NC(C)(C)CC(C)=O,72.5,,,,,,,,,
2423,P340043,*CC(*)(C)C(=O)OCC#N,91.0,,,,,,,,,
2424,P340044,*CC(*)(C)C(=O)OCCCCCCOc1ccc(C(=O)Oc2ccc(OC)cc2)cc1,46.0,,,,,,,,,
2425,P340047,*C(C(=O)OC)C(*)C(=O)OC(C)(C)C,84.0,,,,,,,,,
2426,P340064,*CC(*)C(=O)OCCOc1ccc(C(=O)Oc2ccc(OC)cc2)cc1,70.0,,,,,,,,,
2427,P340065,*CC(*)C(=O)OCCCCCCOc1ccc(C(=O)Oc2ccc(OC)cc2)cc1,29.5,,,,,,,,,
2428,P340067,*CC(*)(C)C(=O)OCCCCCCOc1ccc(C(=O)Oc2ccc(OCCCC)cc2)cc1,49.0,,,,,,,,,
2429,P340068,*CC(*)(C)C(=O)OCCOc1ccc(C(=O)Oc2ccc(OCCCC)cc2)cc1,137.0,,,,,,,,,
2430,P340069,*CC(*)(CC(=O)Oc1ccc(OC)cc1)C(=O)Oc1ccc(OC)cc1,119.5,,,,,,,,,
2431,P340070,*CC(*)C(=O)OC(OCC)C(F)(F)F,5.0,,,,,,,,,
2432,P340071,*CC(*)(C)C(=O)OC(OCC)C(F)(F)F,60.0,,,,,,,,,
2433,P340072,*CC(*)(Cl)C(=O)OCCCCCCOc1ccc(C(=O)Oc2ccc(OCCCC)cc2)cc1,112.5,,,,,,,,,
2434,P340077,*CC(*)(C)C(=O)OCc1cccs1,66.0,,,,,,,,,
2435,P340078,*CC(*)(C)C(=O)OCc1ccc[se]1,56.0,,,,,,,,,
2436,P340079,*CC(*)(C)C(=O)OCC1COCCOCCOCCOCCOC1,31.0,,,,,,,,,
2437,P340080,*CC(*)(CC(=O)Oc1ccc(OCC)cc1)C(=O)Oc1ccc(OCC)cc1,110.5,,,,,,,,,
2438,P340081,*CC(*)(CC(=O)Oc1ccc(OCCC)cc1)C(=O)Oc1ccc(OCCC)cc1,94.5,,,,,,,,,
2439,P340082,*CC(*)(CC(=O)Oc1ccc(OCCCCC)cc1)C(=O)Oc1ccc(OCCCCC)cc1,73.5,,,,,,,,,
2440,P340083,*CC(*)(CC(=O)Oc1ccc(OCCCCCCC)cc1)C(=O)Oc1ccc(OCCCCCCC)cc1,111.0,,,,,,,,,
2441,P340084,*CC(*)C(=O)OCCCCOC(=O)c1ccc(OC(=O)c2ccc(C#N)cc2)cc1,40.0,,,,,,,,,
2442,P340085,*CC(*)C(=O)OCCCCCOC(=O)c1ccc(OC(=O)c2ccc(C#N)cc2)cc1,30.0,,,,,,,,,
2443,P340086,*CC(*)C(=O)OCCCCCCOC(=O)c1ccc(OC(=O)c2ccc(C#N)cc2)cc1,30.0,,,,,,,,,
2444,P340087,*CC(*)C(=O)OCCCCCCCOC(=O)c1ccc(OC(=O)c2ccc(C#N)cc2)cc1,20.0,,,,,,,,,
2445,P340088,*CC(*)C(=O)OCCCCCCCCOC(=O)c1ccc(OC(=O)c2ccc(C#N)cc2)cc1,15.0,,,,,,,,,
2446,P340089,*CC(*)C(=O)OCCCCCCCCCOC(=O)c1ccc(OC(=O)c2ccc(C#N)cc2)cc1,15.0,,,,,,,,,
2447,P340090,*CC(*)C(=O)OCCCCCCCCCCOC(=O)c1ccc(OC(=O)c2ccc(C#N)cc2)cc1,15.0,,,,,,,,,
2448,P340091,*CC(*)C(=O)OCCCCCCCCCCCCOC(=O)c1ccc(OC(=O)c2ccc(C#N)cc2)cc1,15.0,,,,,,,,,
2449,P340092,*CC(*)(C)C(=O)OCCOCCOCCOCCOCCOCCOCCOCCOC,-58.0,,,,,,,,,
2450,P340093,*CC(*)(CC(=O)OCCOC)C(=O)OCCOC,34.0,,,,,,,,,
2451,P340094,*CC(*)(CC(=O)OCCOCCOC)C(=O)OCCOCCOC,-40.5,,,,,,,,,
2452,P340095,*CC(*)(CC(=O)OCCOCCOCCOC)C(=O)OCCOCCOCCOC,-19.0,,,,,,,,,
2453,P340096,*CC(*)(CC(=O)OCCOCCOCCOCCOCCOCCOCCOC)C(=O)OCCOCCOCCOCCOCCOCCOCCOC,-40.5,,,,,,,,,
2454,P340097,*CC(*)(C)C(=O)OCC(F)(F)C(F)(F)F,77.0,,,,,,,,,
2455,P340098,*CC(*)(C)C(=O)OCCC(F)(F)C(F)(F)C(F)(F)C(F)(F)C(F)(F)C(F)(F)C(F)(F)C(F)(F)F,47.0,,,,,,,,,
2456,P340101,*CC(*)C(=O)Nc1ccc2c(c1)C(=O)c1ccccc1C2=O,128.0,,,,,,,,,
2457,P340102,*CC(*)(C)C(=O)Oc1c(C)cccc1C,167.0,,,,,,,,,
2458,P340103,*CC(*)(C)C(=O)Oc1cccc(C)c1C,120.0,,,,,,,,,
2459,P340104,*CC(*)C(=O)OCCCCC,-57.0,,,,,,,,,
2460,P340107,*CC(*)(C)C(=O)OCCN(CC)c1ccc(/N=N/c2ccc([N+](=O)[O-])c3ccccc23)cc1,116.0,,,,,,,,,
2461,P340108,*CC(*)C(=O)OC12CC3CC(CC(C3)C1)C2,183.0,,,,,,,,,
2462,P340115,*CC(*)(CC(=O)OC)C(=O)OC12CC3CC(CC(C3)C1)C2,197.0,,,,,,,,,
2463,P340116,*CC(*)(CC(=O)OC)C(=O)OC12CC3CC(C)(CC(C)(C3)C1)C2,144.0,,,,,,,,,
2464,P340117,*CC(*)(CC(=O)OC(C)C)C(=O)OC12CC3CC(CC(C3)C1)C2,180.0,,,,,,,,,
2465,P340118,*CC(*)(CC(=O)OC(C)C)C(=O)OC12CC3CC(C)(CC(C)(C3)C1)C2,158.0,,,,,,,,,
2466,P340119,*CC(*)(CC(=O)OC(C)C)C(=O)OC(C)C,100.0,,,,,,,,,
2467,P340123,*CC(*)(C)C(=O)OC1CCC2CCCCC2C1,145.0,,,,,,,,,
2468,P340124,*CC(*)(C)C(=O)OC1CC2CC1C1C3CCC(C3)C21,199.0,,,,,,,,,
2469,P340125,*CC(*)(C)C(=O)OC1CCC1,119.0,,,,,,,,,
2470,P340126,*C(C)C(*)C(=O)OC12CC3CC(CC(C3)C1)C2,236.5,,,,,,,,,
2471,P340127,*C(C)C(*)C(=O)OC12CC3CC(C)(CC(C)(C3)C1)C2,194.5,,,,,,,,,
2472,P340129,*CC(*)(C)C(=O)OCCCCCCOc1ccc(-c2ccc(C#N)cc2)cc1,63.0,,,,,,,,,
2473,P340130,*CC(*)(CC(=O)OCC(C)C)C(=O)OCC(C)C,125.0,,,,,,,,,
2474,P340131,*CC(*)(C)C(=O)OCCc1ccc(/N=N/c2ccccc2)cc1,80.0,,,,,,,,,
2475,P340149,*CC(*)(C)C(=O)OCCOc1ccc(-c2ccc(-c3ccc(C#N)cc3)cc2)cc1,115.0,,,,,,,,,
2476,P340150,*CC(*)(C)C(=O)OCC(C)Oc1ccc(-c2ccc(-c3ccc(C#N)cc3)cc2)cc1,140.0,,,,,,,,,
2477,P340159,*CC(*)(C)C(=O)OCCCCl,50.0,,,,,,,,,
2478,P340169,*CC(*)(C)C(=O)OCCCCCCN(C)c1ccc(/N=N/c2ccc(S(C)(=O)=O)cc2)cc1,100.0,,,,,,,,,
2479,P340170,*CC(*)C(=O)OCCOC(=O)c1cc([N+](=O)[O-])cc([N+](=O)[O-])c1,60.8,,,,,,,,,
2480,P340171,*CC(*)C(=O)OCCn1c2ccccc2c2ccccc21,106.8,,,,,,,,,
2481,P340180,*CC(*)(C)C(=O)OCCCCCCc1ccc(/C(C)=C/c2ccc(OC)cc2)cc1,31.0,,,,,,,,,
2482,P342001,*CC(*)(C)C(=O)OCCCCOc1ccc(C(=O)Oc2ccc(OC)cc2)cc1,45.0,,,,,,,,,
2483,P342002,*CC(*)(C)C(=O)OCC=C,94.0,,,,,,,,,
2484,P342003,*CC(*)C(=O)Oc1ccc(C(=O)c2ccc(Cl)cc2)cc1,78.0,,,,,,,,,
2485,P342004,*CC(*)C(=O)OCCCOc1ccc(-c2ccc(C#N)cc2)cc1,54.25,,,,,,,,,
2486,P342005,*CC(*)(C)C(=O)OCCCOc1ccc(-c2ccc(C#N)cc2)cc1,97.0,,,,,,,,,
2487,P342006,*CC(*)(C)C(=O)OCCCCc1ccccc1,9.0,,,,,,,,,
2488,P342007,*CC(*)(C)C(=O)Oc1cc(C)ccc1C,111.0,,,,,,,,,
2489,P342009,*CC(*)(C)C(=O)OCCCCCCC(F)(F)C(F)(F)C(F)(F)C(F)(F)C(F)(F)C(F)(F)C(F)(F)C(F)(F)C(F)(F)C(F)(F)C(F)(F)C(F)(F)F,84.0,,,,,,,,,
2490,P342011,*CC(*)C(=O)OCCCCCCCCCCOc1cnc(-c2ccc(OC(=O)C3COC(C)(C)O3)cc2)nc1,29.0,,,,,,,,,
2491,P342021,*CC(*)(C)C(=O)OCCOCCOc1ccc(/N=N/c2ccc(C#N)cc2)cc1,57.0,,,,,,,,,
2492,P342022,*C([2H])([2H])C(*)(C(=O)OC([2H])([2H])[2H])C([2H])([2H])[2H],115.0,,,,,,,,,
2493,P342026,*CC(*)(C)C(=O)OCCCn1c2ccccc2c2ccccc21,113.0,,,,,,,,,
2494,P342027,*CC(*)(C)C(=O)OCCCCCn1c2ccccc2c2ccccc21,91.0,,,,,,,,,
2495,P342028,*CC(*)(C)C(=O)OCCCCCCn1c2ccccc2c2ccccc21,73.0,,,,,,,,,
2496,P342029,*CC(*)(C)C(=O)OCCCCCCCCCCCn1c2ccccc2c2ccccc21,31.0,,,,,,,,,
2497,P342030,*CC(*)C(=O)OCCCn1c2ccccc2c2ccccc21,83.0,,,,,,,,,
2498,P342031,*CC(*)C(=O)OCCCCCn1c2ccccc2c2ccccc21,53.0,,,,,,,,,
2499,P342032,*CC(*)C(=O)OCCCCCCn1c2ccccc2c2ccccc21,48.0,,,,,,,,,
2500,P342033,*CC(*)C(=O)OCCCCCCCCCCCn1c2ccccc2c2ccccc21,15.0,,,,,,,,,
2501,P342035,*CC(*)C(=O)OCCCCCCCCCCCOc1ccc(C(=O)Oc2ccc(-c3ccc(OC(C)CCCCCC)cc3)cc2)cc1,50.0,,,,,,,,,
2502,P342036,*CC(*)C(=O)OCCCCn1c2ccccc2c2ccccc21,68.0,,,,,,,,,
2503,P342037,*CC(*)C(=O)OCCCCCCCCn1c2ccccc2c2ccccc21,12.0,,,,,,,,,
2504,P342039,*CC(*)(C)C(=O)OCCCCCCOc1ccc(C(=O)Oc2ccc(OC)cc2)cc1OC,49.0,,,,,,,,,
2505,P342041,*CC(*)(C)C(=O)OCCc1ccc(/N=N/c2ccc(OC(F)(F)F)cc2)cc1,209.5,,,,,,,,,
2506,P342042,*CC(*)(C)C(=O)OCCCc1ccc(/N=N/c2ccc(OC(F)(F)F)cc2)cc1,211.5,,,,,,,,,
2507,P342043,*CC(*)(C)C(=O)OCCCCc1ccc(/N=N/c2ccc(OC(F)(F)F)cc2)cc1,203.5,,,,,,,,,
2508,P342044,*CC(*)(C)C(=O)OCCCCCc1ccc(/N=N/c2ccc(OC(F)(F)F)cc2)cc1,202.5,,,,,,,,,
2509,P342045,*CC(*)(C)C(=O)OCCCCCCc1ccc(/N=N/c2ccc(OC(F)(F)F)cc2)cc1,194.5,,,,,,,,,
2510,P342048,*CC(*)C(=O)OCCOc1ccc(C(C)(C)c2ccc(OCCO)cc2)cc1,22.0,,,,,,,,,
2511,P342049,*CC(*)(C)C(=O)Oc1ccc2c(c1)CCC2,113.5,,,,,,,,,
2512,P342051,*CC(*)C(=O)OCC1(CC)COCOC1,42.0,,,,,,,,,
2513,P342053,*CC(*)(C)C(=O)Oc1ccc(C(=O)c2ccccc2)c(O)c1,270.0,,,,,,,,,
2514,P342055,*CC(*)(C)C(=O)OCCOCCOC,57.0,,,,,,,,,
2515,P342060,*CC(*)C(=O)OCC(COC(=O)c1ccccc1)(COC(=O)c1ccccc1)COC(=O)c1ccccc1,48.0,,,,,,,,,
2516,P342067,*CC(*)C(=O)Nc1ccccc1,160.0,,,,,,,,,
2517,P342077,*CC(*)(C)C(=O)Oc1ccc(C(=O)Oc2ccccc2)cc1,99.0,,,,,,,,,
2518,P342078,*CC(*)(C)C(=O)Oc1ccc(C(=O)Oc2ccc(C)cc2)cc1,98.0,,,,,,,,,
2519,P342079,*CC(*)(C)C(=O)Oc1ccc(C(=O)Oc2ccc(OC)cc2)cc1,77.0,,,,,,,,,
2520,P342080,*CC(*)(C)C(=O)Oc1ccc(C(=O)Oc2ccc(-c3ccccc3)cc2)cc1,100.0,,,,,,,,,
2521,P342081,*CC(*)(C)C(=O)Oc1ccc(C(=O)Oc2ccc(Oc3ccccc3)cc2)cc1,74.0,,,,,,,,,
2522,P342082,*CC(*)(C)C(=O)Oc1ccc(C(=O)Oc2ccc(C(=O)c3ccccc3)cc2)cc1,72.0,,,,,,,,,
2523,P342083,*CC(*)(C)C(=O)OCCCCCCCC/C=C/CCCCCCCC,-40.0,,,,,,,,,
2524,P342084,*CC(*)(C)C(=O)OCCCCCCOc1ccc(C(=O)Oc2ccc(C)cc2)cc1,45.0,,,,,,,,,
2525,P342085,*CC(*)C(=O)OCCC(F)(F)C(F)(F)C(F)(F)C(F)(F)C(F)(F)C(F)(F)F,-12.0,,,,,,,,,
2526,P342086,*CC(*)(C)C(=O)OC1CC(C)CCC1C(C)C,147.0,,,,,,,,,
2527,P342094,*CC(*)(C)C(=O)OCCCCOc1ccc(OC(=O)c2ccc(OC)cc2)cc1,57.0,,,,,,,,,
2528,P342095,*CC(*)(C)C(=O)OCCCCCOc1ccc(OC(=O)c2ccc(OC)cc2)cc1,38.0,,,,,,,,,
2529,P342096,*CC(*)(C)C(=O)OCCCCCCOc1ccc(OC(=O)c2ccc(OC)cc2)cc1,38.0,,,,,,,,,
2530,P342097,*CC(*)(C)C(=O)OCCCCCCCCCCOc1ccc(OC(=O)c2ccc(OC)cc2)cc1,21.0,,,,,,,,,
2531,P342098,*CC(*)(C)C(=O)OCCCCCCOc1ccc(OC(=O)c2ccc(OCCCC)cc2)cc1,36.0,,,,,,,,,
2532,P342099,*CC(*)(C)C(=O)OCCCCCCOc1ccc(OC(=O)c2ccc(OCCCCCC)cc2)cc1,16.0,,,,,,,,,
2533,P342100,*CC(*)(C)C(=O)OCCCCCCOc1ccc(OC(=O)c2ccc(OCCCCCCCC)cc2)cc1,-1.0,,,,,,,,,
2534,P342101,*CC(*)(C)C(=O)OCCCCCCOc1ccc(OC(=O)c2ccc(-c3ccc(OC)cc3)cc2)cc1,57.0,,,,,,,,,
2535,P342102,*CC(*)(C)C(=O)OCCCCCCOc1ccc(OC(=O)c2ccc(OC)c(Br)c2)cc1,51.0,,,,,,,,,
2536,P342103,*CC(*)(C)C(=O)OCCCCOc1ccc(OC(=O)c2ccc(OCCCC)cc2)cc1,51.0,,,,,,,,,
2537,P342104,*CC(*)(C)C(=O)OCCCCOc1ccc(OC(=O)c2ccc(OCCCCCC)cc2)cc1,34.0,,,,,,,,,
2538,P342105,*CC(*)(C)C(=O)OCCCCOc1ccc(OC(=O)c2ccc(OCCCCCCCC)cc2)cc1,10.0,,,,,,,,,
2539,P342106,*CC(*)(C)C(=O)OCCCCOc1ccc(OC(=O)c2ccc(-c3ccc(OC)cc3)cc2)cc1,77.0,,,,,,,,,
2540,P342107,*CC(*)(C)C(=O)OCCCCOc1ccc(OC(=O)c2ccc(OC)c(Br)c2)cc1,69.0,,,,,,,,,
2541,P342108,*CC(*)(C)C(=O)OCCCCCCCCCCOc1ccc(OC(=O)c2ccc(OCCCC)cc2)cc1,31.0,,,,,,,,,
2542,P342109,*CC(*)(C)C(=O)OCCCCCCCCCCOc1ccc(OC(=O)c2ccc(OCCCCCC)cc2)cc1,41.0,,,,,,,,,
2543,P342110,*CC(*)(C)C(=O)OCCCCCCCCCCOc1ccc(OC(=O)c2ccc(OCCCCCCCC)cc2)cc1,12.0,,,,,,,,,
2544,P342111,*CC(*)(C)C(=O)OCCCCCCCCCCOc1ccc(OC(=O)c2ccc(-c3ccc(OC)cc3)cc2)cc1,57.0,,,,,,,,,
2545,P342112,*CC(*)(C)C(=O)OCCCCCCCCCCOc1ccc(OC(=O)c2ccc(OC)c(Br)c2)cc1,29.0,,,,,,,,,
2546,P342114,*CC(*)(C)C(=O)OCCCCCCOc1ccc(/N=N/c2ccc(OC)cc2)cc1,91.0,,,,,,,,,
2547,P342115,*CC(*)(C)C(=O)Oc1ccc(/N=N/c2ccc(C#N)cc2)cc1,185.0,,,,,,,,,
2548,P342116,*CC(*)(C)C(=O)OCCOc1ccc(/N=N/c2ccc(C#N)cc2)cc1,109.0,,,,,,,,,
2549,P342117,*CC(*)(C)C(=O)OCCCCCCOc1ccc(/N=N/c2ccc(C#N)cc2)cc1,61.0,,,,,,,,,
2550,P342122,*CC(*)(C)C(=O)OCCCOc1ccc2cc(C(=O)Oc3ccccc3)ccc2c1,84.0,,,,,,,,,
2551,P342123,*CC(*)(C)C(=O)OCCCCOc1ccc2cc(C(=O)Oc3ccccc3)ccc2c1,88.0,,,,,,,,,
2552,P342124,*CC(*)(C)C(=O)OCCCCCOc1ccc2cc(C(=O)Oc3ccccc3)ccc2c1,48.0,,,,,,,,,
2553,P342125,*CC(*)(C)C(=O)OCCCCCCOc1ccc2cc(C(=O)Oc3ccccc3)ccc2c1,39.0,,,,,,,,,
2554,P342126,*CC(*)(C)C(=O)OCCCCCCCOc1ccc2cc(C(=O)Oc3ccccc3)ccc2c1,40.0,,,,,,,,,
2555,P342127,*CC(*)(C)C(=O)OCCCCCCCCOc1ccc2cc(C(=O)Oc3ccccc3)ccc2c1,34.0,,,,,,,,,
2556,P342128,*CC(*)(C)C(=O)OCCCCCCCCCOc1ccc2cc(C(=O)Oc3ccccc3)ccc2c1,18.0,,,,,,,,,
2557,P342129,*CC(*)(C)C(=O)OCCCCCCCCCCOc1ccc2cc(C(=O)Oc3ccccc3)ccc2c1,24.0,,,,,,,,,
2558,P342130,*CC(*)(C)C(=O)OCCCCCCCCCCCOc1ccc2cc(C(=O)Oc3ccccc3)ccc2c1,10.0,,,,,,,,,
2559,P342131,*CC(*)(C)C(=O)OCCCCCCCCCCCCOc1ccc2cc(C(=O)Oc3ccccc3)ccc2c1,12.0,,,,,,,,,
2560,P342132,*CC(*)(C)C(=O)NC(C)c1cccc2ccccc12,171.0,,,,,,,,,
2561,P342133,*CC(*)(C)C(=O)NC(C)c1ccccc1,156.5,,,,,,,,,
2562,P342134,*CC(*)(C)C(=O)OCCN(C)c1ccc(/N=N/c2ccc([N+](=O)[O-])cc2)cc1,110.0,,,,,,,,,
2563,P342135,*CC(*)C(=O)OC(Cl)C(Cl)(Cl)Cl,70.5,,,,,,,,,
2564,P342136,*CC(*)C(=O)Oc1c(F)c(F)c(F)c(F)c1F,64.0,,,,,,,,,
2565,P342138,*CC(*)(C)C(=O)OCCCCCCOc1ccc(/N=N/c2ccc(OCCCCCCCCCC)cc2)cc1,110.0,,,,,,,,,
2566,P342139,*CC(*)C(=O)OCCCCCCOc1ccc(/C=N/c2ccc(OCCCCC)cc2)c(O)c1,41.0,,,,,,,,,
2567,P342140,*CC(*)C(=O)OCC1(CC)COC(c2ccccc2)OC1,50.0,,,,,,,,,
2568,P342141,*CC(*)C(=O)OCCC(F)(F)C(F)(F)C(F)(F)C(F)(F)C(F)(F)C(F)(F)C(F)(F)C(F)(F)F,52.0,,,,,,,,,
2569,P342142,*CC(*)(Cl)C(=O)OCCC(F)(F)C(F)(F)C(F)(F)C(F)(F)C(F)(F)C(F)(F)C(F)(F)C(F)(F)F,61.0,,,,,,,,,
2570,P342149,*CC(*)(C)C(=O)OCCCCOc1ccc(/N=N/c2ccc(C#N)cc2)cc1,80.0,,,,,,,,,
2571,P342150,*CC(*)(C)C(=O)OCCCCCCCCOc1ccc(/N=N/c2ccc(C#N)cc2)cc1,35.0,,,,,,,,,
2572,P342151,*CC(*)(CCCCC)C(=O)OC,53.0,,,,,,,,,
2573,P342152,*CC(*)C(=O)NCP(=O)(O)O,26.0,,,,,,,,,
2574,P342153,*CC(*)(C)C(=O)OC1(C)CCOC(=O)C1,110.0,,,,,,,,,
2575,P342154,*CC(*)(C)C(=O)OCC1COC(c2ccccc2)O1,130.0,,,,,,,,,
2576,P342157,*CC(*)C(=O)NC(C)(C)CS(=O)(=O)O,85.0,,,,,,,,,
2577,P342158,*C(*)C(=O)OC1CCCCC1,140.0,,,,,,,,,
2578,P342159,*C(*)C(=O)OC(C)C,70.0,,,,,,,,,
2579,P342160,*CC(*)C(=O)OCCN(C)C,-39.0,,,,,,,,,
2580,P342168,*CC(*)(C)C(=O)OCc1ccc2c(c1)c1ccccc1n2CC,136.0,,,,,,,,,
2581,P342169,*CC(*)(C)C(=O)OCc1ccc2c(c1)c1ccccc1n2CCCC,87.0,,,,,,,,,
2582,P342170,*CC(*)(C)C(=O)OCc1ccc2c(c1)c1ccccc1n2CCCCCC,73.0,,,,,,,,,
2583,P342171,*CC(*)(C)C(=O)OCc1ccc2c(c1)c1ccccc1n2CCCCCCCC,45.0,,,,,,,,,
2584,P342172,*CC(*)(C)C(=O)OCc1ccc2c(c1)c1ccccc1n2CCCCCCCCCC,29.0,,,,,,,,,
2585,P342173,*CC(*)(C)C(=O)OCc1ccc2c(c1)c1ccccc1n2CCCCCCCCCCCC,25.0,,,,,,,,,
2586,P342174,*CC(*)(C)C(=O)OCc1ccc2c(c1)c1ccccc1n2CCCCCCCCCCCCCC,26.0,,,,,,,,,
2587,P342175,*CC(*)(C)C(=O)OCc1ccc2c(c1)c1ccccc1n2CCCCCCCCCCCCCCCC,23.0,,,,,,,,,
2588,P342176,*CC(*)(Cl)C(=O)OCCOc1ccc(C(=O)Oc2ccc(OCCCC)cc2)cc1,153.0,,,,,,,,,
2589,P342186,*CC(*)(C)C(=O)OCCN(C)c1ccc(/C=C/c2ccc([N+](=O)[O-])cc2)cc1,107.0,,,,,,,,,
2590,P342190,*CC(*)(C)C(=O)OC1(C)C2CC3CC(C2)CC1C3,165.0,,,,,,,,,
2591,P342193,*CC(*)(C)C(=O)OCCN(C)c1ccc(N(C)C)cc1,43.0,,,,,,,,,
2592,P342194,*CC(*)(C)C(=O)OCCCN(C)c1ccc(N(C)C)cc1,12.5,,,,,,,,,
2593,P342195,*CC(*)(C)C(=O)OCCCCCCN(C)c1ccc(N(C)C)cc1,8.5,,,,,,,,,
2594,P342196,*CC(*)(C)C(=O)Oc1c(C(C)C)cccc1C(C)C,198.0,,,,,,,,,
2595,P342197,*CC(*)(C)C(=O)OCCCCCCOc1ccc(C(=O)Oc2ccc(C#N)cc2)cc1,43.0,,,,,,,,,
2596,P342198,*CC(*)(C)C(=O)OCCCCCCCCCCCOc1ccc(C(=O)Oc2ccc(C#N)cc2)cc1,10.0,,,,,,,,,
2597,P342205,*CC(*)(C)C(=O)OCCOCCOCC1(C)COCCOCCOCCOC1,10.0,,,,,,,,,
2598,P342206,*CC(*)(C)C(=O)OCCOCCOCC1COCCOCCOCCO1,10.0,,,,,,,,,
2599,P342207,*CC(*)C(=O)OCCCCCCOc1ccc(-c2ccc(C#N)cc2)cc1,45.0,,,,,,,,,
2600,P342208,*CC(*)(C)C(=O)OCC1COC(CP(=O)(OCC)OCC)O1,115.0,,,,,,,,,
2601,P342209,*CC(*)(C)C(=O)OC1COC(CP(=O)(OCC)OCC)OC1,101.5,,,,,,,,,
2602,P342211,*CC(*)(C)C(=O)OCCC[Si](OC)(OC)OC,9.0,,,,,,,,,
2603,P342214,*CC(*)(C)C(=O)OCCC[Si](O[Si](C)(C)C)(O[Si](C)(C)C)O[Si](C)(C)C,72.35,,,,,,,,,
2604,P342215,*CC(*)C(=O)OCCN(CC)c1ccc(/N=N/c2ccc([N+](=O)[O-])cc2Cl)cc1,87.0,,,,,,,,,
2605,P342223,*CC(*)(C)C(=O)Oc1ccc(/N=N/c2ccc(OCCCCCCCCCCCOC(=O)c3ccc4c(c3)OCCOCCOCCOCCO4)cc2)cc1,19.0,,,,,,,,,
2606,P342224,*CC(*)(C)C(=O)OCCCCCCOc1cccc(C(=O)Oc2ccc(C#N)cc2)c1,38.0,,,,,,,,,
2607,P342226,*CC(*)(C)C(=O)OCCN(CC)c1ccc([N+](=O)[O-])cc1,98.0,,,,,,,,,
2608,P342227,*CC(*)(C)C(=O)OCCCN(CCO)c1ccc(/N=N/c2ccc([N+](=O)[O-])cc2)cc1,131.0,,,,,,,,,
2609,P342228,*CC(*)(C)C(=O)OCc1ccc(F)cc1F,46.0,,,,,,,,,
2610,P342230,*CC(*)(C)C(=O)OCc1c(F)cccc1F,82.0,,,,,,,,,
2611,P342236,*CC(*)(C)C(=O)OCCCCCCCCCCCOc1ccc(/N=N/c2ccc(OC(=O)c3ccc4c(c3)OCCOCCOCCOCCO4)cc2)cc1,59.0,,,,,,,,,
2612,P342237,*CC(*)(C)C(=O)Oc1ccc(C(=O)/C=C/c2ccc(Cl)cc2)cc1,127.0,,,,,,,,,
2613,P342239,*CC(*)(C)C(=O)OC1CCCCC1C(C)(C)C,185.0,,,,,,,,,
2614,P342241,*CC(*)(C)C(=O)OCC(O)C1CC(C)(c2ccccc2)C1,105.0,,,,,,,,,
2615,P342242,*CC(*)(C)C(=O)OCC(=O)c1ccccc1,92.5,,,,,,,,,
2616,P342257,*CC(*)(C)C(=O)OCCOCCOCCOc1ccc(/N=N/c2ccc(C#N)cc2)cc1,37.0,,,,,,,,,
2617,P342258,*CC(*)(C)C(=O)OCCOCCOCCOCCOc1ccc(/N=N/c2ccc(C#N)cc2)cc1,20.0,,,,,,,,,
2618,P342262,*CCC(C)C(*)(C)C(=O)OC,45.0,,,,,,,,,
2619,P342263,*CC(*)(C)C(=O)OCCC1CCCCC1,110.0,,,,,,,,,
2620,P342264,*CC(*)(C)C(=O)OCCCC1CCCCC1,60.0,,,,,,,,,
2621,P342265,*CC(*)(C)C(=O)OCCCCC1CCCCC1,43.0,,,,,,,,,
2622,P342268,*CC(C)CC(*)(C)C(=O)OC,16.0,,,,,,,,,
2623,P342279,*CC(*)(C)C(=O)OCCCCCCOc1ccc(/N=N/c2ccc(C3OCC4(CO3)CC3C=CC4C3)cc2)cc1,118.5,,,,,,,,,
2624,P342280,*CC(*)(C)C(=O)OCCCCCCCCOc1ccc(/N=N/c2ccc(C3OCC4(CO3)CC3C=CC4C3)cc2)cc1,106.2,,,,,,,,,
2625,P342281,*CC(*)(C)C(=O)OCCCCCCCCCCOc1ccc(/N=N/c2ccc(C3OCC4(CO3)CC3C=CC4C3)cc2)cc1,103.2,,,,,,,,,
2626,P342282,*CC(*)(C)C(=O)OCC1(CC)COC1,105.0,,,,,,,,,
2627,P342284,*CC(*)(C)C(=O)OCc1ccc(/C=C/C(=O)C2c3ccccc3C(=O)c3ccccc32)cc1,163.0,,,,,,,,,
2628,P342285,*CC(*)(C)C(=O)OCc1ccc(/C=C/C(=O)Oc2ccc3oc(=O)ccc3c2)cc1,140.0,,,,,,,,,
2629,P342286,*CC(*)(C)C(=O)OCc1ccc(Cl)c(Cl)c1,34.45,,,,,,,,,
2630,P342289,*CC(*)(C)C(=O)OCSC,60.0,,,,,,,,,
2631,P342295,*C([2H])([2H])C(*)(C(=O)OC([2H])([2H])C([2H])([2H])[2H])C([2H])([2H])[2H],94.0,,,,,,,,,
2632,P342296,*CC(*)(C)C(=O)OCCN(CCCC)c1ccc(/N=N/c2ccc(S(=O)(=O)Nc3nccs3)cc2)cc1,53.0,,,,,,,,,
2633,P342299,*CC(*)C(=O)Oc1cc(C)cc(C)c1,54.0,,,,,,,,,
2634,P342306,*CC(*)(C)C(=O)OCCN(C)c1ccc(/N=N/c2ccc(S(=O)(=O)Nc3cc(C)on3)cc2)cc1,123.0,,,,,,,,,
2635,P342307,*CC(*)(C)C(=O)OCCN(CCCC)c1ccc(/N=N/c2ccc(S(=O)(=O)Nc3cc(C)on3)cc2)cc1,105.0,,,,,,,,,
2636,P342326,*CC(*)(C)C(=O)Oc1ccc(C(=O)/C=C/c2ccc(OC)c(OC)c2)cc1,137.0,,,,,,,,,
2637,P342342,*CC(*)(C)C(=O)OCCCCCC(=O)Oc1ccc(OC(=O)c2ccc(OC)cc2)cc1,40.0,,,,,,,,,
2638,P342343,*CC(*)(C)C(=O)OCCCCCC(=O)Oc1ccc(OC(=O)c2ccc(OCC)cc2)cc1,43.0,,,,,,,,,
2639,P342344,*CC(*)(C)C(=O)OCCCCCC(=O)Oc1ccc(OC(=O)c2ccc(OCCC)cc2)cc1,45.0,,,,,,,,,
2640,P342345,*CC(*)(C)C(=O)OCCCCCC(=O)Oc1ccc(OC(=O)c2ccc(OCCCC)cc2)cc1,40.0,,,,,,,,,
2641,P342346,*CC(*)(C)C(=O)OCCCCCC(=O)Oc1ccc(OC(=O)c2ccc(OCCCCC)cc2)cc1,50.0,,,,,,,,,
2642,P342347,*CC(*)(C)C(=O)OCCCCCC(=O)Oc1ccc(OC(=O)c2ccc(OCCCCCC)cc2)cc1,44.0,,,,,,,,,
2643,P342348,*CC(*)(CC(=O)OC1CCC1)C(=O)OC1CCC1,60.0,,,,,,,,,
2644,P342349,*CC(*)(CC(=O)OC1CCCCCC1)C(=O)OC1CCCCCC1,105.0,,,,,,,,,
2645,P342350,*CC(*)(C)C(=O)OCC1COC(=O)O1,124.0,,,,,,,,,
2646,P342351,*CC(*)C(=O)Oc1ccc(C(=O)OCc2ccccc2)cc1,16.25,,,,,,,,,
2647,P342352,*CC(*)(C)C(=O)OCc1ccsc1,83.5,,,,,,,,,
2648,P342353,*CC(*)(C)C(=O)OCC1CCC1,114.0,,,,,,,,,
2649,P342363,*CC(*)C(=O)Nc1ccccc1Cl,63.0,,,,,,,,,
2650,P342364,*CC(*)C(=O)Nc1cccc(Cl)c1,70.0,,,,,,,,,
2651,P342365,*CC(*)C(=O)Nc1ccc(Cl)cc1,76.0,,,,,,,,,
2652,P342370,*CC(*)C(=O)NCCC[N+](C)(C)CCCS(=O)(=O)O,141.5,,,,,,,,,
2653,P342375,*CC(*)C(=O)NCCC[N+](C)(C)C,57.0,,,,,,,,,
2654,P342388,*CC(*)C(=O)OCCOCC1(CC)COC1,-16.0,,,,,,,,,
2655,P342390,*CC(*)(C)C(=O)OCCCCCCCCCCn1c2ccccc2c2cc(/N=N/c3ccc([N+](=O)[O-])cc3)ccc21,36.0,,,,,,,,,
2656,P342394,*CC(*)(C)C(=O)Nc1cccc(-c2nnc(-c3ccccc3)o2)c1,65.0,,,,,,,,,
2657,P342396,*CC(*)(C)C(=O)OCC(=O)Nc1cc(C)on1,128.0,,,,,,,,,
2658,P342398,*C(C)C(*)C(=O)OCC,157.0,,,,,,,,,
2659,P342399,*C(C)C(*)C(=O)OCCC,116.0,,,,,,,,,
2660,P342400,*C(C)C(*)C(=O)OC(C)C,149.0,,,,,,,,,
2661,P342401,*C(C)C(*)C(=O)OCCCC,90.0,,,,,,,,,
2662,P342402,*CC(*)(C)C(=O)OCCn1c2ccccc2c2cc(/N=N/c3ccc([N+](=O)[O-])cc3)ccc21,164.0,,,,,,,,,
2663,P342403,*CC(*)(C)C(=O)OCCCCCCOc1ccc(/N=N/c2ccncc2)cc1,42.0,,,,,,,,,
2664,P342404,*CC(*)(CC(=O)OCCCl)C(=O)OCCCl,43.0,,,,,,,,,
2665,P342405,*CC(*)(CC(=O)OCCCCl)C(=O)OCCCCl,47.0,,,,,,,,,
2666,P342406,*CC(*)(C)C(=O)OCC1COCCOCCOCCO1,35.0,,,,,,,,,
2667,P342413,*CC(*)(C)C(=O)OCC(=O)N1CCOCC1,128.0,,,,,,,,,
2668,P342414,*CC(*)(C)C(=O)OCC(=O)N1CCCC1,144.0,,,,,,,,,
2669,P342417,*CC(*)C(=O)Oc1ccc(C(=O)Oc2ccc(OC(=O)c3ccc(OCCCC)cc3)cc2)cc1,47.0,,,,,,,,,
2670,P342418,*CC(*)C(=O)Oc1ccc(C(=O)Oc2ccc(OC(=O)c3ccc(OCCCCC)cc3)cc2)cc1,48.0,,,,,,,,,
2671,P342419,*CC(*)C(=O)OCCOc1ccc(C(=O)Oc2ccc(OC(=O)c3ccc(OCCCC)cc3)cc2)cc1,45.0,,,,,,,,,
2672,P342420,*CC(*)C(=O)OCCOc1ccc(C(=O)Oc2ccc(OC(=O)c3ccc(OCCCCC)cc3)cc2)cc1,46.0,,,,,,,,,
2673,P342423,*CC(*)C(=O)Oc1ccc([N+](=O)[O-])cc1,73.3,,,,,,,,,
2674,P342424,*CC(*)C(=O)Nc1ccc(C(=O)/C=C/c2cccc(Br)c2)cc1,55.0,,,,,,,,,
2675,P342425,*CC(*)C(=O)Nc1ccc(C(=O)/C=C/c2ccc(Br)cc2)cc1,64.0,,,,,,,,,
2676,P342426,*CC(*)(C)C(=O)OCCN(C)c1ccc(/N=N/c2ccc(/N=N/c3ccc(C#N)cc3)cc2C)cc1,120.0,,,,,,,,,
2677,P342427,*CC(*)(C)C(=O)OC(COc1cccc2ccccc12)COc1cccc2ccccc12,80.0,,,,,,,,,
2678,P342428,*CC(*)(C)C(=O)OC(COc1ccc(-c2ccccc2)cc1)COc1ccc(-c2ccccc2)cc1,85.0,,,,,,,,,
2679,P342429,*CC(*)(C)C(=O)OC(COc1cc2ccccc2c2ccccc12)COc1cc2ccccc2c2ccccc12,112.0,,,,,,,,,
2680,P342436,*CC(*)(C)C(=O)OCCN(CC)c1ccc(/N=N/c2nc3ccc([N+](=O)[O-])cc3s2)cc1,140.0,,,,,,,,,
2681,P342437,*CC(*)(C)C(=O)OCCN(CC)c1ccc(/N=N/c2ccc(S(C)(=O)=O)cc2)cc1,144.0,,,,,,,,,
2682,P342438,*CC(*)(C)C(=O)OCCS(=O)(=O)c1ccc(/N=N/c2ccc(N(CC)CC)cc2)cc1,142.0,,,,,,,,,
2683,P342439,*CCC1CC(*)C2C3CC(C12)C(C)(C(=O)OC)C3,146.0,,,,,,,,,
2684,P342441,*CC(*)(C)C(=O)OCCC1CCN(CCCCCCOc2ccc(/N=N/c3ccc([N+](=O)[O-])cc3)cc2)CC1,27.0,,,,,,,,,
2685,P342445,*CC(*)C(=O)OC([2H])([2H])[2H],35.0,,,,,,,,,
2686,P342450,*CC(*)C(=O)OCCCCOc1ccc(-c2ccc(C#N)cc2)cc1,30.0,,,,,,,,,
2687,P342451,*CC(*)(C)C(=O)Nc1ccc(C(=O)/C=C/c2ccc(OC)cc2)cc1,35.0,,,,,,,,,
2688,P342452,*CC(*)(CCC)C(=O)OC,83.5,,,,,,,,,
2689,P342453,*CC(*)(CCCCCCCC)C(=O)OC,34.0,,,,,,,,,
2690,P342455,*CC(*)(C)C(=O)OCC[N+](C)(C)CCCCS(=O)(=O)O,261.0,,,,,,,,,
2691,P342456,*CC(*)(C)C(=O)OCCOCC[N+](CC)(CC)CCCCS(=O)(=O)O,95.0,,,,,,,,,
2692,P342457,*CC(*)(C)C(=O)OCCOCCOCC[N+](CC)(CC)CCCCS(=O)(=O)O,27.0,,,,,,,,,
2693,P342458,*CC(*)(C)C(=O)Oc1ccc(-c2nnc(-c3ccc(C(C)(C)C)cc3)o2)cc1,156.0,,,,,,,,,
2694,P342461,*CC(*)C(=O)OCCCCCCCCCCCCOc1ccc(C(=O)Oc2ccc(-c3cccc(OC(=O)c4ccc(OC(=O)c5ccc(OCCCCCCCCCCCC)cc5)cc4)c3)cc2)cc1,67.0,,,,,,,,,
2695,P342462,*CC(*)(C)C(=O)OCCCCCCOc1ccc(C(=O)Oc2ccc(-c3cccc(OC(=O)c4ccc(OC(=O)c5ccc(OCCCCCCCCCCCC)cc5)cc4)c3)cc2)cc1,73.0,,,,,,,,,
2696,P342463,*CC(*)(C)C(=O)OCCCCCCCCCCCCOc1ccc(C(=O)Oc2ccc(-c3cccc(OC(=O)c4ccc(OC(=O)c5ccc(OCCCCCCCCCCCC)cc5)cc4)c3)cc2)cc1,74.5,,,,,,,,,
2697,P342467,*CC(*)(C)C(=O)Oc1ccc([N+](=O)[O-])c(C)c1,101.0,,,,,,,,,
2698,P342470,*CC(*)(C)C(=O)OCCC(F)(F)C(F)(F)C(F)(F)C(F)(F)F,23.0,,,,,,,,,
2699,P342472,*CC(*)(C)C(=O)OCCCCC(F)(F)C(F)(F)C(F)(F)C(F)(F)F,23.0,,,,,,,,,
2700,P342474,*CC(*)(C)C(=O)OCCCCCCC(F)(F)C(F)(F)C(F)(F)C(F)(F)F,23.0,,,,,,,,,
2701,P342475,*CC(*)C(=O)Oc1ccc(/N=N/c2ccc([N+](=O)[O-])cc2)cc1,134.0,,,,,,,,,
2702,P342476,*CC(*)C(=O)Oc1ccc(/N=N/c2ccc(OC)cc2)cc1,140.0,,,,,,,,,
2703,P342483,*CC(*)(C)C(=O)OCCn1c2ccccc2c2cc(/N=N/c3ccc([N+](=O)[O-])cc3[N+](=O)[O-])ccc21,182.0,,,,,,,,,
2704,P342484,*CC(*)(C)C(=O)OCCCCn1c2ccccc2c2cc(/N=N/c3ccc([N+](=O)[O-])cc3[N+](=O)[O-])ccc21,132.0,,,,,,,,,
2705,P342486,*CC(*)(C)C(=O)OCCCCCCCCCCn1c2ccccc2c2cc(/N=N/c3ccc([N+](=O)[O-])cc3[N+](=O)[O-])ccc21,60.0,,,,,,,,,
2706,P342487,*CC(*)(C)C(=O)OCCCCCCCCCCn1c2ccccc2c2cc(/C=C(\C#N)c3ccc([N+](=O)[O-])cc3)ccc21,40.0,,,,,,,,,
2707,P342488,*CC(*)(C)C(=O)OCCCCCCCCCCn1c2ccccc2c2cc(/C=C(\C#N)C(=O)OC)ccc21,58.0,,,,,,,,,
2708,P342489,*CC(*)(C)C(=O)OCCCCCCCCCCn1c2ccccc2c2cc(/C=C/C3=C(C#N)C(=C(C#N)C#N)OC3(C)C)ccc21,55.0,,,,,,,,,
2709,P342490,*CC(*)(C)C(=O)OCc1cccc(Cl)c1,18.25,,,,,,,,,
2710,P342491,*CC(*)(C)C(=O)OCc1ccc(Cl)cc1,43.6,,,,,,,,,
2711,P342492,*CC(*)(C)C(=O)OCc1cccc(Cl)c1Cl,42.6,,,,,,,,,
2712,P342493,*CC(*)(C)C(=O)OCc1ccc(Cl)cc1Cl,19.4,,,,,,,,,
2713,P342494,*CC(*)(C)C(=O)OCc1cc(Cl)ccc1Cl,27.8,,,,,,,,,
2714,P342495,*CC(*)(C)C(=O)OCc1c(Cl)cccc1Cl,58.9,,,,,,,,,
2715,P342496,*CC(*)(C)C(=O)OCc1cc(Cl)cc(Cl)c1,29.95,,,,,,,,,
2716,P342498,*CC(*)(C)C(=O)OC1CCOCC1,153.5,,,,,,,,,
2717,P342499,*CC(*)(C)C(=O)Oc1ccc(C(=O)c2ccccc2)cc1,118.0,,,,,,,,,
2718,P342500,*CC(*)(C)C(=O)OCCCCCCOc1ccc(/N=N/c2ccc(OCCCC)cc2)cc1,79.0,,,,,,,,,
2719,P342506,*CC(*)(C)C(=O)Oc1ccc(C(=O)/C=C/c2ccc(OCc3ccccc3)cc2)cc1,152.0,,,,,,,,,
2720,P342507,*CC(*)(C)C(=O)Oc1ccc(/N=N/c2ccc([N+](=O)[O-])cc2)cc1,145.0,,,,,,,,,
2721,P342508,*CC(*)(C)C(=O)OCCOc1ccc(/N=N/c2ccc([N+](=O)[O-])cc2)cc1,112.0,,,,,,,,,
2722,P342509,*CC(*)(C)C(=O)OCCCCCCOc1ccc(/N=N/c2ccc([N+](=O)[O-])cc2)cc1,108.0,,,,,,,,,
2723,P342510,*CC(*)(C)C(=O)Oc1ccc(/N=N/c2ccc(OC)cc2)cc1,120.0,,,,,,,,,
2724,P342511,*CC(*)(C)C(=O)OCCOc1ccc(/N=N/c2ccc(OC)cc2)cc1,109.0,,,,,,,,,
2725,P342514,*CC(*)(C)C(=O)OCCCCCCOc1ccc(C(=O)Oc2ccc(/N=N/c3ccccc3)c3ccccc23)cc1,46.0,,,,,,,,,
2726,P342515,*CC(*)(C)C(=O)OCCCCCCOc1ccc(C(=O)Oc2ccc(/N=N/c3ccc(C)cc3)c3ccccc23)cc1,40.0,,,,,,,,,
2727,P342516,*CC(*)(C)C(=O)OCCCCCCOc1ccc(C(=O)Oc2ccc(/N=N/c3ccc(C#N)cc3)c3ccccc23)cc1,41.0,,,,,,,,,
2728,P342517,*CC(*)(C)C(=O)OCCCOc1ccc(C(=O)Oc2ccc3ccc(=O)oc3c2)cc1,68.0,,,,,,,,,
2729,P342518,*CC(*)(C)C(=O)OCCCCCCOc1ccc(C(=O)Oc2ccc3ccc(=O)oc3c2)cc1,102.0,,,,,,,,,
2730,P342521,*CC(*)(C)C(=O)OCC1CC(NC(=O)OC(C)(C)C)CN1C(=O)OC(C)(C)C,127.0,,,,,,,,,
2731,P342522,*CC(*)(C)C(=O)OCC1CC(NC(=O)C2CC(NC(=O)OC(C)(C)C)CN2C(=O)OC(C)(C)C)CN1C(=O)C1CC(NC(=O)OC(C)(C)C)CN1C(=O)OC(C)(C)C,200.0,,,,,,,,,
2732,P342526,*CC(*)(C)C(=O)OCC1OC(n2ccc(=O)[nH]c2=O)C(O)C1O,143.5,,,,,,,,,
2733,P342527,*CC(*)(C)C(=O)NC1C(O)OC(CO)C(O)C1O,90.5,,,,,,,,,
2734,P342529,*CC(*)(C)C(=O)OC1(C)CCCN(c2ccc(/N=N/c3ccc(/C=C(\C#N)S(C)(=O)=O)cc3)cc2)C1,196.0,,,,,,,,,
2735,P342530,*CC(*)(C)C(=O)OCCCCCCCCCCOc1ccc(C#Cc2cc(C)c(/C=C/c3ccncc3)cc2C)cc1,65.4,,,,,,,,,
2736,P342541,*CC(*)(C)C(=O)OCCCCCCCCCCOc1ccc(C#Cc2cc(OC)c(/C=C/c3ccncc3)cc2OC)cc1,87.1,,,,,,,,,
2737,P342543,*CC(*)(C)C(=O)OCCCCCCCCCCOc1ccc(C(=O)Oc2ccc(C(=O)/C=C/c3c(C)c4ccccc4n3CCCC)cc2)cc1,57.0,,,,,,,,,
2738,P342544,*CC(*)(C)C(=O)OCCCCCCCCOc1ccc(C(=O)Oc2ccc(C(=O)/C=C/c3c(C)c4ccccc4n3CCCC)cc2)cc1,69.0,,,,,,,,,
2739,P342545,*CC(*)(C)C(=O)OCCCCCCOc1ccc(C(=O)Oc2ccc(C(=O)/C=C/c3c(C)c4ccccc4n3CCCC)cc2)cc1,85.0,,,,,,,,,
2740,P342546,*CC(*)(C)C(=O)OCCCCCCCCCCOc1ccc(C(=O)Oc2ccc(C(=O)/C=C/c3c(C)c4ccccc4n3C)cc2)cc1,72.0,,,,,,,,,
2741,P342547,*CC(*)(C)C(=O)OCCCCCCCCOc1ccc(C(=O)Oc2ccc(C(=O)/C=C/c3c(C)c4ccccc4n3C)cc2)cc1,75.0,,,,,,,,,
2742,P342548,*CC(*)(C)C(=O)OCCCCCCOc1ccc(C(=O)Oc2ccc(C(=O)/C=C/c3c(C)c4ccccc4n3C)cc2)cc1,98.0,,,,,,,,,
2743,P342559,*CC(*)(C)C(=O)OCCCCC(F)(F)C(F)(F)C(F)(F)C(F)(F)C(F)(F)C(F)(F)F,23.0,,,,,,,,,
2744,P342563,*CC(*)(C)C(=O)OCCN(CC)c1ccc(/N=N/c2ccc(OC)cc2)c(C)c1,95.0,,,,,,,,,
2745,P342569,*CC(*)C(=O)OCCCOc1ccc(C(=O)OCCCC(F)(F)C(F)(F)C(F)(F)C(F)(F)C(F)(F)C(F)(F)F)cc1,17.0,,,,,,,,,
2746,P342570,*CC(*)C(=O)OCCCOc1ccc(C(=O)OCCCC(F)(F)C(F)(F)C(F)(F)C(F)(F)C(F)(F)C(F)(F)C(F)(F)C(F)(F)F)cc1,48.0,,,,,,,,,
2747,P342571,*CC(*)(C)C(=O)OCCCCCCCCCCCCCCC(=O)NC1OC(COC(C)=O)C(OC2OC(COC(C)=O)C(OC(C)=O)C(OC(C)=O)C2OC(C)=O)C(OC(C)=O)C1OC(C)=O,95.2,,,,,,,,,
2748,P342572,*CC(*)(C)C(=O)OCCCCCCCCCCCCCCC(=O)NC1OC(CO)C(OC2OC(CO)C(O)C(O)C2O)C(O)C1O,133.0,,,,,,,,,
2749,P342573,*CC(*)(C)C(=O)OCCCCCCOc1ccc(C(=O)Oc2ccc(/N=N/c3ccc(F)cc3)c3ccccc23)cc1,42.0,,,,,,,,,
2750,P342574,*CC(*)(C)C(=O)OCCCCCCOc1ccc(C(=O)Oc2ccc(/N=N/c3ccc(Cl)cc3)c3ccccc23)cc1,50.0,,,,,,,,,
2751,P342575,*CC(*)(C)C(=O)OCCCCCCOc1ccc(C(=O)Oc2ccc(/N=N/c3ccc(Br)cc3)c3ccccc23)cc1,46.0,,,,,,,,,
2752,P342576,*CC(*)(C)C(=O)OCCCCCCOc1ccc(C(=O)Oc2ccc(/N=N/c3ccc(I)cc3)c3ccccc23)cc1,40.0,,,,,,,,,
2753,P342580,*CC(*)(C)C(=O)OCCCCCCN1CCN(c2ccc(/N=N/c3ccc(C#N)cc3)cc2)CC1,77.0,,,,,,,,,
2754,P342582,*CC(*)(C)C(=O)OCCN(CC)c1ccccc1,37.5,,,,,,,,,
2755,P342583,*CC(*)(C)C(=O)OCCN(CC)c1ccc(/N=N/c2ccc(C#N)cc2)cc1,119.0,,,,,,,,,
2756,P342584,*C1C2CC(C(=O)OCCc3ccc(N(c4ccccc4)c4ccccc4)cc3)C(C2)C1*,307.0,,,,,,,,,
2757,P342585,*C1C2CC(C(=O)OCCc3ccc(N(c4ccccc4)c4cccc(C)c4)cc3)C(C2)C1*,305.0,,,,,,,,,
2758,P342586,*C1C2CC(C(=O)OCCc3ccc(N(c4ccccc4)c4cccc5ccccc45)cc3)C(C2)C1*,333.0,,,,,,,,,
2759,P342589,*CC(*)(C)C(=O)OCCCCCCCCCCOc1ccc(/N=N/c2ccc([N+](=O)[O-])cc2)cc1,55.0,,,,,,,,,
2760,P342590,*CC(*)(C)C(=O)OCCCCCCCCCCOc1ccc(/N=N/c2ccc(C#N)cc2)cc1,51.0,,,,,,,,,
2761,P342591,*CC(*)(C)C(=O)OCCCCCCCCCCOc1ccc(/N=N/c2ccc(F)cc2)cc1,49.0,,,,,,,,,
2762,P342592,*CC(*)(C)C(=O)OCCCCCCCCCCOc1ccc(/N=N/c2ccc(Cl)cc2)cc1,54.0,,,,,,,,,
2763,P342593,*CC(*)(C)C(=O)OCCCCCCCCCCOc1ccc(/N=N/c2ccccc2)cc1,56.0,,,,,,,,,
2764,P342594,*CC(*)(C)C(=O)OCCCCCCCCCCOc1ccc(/N=N/c2ccc(OC)cc2)cc1,62.0,,,,,,,,,
2765,P342597,*CC(*)(C)C(=O)OCC[N+](C)(C)CCCCCCC,-44.0,,,,,,,,,
2766,P342598,*CC(*)(C)C(=O)OCCCCCCN1CCN(c2ccc(/N=N/c3ccc([N+](=O)[O-])cc3)cc2)CC1,60.0,,,,,,,,,
2767,P342599,*CC(*)(C)C(=O)OCCCCCCN1CCN(c2ccc(/N=N/c3ccc(C=C(C#N)C#N)cc3)cc2)CC1,83.0,,,,,,,,,
2768,P342604,*CC(*)(C)C(=O)OCC#CO[Si](C)(C)C,57.0,,,,,,,,,
2769,P342613,*CC(*)(C)C(=O)Oc1ccc(/C=C/c2ccccc2)cc1,143.0,,,,,,,,,
2770,P342614,*CC(*)(C)C(=O)Oc1c(OC)cc(/C=C/c2ccccc2)cc1OC,140.0,,,,,,,,,
2771,P342616,*CC(*)(C)C(=O)OCc1ccc2c(c1)OCCOCCOCCOCCO2,38.0,,,,,,,,,
2772,P342617,*CC(*)(C)C(=O)OCc1ccc(OCCOCC)c(OCCOCC)c1,-2.0,,,,,,,,,
2773,P342618,*CC(*)(C)C(=O)OCc1ccc(OCCOCCOCC)c(OCCOCCOCC)c1,-33.0,,,,,,,,,
2774,P342619,*CC(*)(C)C(=O)OCc1ccc(OCCOCCOCCOCC)c(OCCOCCOCCOCC)c1,-92.0,,,,,,,,,
2775,P342620,*C1C(*)C2CC1C(C(=O)OCc1ccccc1)C2C(=O)OCc1ccccc1,277.0,,,,,,,,,
2776,P342621,*C1C(*)C2CC1C(C(=O)OCCc1ccccc1)C2C(=O)OCCc1ccccc1,254.0,,,,,,,,,
2777,P342622,*C1C(*)C2CC1C(C(=O)OCCCc1ccccc1)C2C(=O)OCCCc1ccccc1,200.0,,,,,,,,,
2778,P342623,*C1C(*)C2CC1C(C(=O)OCC13CC4CC(CC(C4)C1)C3)C2C(=O)OCC12CC3CC(CC(C3)C1)C2,328.0,,,,,,,,,
2779,P342624,*C1C(*)C2CC1C(C(=O)OCCC13CC4CC(CC(C4)C1)C3)C2C(=O)OCCC12CC3CC(CC(C3)C1)C2,300.0,,,,,,,,,
2780,P342625,*C1C(*)C2CC1C(C(=O)OCC1CC3CCC1C3)C2C(=O)OCC1CC2CCC1C2,320.0,,,,,,,,,
2781,P342626,*C1C(*)C2CC1C(C(=O)OCCC1CC3CCC1C3)C2C(=O)OCCC1CC2CCC1C2,260.0,,,,,,,,,
2782,P342634,*CC(*)(C)C(=O)Oc1ccc(OCc2ccccc2)cc1,95.3,,,,,,,,,
2783,P342639,*CC(*)(C)C(=O)OCCC1CC[N+](C)(CCCCCCOc2ccc(/N=N/c3ccc([N+](=O)[O-])cc3)cc2)CC1,57.8,,,,,,,,,
2784,P342642,*CC(*)C(=O)N1CC[NH+](CC)CC1,72.5,,,,,,,,,
2785,P342646,*CC(*)(C)C(=O)OCCC[Si]12O[Si]3(CC(C)C)O[Si]4(CC(C)C)O[Si](CC(C)C)(O1)O[Si]1(CC(C)C)O[Si](CC(C)C)(O2)O[Si](CC(C)C)(O3)O[Si](CC(C)C)(O4)O1,85.0,,,,,,,,,
2786,P350004,*CCCCCCC(Cl)C(*)Cl,-18.0,,,,,,,,,
2787,P350009,*C(F)C(*)C(F)(F)F,87.0,,,,,,,,,
2788,P350011,*C(F)(F)C1(F)C(F)(F)C(*)(F)C(F)(F)C(F)(F)C(F)(F)C1(F)F,198.0,,,,,,,,,
2789,P352007,*C([2H])([2H])C(*)([2H])Cl,85.0,,,,,,,,,
2790,P352009,*CCCCCCCCC(*)Cl,-33.0,,,,,,,,,
2791,P360011,*/C(C)=C(/*)CCC,200.0,,,,,,,,,
2792,P360012,*/C(C)=C(/*)CCCCC,180.0,,,,,,,,,
2793,P360013,*/C(C)=C(/*)CCCCCCC,160.0,,,,,,,,,
2794,P360014,*/C=C(/*)C(C)(C)C,200.0,,,,,,,,,
2795,P360023,*c1ccc2c(c1)C(*)(C)CC2(C)C,215.5,,,,,,,,,
2796,P360025,*/C(=C(\[2H])C([2H])([2H])C(*)([2H])[2H])C([2H])([2H])[2H],-58.0,,,,,,,,,
2797,P360026,*C([2H])([2H])C(*)([2H])C([2H])=C([2H])[2H],1.0,,,,,,,,,
2798,P360028,*/C=C/C1CC(*)C2CC=CC12,149.0,,,,,,,,,
2799,P360033,*CC(C)/C=C(/*)C,2.3,,,,,,,,,
2800,P360038,*C1C2C/C(=C\C)C(C2)C1*,61.4,,,,,,,,,
2801,P360040,*C1C(*)C2CC1C1C=CCC12,145.0,,,,,,,,,
2802,P362005,*/C=C/C1CC(*)C(C2CC=CCC2)C1,105.0,,,,,,,,,
2803,P362006,*c1ccc2c(c1)C(CCCCCCCC)(CCCCCCCC)c1cc(*)ccc1-2,55.0,,,,,,,,,
2804,P362019,*/C=C/C1CC(*)C2CC=CC12,53.0,,,,,,,,,
2805,P362021,*c1ccc2c(c1)C(CC(CC)CCCC)(CC(CC)CCCC)c1cc(*)ccc1-2,29.0,,,,,,,,,
2806,P362028,*c1ccc2c(c1)C(CCCCCC)(CCCCCC)c1cc(*)ccc1-2,104.0,,,,,,,,,
2807,P362030,*CC(C)(C)C1CC=C(*)CC1,77.0,,,,,,,,,
2808,P362031,*/C=C/C1C/C(=C\C)C(*)C1,121.0,,,,,,,,,
2809,P362032,*/C=C/c1ccc2c(c1)C(CC(CC)CCCC)(CC(CC)CCCC)c1cc(*)ccc1-2,165.0,,,,,,,,,
2810,P362034,*/C=C/C(*)(C)C,-9.0,,,,,,,,,
2811,P362038,*/C=C/C1CC(*)C2C3CCC(C3)C12,207.4,,,,,,,,,
2812,P370001,*CCOCCOC(=O)CCCCCCCCCCC(=O)O*,-71.0,,,,,,,,,
2813,P370008,*c1ccc(Oc2ccc(-c3nc(-c4cccc(-c5nnc(-c6ccccc6)c(*)n5)n4)nnc3-c3ccccc3)cc2)cc1,219.0,,,,,,,,,
2814,P370009,*c1ccc(Oc2ccc(-c3cnnc(-c4cccc(-c5ncc(*)nn5)n4)n3)cc2)cc1,223.0,,,,,,,,,
2815,P370010,*Oc1ccc(C(C)(C)c2ccc(Oc3nc(*)nc(Cl)n3)cc2)cc1,80.0,,,,,,,,,
2816,P370012,*OC(=O)Oc1ccc(C(C)(C)c2ccc(OC(=O)OC3CC4CC(*)CC(C3)O4)cc2)cc1,194.0,,,,,,,,,
2817,P370014,*OC(=O)Oc1ccc(S(=O)(=O)c2ccc(OC(=O)OC3CC4CC(*)CC(C3)O4)cc2)cc1,184.0,,,,,,,,,
2818,P370016,*OC(=O)OC1CC2CC(*)CC(C1)O2,207.0,,,,,,,,,
2819,P370017,*OC(=O)NC1CCC(CC2CCC(NC(=O)OC3CC4CC(*)CC(C3)O4)CC2)CC1,225.0,,,,,,,,,
2820,P370018,*C(=O)OC1CC2CC(OC(=O)N3CCN(*)CC3)CC(C1)O2,113.0,,,,,,,,,
2821,P370019,*OC(=O)Nc1ccc(Cc2ccc(NC(=O)OC3CC4CC(*)CC(C3)O4)cc2)cc1,200.0,,,,,,,,,
2822,P370021,*OC(=O)c1ccc(C(=O)OC2CC3CC(*)CC(C2)O3)cc1,207.0,,,,,,,,,
2823,P370022,*OC(=O)c1cccc(C(=O)OC2CC3CC(*)CC(C2)O3)c1,113.0,,,,,,,,,
2824,P370024,*c1ccc(OC(=O)c2ccc(C(=O)Oc3ccc(C4(*)OCc5ccccc54)cc3)cc2)cc1,312.0,,,,,,,,,
2825,P370026,*c1ccc(OC(=O)c2ccc(C(=O)Oc3ccc(C4(*)c5ccccc5Oc5ccccc54)cc3)cc2)cc1,252.0,,,,,,,,,
2826,P370027,*OC(=O)Oc1ccc2c(c1)Oc1cc(*)ccc1C21c2ccccc2-c2ccccc21,295.0,,,,,,,,,
2827,P370029,*OC(=O)c1ccc(C(=O)Oc2ccc3c(c2)Oc2cc(*)ccc2C32c3ccccc3-c3ccccc32)cc1,290.0,,,,,,,,,
2828,P370030,*CC(O)COc1ccc(C(C)(C)c2ccc(OCC(O)COc3ccc(S(=O)(=O)c4ccc(O*)cc4)cc3)cc2)cc1,140.0,,,,,,,,,
2829,P370031,*CC(O)COc1ccc(C(C)(C)c2ccc(OCC(O)COc3ccc(S(=O)(=O)c4ccc(O*)c(C)c4)cc3C)cc2)cc1,117.5,,,,,,,,,
2830,P370032,*CC(O)COc1ccc(C(C)(C)c2ccc(OCC(O)COc3c(C)cc(S(=O)(=O)c4cc(C)c(O*)c(C)c4)cc3C)cc2)cc1,137.5,,,,,,,,,
2831,P370033,*CC(O)COc1ccc(S(=O)(=O)c2ccc(OCC(O)COc3ccc(S(=O)(=O)c4ccc(O*)c(C)c4)cc3C)cc2)cc1,142.5,,,,,,,,,
2832,P370034,*CC(O)COc1ccc(S(=O)(=O)c2ccc(OCC(O)COc3c(C)cc(S(=O)(=O)c4cc(C)c(O*)c(C)c4)cc3C)cc2)cc1,145.0,,,,,,,,,
2833,P370035,*CC(O)COc1ccc(S(=O)(=O)c2ccc(O*)c(C)c2)cc1C,132.5,,,,,,,,,
2834,P370036,*CC(O)COc1c(C)cc(S(=O)(=O)c2cc(C)c(O*)c(C)c2)cc1C,152.5,,,,,,,,,
2835,P370037,*CC(O)COc1ccc(C(=O)c2ccc(OCC(O)COc3ccc(C(C)(C)c4ccc(O*)cc4)cc3)cc2)cc1,120.0,,,,,,,,,
2836,P370038,*CC(O)COc1ccc(C(=O)c2ccc(O*)cc2)cc1,130.0,,,,,,,,,
2837,P370039,*CC(O)COc1ccc(C(C)(C)c2ccc(OCC(O)COc3ccc(Oc4ccc(O*)cc4)cc3)cc2)cc1,85.0,,,,,,,,,
2838,P370040,*CC(O)COc1ccc(C(C)(C)c2ccc(OCC(O)COc3c(C)cc(C(C)(C)c4cc(C)c(O*)c(C)c4)cc3C)cc2)cc1,100.0,,,,,,,,,
2839,P370041,*CC(O)COc1c(Cl)cc(C(C)(C)c2cc(Cl)c(OCC(O)COc3ccc(C(C)(C)c4ccc(O*)cc4)cc3)c(Cl)c2)cc1Cl,100.0,,,,,,,,,
2840,P370042,*CC(O)COc1c(C)cc(C(C)(C)c2cc(C)c(OCC(O)COc3ccc(S(=O)(=O)c4ccc(O*)cc4)cc3)c(C)c2)cc1C,145.0,,,,,,,,,
2841,P370043,*CC(O)COc1c(C)cc(C(C)(C)c2cc(C)c(OCC(O)COc3c(C)cc(S(=O)(=O)c4cc(C)c(O*)c(C)c4)cc3C)c(C)c2)cc1C,145.0,,,,,,,,,
2842,P370044,*CC(O)COc1c(C)cc(C(C)(C)c2cc(C)c(O*)c(C)c2)cc1C,130.0,,,,,,,,,
2843,P370045,*Oc1ccc(C(C)(C)c2ccc(OC(=O)c3ccc(Oc4ccc(C(*)=O)cc4)cc3)cc2)cc1,220.0,,,,,,,,,
2844,P370051,*Oc1ccc(C(C)(C)c2ccc(OC(=O)c3cccc(Oc4cccc(C(*)=O)c4)c3)cc2)cc1,85.0,,,,,,,,,
2845,P370067,*C1CCOC1*,131.0,,,,,,,,,
2846,P370072,*Oc1ccc(Oc2ccc(C(=O)c3ccc(C(=O)c4ccc(*)cc4)cc3)cc2)cc1,152.0,,,,,,,,,
2847,P370073,*Oc1ccc(C(=O)c2ccc(Oc3ccc(C(=O)c4ccc(C(=O)c5ccc(*)cc5)cc4)cc3)cc2)cc1,169.0,,,,,,,,,
2848,P370074,*Oc1ccc(-c2ccc(Oc3ccc(C(=O)c4ccc(*)cc4)cc3)cc2)cc1,167.0,,,,,,,,,
2849,P370078,*Oc1cccc(NC(=O)c2ccc(C(=O)Nc3ccc(*)cc3)cc2)c1,280.0,,,,,,,,,
2850,P370090,*Oc1ccc(C(=O)OCC(C)(C)COC(=O)c2ccc(*)cc2)cc1,73.0,,,,,,,,,
2851,P370105,*CCCCCCCC(=O)OCC1COC(*)O1,-23.0,,,,,,,,,
2852,P370106,*CCCCCCCC(=O)OC1COC(*)OC1,6.5,,,,,,,,,
2853,P370109,*CC(C[N-][N+]#N)(C[N-][N+]#N)CO*,-30.0,,,,,,,,,
2854,P370111,*CNC(=O)CCCCC(=O)NCC1COC(*)CO1,93.0,,,,,,,,,
2855,P370112,*CNC(=O)CCCCCCCCC(=O)NCC1COC(*)CO1,73.0,,,,,,,,,
2856,P370113,*CC(=O)NCCCCCCNC(=O)CC1COC(*)CO1,73.0,,,,,,,,,
2857,P370115,*c1ccc(Oc2ccc(-c3cc(-c4ccc(Oc5ccc(-c6cc(*)nc7ccccc67)cc5)cc4)c4ccccc4n3)cc2)cc1,300.0,,,,,,,,,
2858,P370116,*c1ccc(Oc2ccc(-c3c(-c4ccccc4)c(-c4ccc(-c5nc6ccccc6c(*)c5-c5ccccc5)cc4)nc4ccccc34)cc2)cc1,273.0,,,,,,,,,
2859,P370117,*c1ccc(Oc2ccc(-c3cc(-c4cccc(-c5cc(*)c6ccccc6n5)c4)nc4ccccc34)cc2)cc1,268.0,,,,,,,,,
2860,P370119,*OC1C(COCC)OC(*)C(OCC)C1OCC,131.15,,,,,,,,,
2861,P370120,*OC1C(CO)OC(*)C(O)C1O,332.0,,,,,,,,,
2862,P370129,*OCC(F)(F)C(F)(F)C(F)(F)COc1nc(F)c(F)c(OCC(F)(F)C(F)(F)C(F)(F)COc2c(F)c(*)nc(F)c2F)c1F,-10.0,,,,,,,,,
2863,P370130,*OCC(F)(F)C(F)(F)C(F)(F)COc1nc(F)nc(*)c1F,0.0,,,,,,,,,
2864,P370131,*c1ccc(Oc2ccc(-c3cc(-c4ccccc4)c4cc5c(-c6ccccc6)cc(*)nc5cc4n3)cc2)cc1,380.5,,,,,,,,,
2865,P370132,*c1ccc(Oc2ccc(-c3cc(-c4ccccc4)c4cc5nc(*)cc(-c6ccccc6)c5cc4n3)cc2)cc1,365.0,,,,,,,,,
2866,P370137,*OC(F)(C(*)(F)F)C(F)(F)F,-73.0,,,,,,,,,
2867,P370139,*Oc1cc(C)c(*)c(C)c1Br,280.15,,,,,,,,,
2868,P370146,*Oc1c(Cl)cc(*)cc1Cl,176.82,,,,,,,,,
2869,P370149,*Oc1c(C(C)C)cc(*)cc1C(C)C,152.4,,,,,,,,,
2870,P370150,*Oc1ccc(OC(=O)c2cccc(Oc3cccc(C(*)=O)c3)c2)cc1,119.0,,,,,,,,,
2871,P370151,*Oc1cccc(OC(=O)c2ccc(Oc3ccc(C(*)=O)cc3)cc2)c1,159.0,,,,,,,,,
2872,P370158,*Oc1ccc(Oc2ccc(Oc3ccc(Oc4ccc(OC(=O)c5cccc(C(*)=O)c5)cc4)cc3)cc2)cc1,134.0,,,,,,,,,
2873,P370165,*Oc1ccc(Oc2cccc(C(=O)Oc3ccc(OC(=O)c4cccc(*)c4)cc3)c2)cc1,119.0,,,,,,,,,
2874,P370167,*Oc1ccc2cc(OC(=O)c3cccc(Oc4ccc(Oc5cccc(C(*)=O)c5)cc4)c3)ccc2c1,125.0,,,,,,,,,
2875,P370169,*Oc1ccc(Oc2ccc(Oc3cccc(C(=O)Oc4ccc(OC(=O)c5cccc(*)c5)cc4)c3)cc2)cc1,101.0,,,,,,,,,
2876,P370170,*Oc1ccc(Oc2ccc(Oc3cccc(C(=O)Oc4ccc(-c5ccc(OC(=O)c6cccc(*)c6)cc5)cc4)c3)cc2)cc1,119.0,,,,,,,,,
2877,P370171,*Oc1ccc(Oc2ccc(OC(=O)c3cccc(Oc4ccc(Oc5cccc(C(*)=O)c5)cc4)c3)cc2)cc1,104.0,,,,,,,,,
2878,P370172,*Oc1cccc(Oc2ccc(Oc3cccc(OC(=O)c4ccc(C(*)=O)cc4)c3)cc2)c1,103.0,,,,,,,,,
2879,P370174,*Oc1cccc(Oc2ccc(C(=O)Oc3cccc(OC(=O)c4ccc(*)cc4)c3)cc2)c1,131.0,,,,,,,,,
2880,P370176,*OP(=O)(Oc1ccccc1)Oc1ccc(C(C)(C)c2ccc(*)cc2)cc1,74.5,,,,,,,,,
2881,P370177,*OP(=O)(Oc1ccc(Cl)cc1)Oc1ccc(C(C)(C)c2ccc(*)cc2)cc1,71.0,,,,,,,,,
2882,P370178,*OP(=O)(Oc1ccc(C(C)(C)c2ccc(*)cc2)cc1)Oc1c(Cl)cccc1Cl,96.0,,,,,,,,,
2883,P370179,*OP(=O)(Oc1ccc(C(C)(C)c2ccc(*)cc2)cc1)Oc1c(Cl)cc(Cl)cc1Cl,94.0,,,,,,,,,
2884,P370180,*OP(=O)(Oc1ccc(C(C)(C)c2ccc(*)cc2)cc1)Oc1c(Cl)c(Cl)c(Cl)c(Cl)c1Cl,130.0,,,,,,,,,
2885,P370181,*OP(=O)(Oc1ccccc1)Oc1c(Cl)c(Cl)c(*)c(Cl)c1Cl,79.0,,,,,,,,,
2886,P370182,*OP(=O)(Oc1ccc(Cl)cc1)Oc1c(Cl)c(Cl)c(*)c(Cl)c1Cl,119.0,,,,,,,,,
2887,P370183,*OP(=O)(Oc1c(Cl)cccc1Cl)Oc1c(Cl)c(Cl)c(*)c(Cl)c1Cl,144.0,,,,,,,,,
2888,P370184,*OP(=O)(Oc1c(Cl)cc(Cl)cc1Cl)Oc1c(Cl)c(Cl)c(*)c(Cl)c1Cl,127.0,,,,,,,,,
2889,P370185,*OP(=O)(Oc1c(Cl)c(Cl)c(*)c(Cl)c1Cl)Oc1c(Cl)c(Cl)c(Cl)c(Cl)c1Cl,133.0,,,,,,,,,
2890,P370186,*Oc1ccc(NC(=O)c2cc(NC(=O)c3ccccc3)cc(C(=O)Nc3ccc(*)cc3)c2)cc1,294.5,,,,,,,,,
2891,P370187,*ON(C(F)(F)F)C(F)(Cl)C(*)(F)F,-50.0,,,,,,,,,
2892,P370188,*ON(C(F)(F)F)C(F)(F)/C(F)=C(\F)C(*)(F)F,-7.0,,,,,,,,,
2893,P370190,*Oc1cccc(Oc2ccc3c(=O)n4c5cc(-c6ccc7c(c6)nc6c8ccc(*)c9cccc(c(=O)n76)c98)ccc5nc4c4cccc2c34)c1,396.5,,,,,,,,,
2894,P370191,*Oc1cccc(Oc2ccc3c(=O)n4c5cc(Oc6ccc7c(c6)nc6c8ccc(*)c9cccc(c(=O)n76)c98)ccc5nc4c4cccc2c34)c1,369.5,,,,,,,,,
2895,P370192,*Oc1ccc2cc(Oc3ccc4c(=O)n5c6cc(-c7ccc8c(c7)nc7c9ccc(*)c%10cccc(c(=O)n87)c%109)ccc6nc5c5cccc3c45)ccc2c1,413.0,,,,,,,,,
2896,P370193,*Oc1ccccc1-c1ccccc1Oc1ccc2c(=O)n3c4cc(-c5ccc6c(c5)nc5c7ccc(*)c8cccc(c(=O)n65)c87)ccc4nc3c3cccc1c23,376.0,,,,,,,,,
2897,P370194,*Oc1ccc(Sc2ccc(Oc3ccc4c(=O)n5c6cc(-c7ccc8c(c7)nc7c9ccc(*)c%10cccc(c(=O)n87)c%109)ccc6nc5c5cccc3c45)cc2)cc1,386.0,,,,,,,,,
2898,P370195,*Oc1ccc(Sc2ccc(Oc3ccc4c(=O)n5c6cc(Oc7ccc8c(c7)nc7c9ccc(*)c%10cccc(c(=O)n87)c%109)ccc6nc5c5cccc3c45)cc2)cc1,346.0,,,,,,,,,
2899,P370196,*Oc1ccc(S(=O)(=O)c2ccc(Oc3ccc4c(=O)n5c6cc(-c7ccc8c(c7)nc7c9ccc(*)c%10cccc(c(=O)n87)c%109)ccc6nc5c5cccc3c45)cc2)cc1,415.0,,,,,,,,,
2900,P370197,*Oc1ccc(S(=O)(=O)c2ccc(Oc3ccc4c(=O)n5c6cc(Oc7ccc8c(c7)nc7c9ccc(*)c%10cccc(c(=O)n87)c%109)ccc6nc5c5cccc3c45)cc2)cc1,374.0,,,,,,,,,
2901,P370198,*Oc1ccc(C(=O)c2ccc(Oc3ccc4c(=O)n5c6cc(-c7ccc8c(c7)nc7c9ccc(*)c%10cccc(c(=O)n87)c%109)ccc6nc5c5cccc3c45)cc2)cc1,389.0,,,,,,,,,
2902,P370199,*Oc1ccc(C(C)(C)c2ccc(Oc3ccc4c(=O)n5c6cc(-c7ccc8c(c7)nc7c9ccc(*)c%10cccc(c(=O)n87)c%109)ccc6nc5c5cccc3c45)cc2)cc1,380.0,,,,,,,,,
2903,P370200,*Oc1ccc(C(C)(C)c2ccc(Oc3ccc4c(=O)n5c6cc(Oc7ccc8c(c7)nc7c9ccc(*)c%10cccc(c(=O)n87)c%109)ccc6nc5c5cccc3c45)cc2)cc1,334.0,,,,,,,,,
2904,P370201,*Oc1ccc(C(c2ccccc2)(c2ccccc2)c2ccc(Oc3ccc4c(=O)n5c6cc(-c7ccc8c(c7)nc7c9ccc(*)c%10cccc(c(=O)n87)c%109)ccc6nc5c5cccc3c45)cc2)cc1,357.0,,,,,,,,,
2905,P370202,*Oc1ccc(C2(c3ccc(Oc4ccc5c(=O)n6c7cc(-c8ccc9c(c8)nc8c%10ccc(*)c%11cccc(c(=O)n98)c%11%10)ccc7nc6c6cccc4c56)cc3)c3ccccc3-c3ccccc32)cc1,421.0,,,,,,,,,
2906,P370203,*Oc1ccc(C2(c3ccc(Oc4ccc5c(=O)n6c7cc(Oc8ccc9c(c8)nc8c%10ccc(*)c%11cccc(c(=O)n98)c%11%10)ccc7nc6c6cccc4c56)cc3)c3ccccc3-c3ccccc32)cc1,396.0,,,,,,,,,
2907,P370204,*Oc1ccc(C2(c3ccc(Oc4ccc5c(=O)n6c7cc(-c8ccc9c(c8)nc8c%10ccc(*)c%11cccc(c(=O)n98)c%11%10)ccc7nc6c6cccc4c56)cc3)c3ccccc3C(=O)c3ccccc32)cc1,428.0,,,,,,,,,
2908,P370206,*ON(C(F)(F)F)C(F)(F)C(*)(F)SC(F)(F)F,-48.0,,,,,,,,,
2909,P370256,*c1ccc(-c2nc3cc(-c4ccc5oc(*)nc5c4)ccc3o2)cc1,430.0,,,,,,,,,
2910,P370286,*C1Oc2ccccc2C1*,65.2,,,,,,,,,
2911,P370303,*Oc1c(Cl)cc(*)cc1Br,188.5,,,,,,,,,
2912,P370304,*Oc1c(Br)cc(*)cc1Br,196.0,,,,,,,,,
2913,P370305,*c1ccc(Oc2ccc(-n3nc(-c4ccccc4)cc3-c3cccc(-c4cc(-c5ccccc5)nn4*)c3)cc2)cc1,232.0,,,,,,,,,
2914,P370306,*c1ccc(Oc2ccc(-n3nc(-c4ccccc4)cc3-c3ccc(-c4cc(-c5ccccc5)nn4*)cc3)cc2)cc1,260.0,,,,,,,,,
2915,P370307,*c1ccc(Oc2ccc(-n3nccc3-c3ccc(-c4ccnn4*)cc3)cc2)cc1,243.0,,,,,,,,,
2916,P370308,*c1ccc(Oc2ccc(-n3nccc3-c3cccc(-c4ccnn4*)c3)cc2)cc1,216.0,,,,,,,,,
2917,P370309,*OC(C)COC(C)COC(=O)c1ccc(C(*)=O)cc1,37.0,,,,,,,,,
2918,P370310,*OC(F)(F)C(F)(F)C(*)(F)F,-109.0,,,,,,,,,
2919,P370312,*Oc1ccc(P(=O)(c2ccccc2)c2ccc(Oc3ccc(-c4ccc(*)cc4)cc3)cc2)cc1,234.0,,,,,,,,,
2920,P370313,*CCOCCOC(=O)C1CCC(C(=O)O*)CC1,-12.0,,,,,,,,,
2921,P370320,*CCCCCCCCCCCCOc1ccc(/C=N/N=C/c2ccc(O*)cc2O)c(O)c1,89.0,,,,,,,,,
2922,P370321,*COc1ccc(C(c2ccc(O*)cc2)(C(F)(F)F)C(F)(F)F)cc1,123.0,,,,,,,,,
2923,P370322,*COc1ccc(C(C)(C)c2ccc(O*)cc2)cc1,90.0,,,,,,,,,
2924,P370323,*O[Si](C)(C)O[Si](C)(C)Oc1c(C)cc(-c2cc(C)c(*)c(C)c2)cc1C,55.0,,,,,,,,,
2925,P370324,*O[Si](C)(C)O[Si](C)(C)O[Si](C)(C)Oc1c(C)cc(-c2cc(C)c(*)c(C)c2)cc1C,14.0,,,,,,,,,
2926,P370325,*O[Si](C)(C)O[Si](C)(C)O[Si](C)(C)O[Si](C)(C)Oc1c(C)cc(-c2cc(C)c(*)c(C)c2)cc1C,-16.0,,,,,,,,,
2927,P370326,*O[Si](C)(C)O[Si](C)(C)Oc1ccc(-c2ccc(*)cc2)cc1,-4.0,,,,,,,,,
2928,P370327,*Cc1ccc(CO*)cc1,217.0,,,,,,,,,
2929,P370328,*CCCCCCCc1nc2ccc(-c3ccc4nc(*)oc4c3)cc2o1,85.0,,,,,,,,,
2930,P370329,*CCCCCCCCCc1nc2ccc(-c3ccc4nc(*)oc4c3)cc2o1,64.0,,,,,,,,,
2931,P370330,*CCCCCCCCCCc1nc2ccc(-c3ccc4nc(*)oc4c3)cc2o1,64.0,,,,,,,,,
2932,P370331,*CCCCCCCCCCCc1nc2ccc(-c3ccc4nc(*)oc4c3)cc2o1,62.0,,,,,,,,,
2933,P370332,*CCCCCCCCCCCCc1nc2ccc(-c3ccc4nc(*)oc4c3)cc2o1,55.0,,,,,,,,,
2934,P370333,*Oc1ccc(C(c2ccc(Oc3ccc(C(=O)c4ccc(P(=O)(c5ccccc5)c5ccc(C(=O)c6ccc(*)cc6)cc5)cc4)cc3)cc2)(C(F)(F)F)C(F)(F)F)cc1,207.0,,,,,,,,,
2935,P370334,*Oc1ccc(C(C)(C)c2ccc(Oc3ccc(C(=O)c4ccc(P(=O)(c5ccccc5)c5ccc(C(=O)c6ccc(*)cc6)cc5)cc4)cc3)cc2)cc1,195.0,,,,,,,,,
2936,P370335,*Oc1ccc(Oc2ccc(C(=O)c3ccc(P(=O)(c4ccccc4)c4ccc(C(=O)c5ccc(*)cc5)cc4)cc3)cc2)cc1,207.0,,,,,,,,,
2937,P370336,*Oc1cccc(Oc2ccc(C(=O)c3ccc(P(=O)(c4ccccc4)c4ccc(C(=O)c5ccc(*)cc5)cc4)cc3)cc2)c1,201.0,,,,,,,,,
2938,P370338,*Oc1ccc2ccc(Oc3ccc(C(=O)Nc4cccc(NC(=O)c5ccc(*)cc5)c4)cc3)cc2c1,168.0,,,,,,,,,
2939,P370341,*Oc1ccc2ccc(Oc3ccc(C(=O)Nc4cccc(Oc5ccc(NC(=O)c6ccc(*)cc6)cc5)c4)cc3)cc2c1,164.0,,,,,,,,,
2940,P370342,*Oc1ccc2ccc(Oc3ccc(C(=O)Nc4ccc(Oc5ccc(Oc6ccc(NC(=O)c7ccc(*)cc7)cc6)cc5)cc4)cc3)cc2c1,191.0,,,,,,,,,
2941,P370343,*Oc1ccc2ccc(Oc3ccc(C(=O)Nc4ccc(C(C)(C)c5ccc(C(C)(C)c6ccc(NC(=O)c7ccc(*)cc7)cc6)cc5)cc4)cc3)cc2c1,155.0,,,,,,,,,
2942,P370344,*Oc1ccc2ccc(Oc3ccc(C(=O)Nc4ccc(Oc5ccc(C(C)(C)c6ccc(Oc7ccc(NC(=O)c8ccc(*)cc8)cc7)cc6)cc5)cc4)cc3)cc2c1,143.0,,,,,,,,,
2943,P370345,*Oc1ccc2ccc(Oc3ccc(C(=O)Nc4ccc(Oc5ccc(S(=O)(=O)c6ccc(Oc7ccc(NC(=O)c8ccc(*)cc8)cc7)cc6)cc5)cc4)cc3)cc2c1,227.0,,,,,,,,,
2944,P370346,*Oc1ccc2ccc(Oc3ccc(C(=O)Nc4ccc(Oc5ccc(C(C)(c6ccccc6)c6ccc(Oc7ccc(NC(=O)c8ccc(*)cc8)cc7)cc6)cc5)cc4)cc3)cc2c1,177.0,,,,,,,,,
2945,P370347,*Oc1ccc2ccc(Oc3ccc(C(=O)Nc4ccc(Oc5ccc(C(c6ccc(Oc7ccc(NC(=O)c8ccc(*)cc8)cc7)cc6)(C(F)(F)F)C(F)(F)F)cc5)cc4)cc3)cc2c1,163.0,,,,,,,,,
2946,P370348,*Oc1ccc2ccc(Oc3ccc(C(=O)Nc4ccc(Oc5ccc(C(C)(C)c6ccc(C(C)(C)c7ccc(Oc8ccc(NC(=O)c9ccc(*)cc9)cc8)cc7)cc6)cc5)cc4)cc3)cc2c1,166.0,,,,,,,,,
2947,P370349,*Oc1ccc(C(c2ccc(Oc3c(F)c(F)c(C(=O)c4c(F)c(F)c(*)c(F)c4F)c(F)c3F)cc2)(C(F)(F)F)C(F)(F)F)cc1,149.0,,,,,,,,,
2948,P370350,*Oc1ccc(C2(c3ccc(Oc4c(F)c(F)c(C(=O)c5c(F)c(F)c(*)c(F)c5F)c(F)c4F)cc3)c3ccccc3-c3ccccc32)cc1,223.0,,,,,,,,,
2949,P370351,*c1ccc(Oc2c(F)c(F)c(C(=O)c3c(F)c(F)c(Oc4ccc(C5(*)OC(=O)c6ccccc65)cc4)c(F)c3F)c(F)c2F)cc1,215.0,,,,,,,,,
2950,P370352,*Oc1ccc(C(C)(c2ccccc2)c2ccc(Oc3c(F)c(F)c(C(=O)c4c(F)c(F)c(*)c(F)c4F)c(F)c3F)cc2)cc1,175.0,,,,,,,,,
2951,P370353,*Oc1c(F)c(F)c(-c2c(F)c(F)c(Oc3ccc(C(c4ccc(*)cc4)(C(F)(F)F)C(F)(F)F)cc3)c(F)c2F)c(F)c1F,167.0,,,,,,,,,
2952,P370354,*c1ccc(NC(=O)c2ccc(C(=O)Nc3ccc(-c4nnc(*)o4)cc3)c(Oc3ccccc3)c2)cc1,272.0,,,,,,,,,
2953,P370355,*c1ccc(Oc2ccc(NC(=O)c3ccc(C(=O)Nc4ccc(Oc5ccc(-c6nnc(*)o6)cc5)cc4)c(Oc4ccccc4)c3)cc2)cc1,245.0,,,,,,,,,
2954,P370356,*c1ccc(Oc2cccc(NC(=O)c3ccc(C(=O)Nc4cccc(Oc5ccc(-c6nnc(*)o6)cc5)c4)c(Oc4ccccc4)c3)c2)cc1,234.0,,,,,,,,,
2955,P370357,*c1ccc(C(=O)Nc2ccc(-c3nnc(*)o3)cc2)c(Oc2ccccc2)c1,235.0,,,,,,,,,
2956,P370358,*c1ccc(Oc2ccc(C(=O)c3ccc(Oc4ccc(C(=O)c5ccc(Oc6ccc(-c7cc(*)n(-c8ccccc8)n7)cc6)cc5)cc4)cc3)cc2)cc1,190.0,,,,,,,,,
2957,P370359,*c1ccc(Oc2ccc(C(=O)c3cccc(C(=O)c4ccc(Oc5ccc(-c6cc(*)n(-c7ccccc7)n6)cc5)cc4)c3)cc2)cc1,190.0,,,,,,,,,
2958,P370360,*c1ccc(Oc2ccc(C(=O)c3ccc(Oc4ccc(-c5cc(*)n(-c6ccccc6)n5)cc4)cc3)cc2)cc1,205.0,,,,,,,,,
2959,P370361,*c1ccc(Oc2ccc(C(=O)c3ccc(C(=O)c4ccc(Oc5ccc(-c6cc(*)n(-c7ccccc7)n6)cc5)cc4)cc3)cc2)cc1,205.0,,,,,,,,,
2960,P370362,*c1ccc(Oc2ccc(S(=O)(=O)c3ccc(Oc4ccc(-c5cc(*)n(-c6ccccc6)n5)cc4)cc3)cc2)cc1,235.0,,,,,,,,,
2961,P370363,*c1ccc(Oc2ccc(P(=O)(c3ccccc3)c3ccc(Oc4ccc(-c5cc(*)n(-c6ccccc6)n5)cc4)cc3)cc2)cc1,239.0,,,,,,,,,
2962,P370364,*c1ccc(Oc2ccc(C(=O)c3cccc(C(=O)c4ccc(Oc5ccc(-c6cc(*)[nH]n6)cc5)cc4)c3)cc2)cc1,205.0,,,,,,,,,
2963,P370365,*c1ccc(Oc2ccc(C(=O)c3ccc(Oc4ccc(-c5cc(*)[nH]n5)cc4)cc3)cc2)cc1,229.0,,,,,,,,,
2964,P370366,*c1ccc(Oc2ccc(C(=O)c3ccc(C(=O)c4ccc(Oc5ccc(-c6cc(*)[nH]n6)cc5)cc4)cc3)cc2)cc1,235.0,,,,,,,,,
2965,P370367,*c1ccc(Oc2ccc(S(=O)(=O)c3ccc(Oc4ccc(-c5cc(*)[nH]n5)cc4)cc3)cc2)cc1,260.0,,,,,,,,,
2966,P370368,*c1ccc(Oc2ccc(P(=O)(c3ccccc3)c3ccc(Oc4ccc(-c5cc(*)[nH]n5)cc4)cc3)cc2)cc1,296.0,,,,,,,,,
2967,P370369,*Oc1ccc(C(=O)OC(C)COC(C)COC(C)COC(=O)c2ccc(OC(=O)c3ccc(C(*)=O)cc3)cc2)cc1,36.0,,,,,,,,,
2968,P370371,*Oc1ccc(Oc2ccc(C(=O)c3ccc(Oc4ccc(Oc5ccc(C(=O)c6ccc(*)c(C(C)C)c6)cc5)cc4)cc3)cc2C(C)C)cc1,145.0,,,,,,,,,
2969,P370372,*c1ccc(Oc2ccc(C(=O)c3ccc(Oc4ccc(C5(*)OC(=O)c6ccccc65)cc4)cc3)cc2)cc1,218.0,,,,,,,,,
2970,P370379,*CC(O*)c1ccco1,12.5,,,,,,,,,
2971,P370380,*c1ccc(NC(=O)c2cc(C(=O)Nc3ccc(-c4nnc(*)o4)cc3)cc(N3C(=O)c4ccccc4C3=O)c2)cc1,327.0,,,,,,,,,
2972,P370381,*c1ccc(Oc2ccc(NC(=O)c3cc(C(=O)Nc4ccc(Oc5ccc(-c6nnc(*)o6)cc5)cc4)cc(N4C(=O)c5ccccc5C4=O)c3)cc2)cc1,285.0,,,,,,,,,
2973,P370382,*c1ccc(Oc2cccc(NC(=O)c3cc(C(=O)Nc4cccc(Oc5ccc(-c6nnc(*)o6)cc5)c4)cc(N4C(=O)c5ccccc5C4=O)c3)c2)cc1,245.0,,,,,,,,,
2974,P370385,*c1ccc(Oc2cccc(NC(=O)c3cc(C(=O)Nc4cccc(Oc5ccc(-c6nnc(*)o6)cc5)c4)cc(N4C(=O)c5c(Cl)c(Cl)c(Cl)c(Cl)c5C4=O)c3)c2)cc1,275.0,,,,,,,,,
2975,P370386,*c1cc(C(=O)Nc2ccc(-c3nnc(*)o3)cc2)cc(N2C(=O)c3ccccc3C2=O)c1,324.0,,,,,,,,,
2976,P370388,*CC(O)COc1ccc(C(C)(C)c2ccc(OCC(O)COc3cccc(C(=O)Nc4cccc(O*)c4)c3)cc2)cc1,117.0,,,,,,,,,
2977,P370389,*CC(O)COc1ccc(C(C)(C)c2ccc(OCC(O)COc3cccc(NC(=O)C(=O)Nc4cccc(O*)c4)c3)cc2)cc1,119.0,,,,,,,,,
2978,P370390,*CC(O)COc1ccc(C(C)(C)c2ccc(OCC(O)COc3cccc(NC(=O)CCCC(=O)Nc4cccc(O*)c4)c3)cc2)cc1,111.0,,,,,,,,,
2979,P370391,*CC(O)COc1ccc(C(C)(C)c2ccc(OCC(O)COc3cccc(NC(=O)CCCCC(=O)Nc4cccc(O*)c4)c3)cc2)cc1,103.0,,,,,,,,,
2980,P370392,*CC(O)COc1ccc(C(C)(C)c2ccc(OCC(O)COc3cccc(NC(=O)CCCCCC(=O)Nc4cccc(O*)c4)c3)cc2)cc1,107.0,,,,,,,,,
2981,P370393,*CC(O)COc1ccc(C(C)(C)c2ccc(OCC(O)COc3cccc(NC(=O)CCCCCCC(=O)Nc4cccc(O*)c4)c3)cc2)cc1,92.0,,,,,,,,,
2982,P370394,*CC(O)COc1ccc(C(C)(C)c2ccc(OCC(O)COc3cccc(NC(=O)CCCCCCCCCCC(=O)Nc4cccc(O*)c4)c3)cc2)cc1,90.0,,,,,,,,,
2983,P370395,*CC(O)COc1ccc(C(C)(C)c2ccc(OCC(O)COc3cccc(NC(=O)Cc4cccc(CC(=O)Nc5cccc(O*)c5)c4)c3)cc2)cc1,119.0,,,,,,,,,
2984,P370396,*CC(O)COc1ccc(C(C)(C)c2ccc(OCC(O)COc3cccc(NC(=O)c4cccc(C(=O)Nc5cccc(O*)c5)c4)c3)cc2)cc1,133.0,,,,,,,,,
2985,P370397,*CC(O)COc1ccc(C(C)(C)c2ccc(OCC(O)COc3ccc(C(=O)Nc4ccc(O*)cc4)cc3)cc2)cc1,127.0,,,,,,,,,
2986,P370398,*CC(O)COc1ccc(C(C)(C)c2ccc(OCC(O)COc3ccccc3C(=O)Nc3ccc(O*)cc3)cc2)cc1,121.0,,,,,,,,,
2987,P370399,*CC(O)COc1ccc(C(C)(C)c2ccc(OCC(O)COc3ccc(NC(=O)CCCC(=O)Nc4ccc(O*)cc4)cc3)cc2)cc1,105.0,,,,,,,,,
2988,P370400,*CC(O)COc1ccc(C(C)(C)c2ccc(OCC(O)COc3ccc(NC(=O)CCCCC(=O)Nc4ccc(O*)cc4)cc3)cc2)cc1,112.0,,,,,,,,,
2989,P370401,*CC(O)COc1ccc(C(C)(C)c2ccc(OCC(O)COc3ccc(NC(=O)CCCCCC(=O)Nc4ccc(O*)cc4)cc3)cc2)cc1,116.0,,,,,,,,,
2990,P370402,*Oc1ccc(Sc2ccc(Sc3ccc(Sc4ccc(*)cc4)cc3)cc2)cc1,84.0,,,,,,,,,
2991,P370403,*Oc1ccc(C(C)(C)c2ccc(Oc3ccc(C(=O)c4cccc5cccc(C(=O)c6ccc(*)cc6)c45)cc3)cc2)cc1,210.5,,,,,,,,,
2992,P370404,*c1ccc(Oc2ccc(S(=O)(=O)c3ccc(Oc4ccc(C5(*)OC(=O)c6ccccc65)cc4)cc3)cc2)cc1,247.0,,,,,,,,,
2993,P370406,*Oc1cccc2ccc(Oc3ccc(NC(=O)c4cccc(C(=O)Nc5ccc(*)cc5)c4)cc3)cc12,256.0,,,,,,,,,
2994,P370407,*Oc1cccc2ccc(Oc3ccc(NC(=O)c4cc(C(=O)Nc5ccc(*)cc5)cc(C(C)(C)C)c4)cc3)cc12,263.0,,,,,,,,,
2995,P370410,*Oc1cccc2ccc(Oc3ccc(NC(=O)c4ccc(Oc5ccc(C(=O)Nc6ccc(*)cc6)cc5)cc4)cc3)cc12,236.0,,,,,,,,,
2996,P370411,*Oc1cccc2ccc(Oc3ccc(NC(=O)c4ccc(S(=O)(=O)c5ccc(C(=O)Nc6ccc(*)cc6)cc5)cc4)cc3)cc12,259.0,,,,,,,,,
2997,P370412,*Oc1cccc2ccc(Oc3ccc(NC(=O)c4ccc(C(c5ccc(C(=O)Nc6ccc(*)cc6)cc5)(C(F)(F)F)C(F)(F)F)cc4)cc3)cc12,252.0,,,,,,,,,
2998,P370413,*Oc1cccc2ccc(Oc3ccc(NC(=O)c4ccc(Oc5ccc(Oc6ccc(C(=O)Nc7ccc(*)cc7)cc6)cc5)cc4)cc3)cc12,224.0,,,,,,,,,
2999,P370414,*Oc1cccc2ccc(Oc3ccc(NC(=O)c4ccc(Oc5cccc(Oc6ccc(C(=O)Nc7ccc(*)cc7)cc6)c5)cc4)cc3)cc12,196.0,,,,,,,,,
3000,P370415,*Oc1cccc2ccc(Oc3ccc(NC(=O)c4ccc(Oc5ccccc5Oc5ccc(C(=O)Nc6ccc(*)cc6)cc5)cc4)cc3)cc12,180.0,,,,,,,,,
3001,P370416,*Oc1cccc2ccc(Oc3ccc(NC(=O)c4ccc(Oc5ccc(S(=O)(=O)c6ccc(Oc7ccc(C(=O)Nc8ccc(*)cc8)cc7)cc6)cc5)cc4)cc3)cc12,218.0,,,,,,,,,
3002,P370417,*Oc1cccc2ccc(Oc3ccc(NC(=O)c4ccc(Oc5ccc(C(C)(c6ccccc6)c6ccc(Oc7ccc(C(=O)Nc8ccc(*)cc8)cc7)cc6)cc5)cc4)cc3)cc12,212.0,,,,,,,,,
3003,P370421,*Oc1cccc2ccc(Oc3ccc(NC(=O)c4ccc(Oc5ccc(C(C)(C)c6cccc(C(C)(C)c7ccc(Oc8ccc(C(=O)Nc9ccc(*)cc9)cc8)cc7)c6)cc5)cc4)cc3)cc12,139.0,,,,,,,,,
3004,P370422,*Oc1ccc(C(=O)Nc2ccccc2-c2ccc(NC(=O)c3ccc(*)cc3)cc2)cc1,251.0,,,,,,,,,
3005,P370423,*Oc1ccc(C(=O)Nc2ccc(Br)cc2-c2ccc(NC(=O)c3ccc(*)cc3)cc2)cc1,249.0,,,,,,,,,
3006,P370424,*Oc1ccc(C(c2ccc(Oc3ccc(C(=O)c4cccc5cccc(C(=O)c6ccc(*)cc6)c45)cc3)cc2)(C(F)(F)F)C(F)(F)F)cc1,213.0,,,,,,,,,
3007,P370425,*Oc1ccc(Oc2ccc(C(=O)c3cccc4cccc(C(=O)c5ccc(*)cc5)c34)cc2)cc1,202.0,,,,,,,,,
3008,P370426,*Oc1ccc(C2(c3ccc(Oc4ccc(C(=O)c5cccc6cccc(C(=O)c7ccc(*)cc7)c56)cc4)cc3)c3ccccc3-c3ccccc32)cc1,269.0,,,,,,,,,
3009,P370427,*Oc1ccc(-c2ccc(Oc3ccc(C(=O)c4cccc5cccc(C(=O)c6ccc(*)cc6)c45)cc3)cc2)cc1,226.5,,,,,,,,,
3010,P370428,*Oc1ccc(Oc2ccc(C(=O)c3cccc4cccc(C(=O)c5ccc(*)cc5)c34)cc2)cc1C(C)(C)C,230.0,,,,,,,,,
3011,P370429,*Oc1ccc(C(C)(C)c2ccc(Oc3ccc(C(=O)c4ccc(-c5ccc(C(=O)c6ccc(*)cc6)cc5)cc4)cc3)cc2)cc1,186.0,,,,,,,,,
3012,P370430,*Oc1ccc(C(C)(C)c2ccc(Oc3ccc(C(=O)c4ccc5cc(C(=O)c6ccc(*)cc6)ccc5c4)cc3)cc2)cc1,185.0,,,,,,,,,
3013,P370431,*Oc1ccc(C(C)(C)c2ccc(Oc3ccc(C(=O)c4c(C)ccc5c(C(=O)c6ccc(*)cc6)c(C)ccc45)cc3)cc2)cc1,222.0,,,,,,,,,
3014,P370432,*Oc1ccc(S(=O)(=O)c2ccc(Oc3ccc(C(C)(C)c4ccc(Oc5ccc(C(=O)c6ccc(*)cc6)cc5)cc4)cc3)cc2)cc1,175.0,,,,,,,,,
3015,P370433,*Oc1ccc(Oc2ccc(S(=O)(=O)c3ccc(Oc4ccc(C(=O)c5ccc(*)cc5)cc4)cc3)cc2)cc1,186.0,,,,,,,,,
3016,P370434,*Oc1cccc(Oc2ccc(S(=O)(=O)c3ccc(Oc4ccc(C(=O)c5ccc(*)cc5)cc4)cc3)cc2)c1,167.0,,,,,,,,,
3017,P370435,*Oc1ccc(S(=O)(=O)c2ccc(Oc3ccc(-c4ccc(Oc5ccc(C(=O)c6ccc(*)cc6)cc5)cc4)cc3)cc2)cc1,206.0,,,,,,,,,
3018,P370436,*Oc1ccc2cc(Oc3ccc(S(=O)(=O)c4ccc(Oc5ccc(C(=O)c6ccc(*)cc6)cc5)cc4)cc3)ccc2c1,199.0,,,,,,,,,
3019,P370437,*Oc1cccc(Oc2cccc(*)c2)c1C#N,145.0,,,,,,,,,
3020,P370438,*Oc1ccc(Oc2ccc(Oc3ccc(C(C)(C)c4ccc(*)cc4)cc3)cc2)cc1,122.0,,,,,,,,,
3021,P370439,*Oc1ccc(-c2ccc(Oc3ccc(C(C)(C)c4ccc(*)cc4)cc3)cc2)cc1,154.0,,,,,,,,,
3022,P370440,*Oc1ccc(-c2ccc(-c3ccc(Oc4ccc(C(C)(C)c5ccc(*)cc5)cc4)cc3)cc2)cc1,182.0,,,,,,,,,
3023,P370441,*Oc1ccc(S(=O)(=O)c2ccc(Oc3ccc(C(C)(C)c4ccc(*)c(C)c4)cc3C)cc2)cc1,180.0,,,,,,,,,
3024,P370442,*Oc1ccc(S(=O)(=O)c2ccc(Oc3c(C)cc(-c4cc(C)c(*)c(C)c4)cc3C)cc2)cc1,280.2,,,,,,,,,
3025,P370443,*Oc1ccc(S(=O)(=O)c2ccc(Oc3c(C(C)C)cc(C(C)(C)c4cc(C(C)C)c(*)c(C(C)C)c4)cc3C(C)C)cc2)cc1,175.0,,,,,,,,,
3026,P370444,*c1ccc2oc(-c3ccc(Oc4ccc(-c5nc6cc(C(*)(C(F)(F)F)C(F)(F)F)ccc6o5)cc4)cc3)nc2c1,303.0,,,,,,,,,
3027,P370445,*c1ccc2oc(-c3ccc(Oc4ccc(-c5nc6cc(C(*)(c7ccccc7)C(F)(F)F)ccc6o5)cc4)cc3)nc2c1,299.0,,,,,,,,,
3028,P370446,*c1ccc2oc(-c3ccc(C(c4ccccc4)(c4ccc(-c5nc6cc(C(*)(C(F)(F)F)C(F)(F)F)ccc6o5)cc4)C(F)(F)F)cc3)nc2c1,310.0,,,,,,,,,
3029,P370447,*c1ccc2oc(-c3ccc(C(c4ccccc4)(c4ccc(-c5nc6cc(C(*)(c7ccccc7)C(F)(F)F)ccc6o5)cc4)C(F)(F)F)cc3)nc2c1,330.0,,,,,,,,,
3030,P370448,*c1ccc2oc(-c3cccc(-c4nc5cc(C(*)(C(F)(F)F)C(F)(F)F)ccc5o4)c3)nc2c1,301.0,,,,,,,,,
3031,P370449,*c1ccc2oc(-c3cccc(-c4nc5cc(C(*)(c6ccccc6)C(F)(F)F)ccc5o4)c3)nc2c1,301.0,,,,,,,,,
3032,P370450,*c1ccc2oc(-c3ccc(-c4nc5cc(C(*)(C(F)(F)F)C(F)(F)F)ccc5o4)cc3)nc2c1,371.5,,,,,,,,,
3033,P370451,*c1ccc2oc(-c3ccc(-c4nc5cc(C(*)(c6ccccc6)C(F)(F)F)ccc5o4)cc3)nc2c1,369.0,,,,,,,,,
3034,P370452,*c1ccc2oc(-c3ccc(C(c4ccc(-c5nc6cc(C(*)(C(F)(F)F)C(F)(F)F)ccc6o5)cc4)(C(F)(F)F)C(F)(F)F)cc3)nc2c1,336.0,,,,,,,,,
3035,P370453,*c1ccc2oc(-c3ccc(C(c4ccc(-c5nc6cc(C(*)(c7ccccc7)C(F)(F)F)ccc6o5)cc4)(C(F)(F)F)C(F)(F)F)cc3)nc2c1,334.0,,,,,,,,,
3036,P370454,*Oc1cccc(C(=O)c2ccc(*)cc2)c1,137.0,,,,,,,,,
3037,P370455,*Oc1ccc(C(C)(C)c2ccc(Oc3ccc(C(=O)c4c(C(=O)c5ccc(*)cc5)c(-c5ccc(F)cc5)c(-c5ccc(F)cc5)c(-c5ccc(F)cc5)c4-c4ccc(F)cc4)cc3)cc2)cc1,252.0,,,,,,,,,
3038,P370456,*Oc1ccc(C(c2ccc(Oc3ccc(C(=O)c4c(C(=O)c5ccc(*)cc5)c(-c5ccc(F)cc5)c(-c5ccc(F)cc5)c(-c5ccc(F)cc5)c4-c4ccc(F)cc4)cc3)cc2)(C(F)(F)F)C(F)(F)F)cc1,253.0,,,,,,,,,
3039,P370457,*Oc1ccc(-c2ccc(Oc3ccc(C(=O)c4c(C(=O)c5ccc(*)cc5)c(-c5ccc(F)cc5)c(-c5ccc(F)cc5)c(-c5ccc(F)cc5)c4-c4ccc(F)cc4)cc3)cc2)cc1,275.0,,,,,,,,,
3040,P370458,*Oc1ccc(C(=O)c2ccc(Oc3ccc(C(=O)c4c(C(=O)c5ccc(*)cc5)c(-c5ccc(F)cc5)c(-c5ccc(F)cc5)c(-c5ccc(F)cc5)c4-c4ccc(F)cc4)cc3)cc2)cc1,260.0,,,,,,,,,
3041,P370459,*Oc1ccc(C2(c3ccc(Oc4ccc(C(=O)c5c(C(=O)c6ccc(*)cc6)c(-c6ccc(F)cc6)c(-c6ccc(F)cc6)c(-c6ccc(F)cc6)c5-c5ccc(F)cc5)cc4)cc3)c3ccccc3-c3ccccc32)cc1,293.0,,,,,,,,,
3042,P370460,*Oc1ccc(Oc2ccc(C(=O)c3c(C(=O)c4ccc(*)cc4)c(-c4ccc(F)cc4)c(-c4ccc(F)cc4)c(-c4ccc(F)cc4)c3-c3ccc(F)cc3)cc2)cc1,266.0,,,,,,,,,
3043,P370461,*Oc1ccc(C(C)(C)c2ccc(Oc3ccc(C(=O)c4c(C(=O)c5ccc(*)cc5)c(-c5ccccc5)c(-c5ccc6ccccc6c5)c(-c5ccc6ccccc6c5)c4-c4ccccc4)cc3)cc2)cc1,264.0,,,,,,,,,
3044,P370462,*Oc1ccc(C(c2ccc(Oc3ccc(C(=O)c4c(C(=O)c5ccc(*)cc5)c(-c5ccccc5)c(-c5ccc6ccccc6c5)c(-c5ccc6ccccc6c5)c4-c4ccccc4)cc3)cc2)(C(F)(F)F)C(F)(F)F)cc1,275.0,,,,,,,,,
3045,P370463,*Oc1ccc(-c2ccc(Oc3ccc(C(=O)c4c(C(=O)c5ccc(*)cc5)c(-c5ccccc5)c(-c5ccc6ccccc6c5)c(-c5ccc6ccccc6c5)c4-c4ccccc4)cc3)cc2)cc1,290.0,,,,,,,,,
3046,P370464,*Oc1ccc(C(=O)c2ccc(Oc3ccc(C(=O)c4c(C(=O)c5ccc(*)cc5)c(-c5ccccc5)c(-c5ccc6ccccc6c5)c(-c5ccc6ccccc6c5)c4-c4ccccc4)cc3)cc2)cc1,290.0,,,,,,,,,
3047,P370465,*Oc1ccc(C2(c3ccc(Oc4ccc(C(=O)c5c(C(=O)c6ccc(*)cc6)c(-c6ccccc6)c(-c6ccc7ccccc7c6)c(-c6ccc7ccccc7c6)c5-c5ccccc5)cc4)cc3)c3ccccc3-c3ccccc32)cc1,310.0,,,,,,,,,
3048,P370466,*c1ccc(Oc2ccc(C(c3ccc(Oc4ccc(-c5nnc(*)c6c(-c7ccc(F)cc7)c(-c7ccc(F)cc7)c(-c7ccc(F)cc7)c(-c7ccc(F)cc7)c56)cc4)cc3)(C(F)(F)F)C(F)(F)F)cc2)cc1,288.0,,,,,,,,,
3049,P370467,*c1ccc(Oc2ccc(-c3ccc(Oc4ccc(-c5nnc(*)c6c(-c7ccc(F)cc7)c(-c7ccc(F)cc7)c(-c7ccc(F)cc7)c(-c7ccc(F)cc7)c56)cc4)cc3)cc2)cc1,320.0,,,,,,,,,
3050,P370468,*c1ccc(Oc2ccc(C(=O)c3ccc(Oc4ccc(-c5nnc(*)c6c(-c7ccc(F)cc7)c(-c7ccc(F)cc7)c(-c7ccc(F)cc7)c(-c7ccc(F)cc7)c56)cc4)cc3)cc2)cc1,313.0,,,,,,,,,
3051,P370469,*c1ccc(Oc2ccc(C3(c4ccc(Oc5ccc(-c6nnc(*)c7c(-c8ccc(F)cc8)c(-c8ccc(F)cc8)c(-c8ccc(F)cc8)c(-c8ccc(F)cc8)c67)cc5)cc4)c4ccccc4-c4ccccc43)cc2)cc1,321.0,,,,,,,,,
3052,P370470,*c1ccc(Oc2ccc(Oc3ccc(-c4nnc(*)c5c(-c6ccc(F)cc6)c(-c6ccc(F)cc6)c(-c6ccc(F)cc6)c(-c6ccc(F)cc6)c45)cc3)cc2)cc1,309.0,,,,,,,,,
3053,P370471,*c1ccc(Oc2ccc(C(C)(C)c3ccc(Oc4ccc(-c5nnc(*)c6c(-c7ccccc7)c(-c7ccc8ccccc8c7)c(-c7ccc8ccccc8c7)c(-c7ccccc7)c56)cc4)cc3)cc2)cc1,290.0,,,,,,,,,
3054,P370472,*c1ccc(Oc2ccc(C(c3ccc(Oc4ccc(-c5nnc(*)c6c(-c7ccccc7)c(-c7ccc8ccccc8c7)c(-c7ccc8ccccc8c7)c(-c7ccccc7)c56)cc4)cc3)(C(F)(F)F)C(F)(F)F)cc2)cc1,291.0,,,,,,,,,
3055,P370473,*c1ccc(Oc2ccc(-c3ccc(Oc4ccc(-c5nnc(*)c6c(-c7ccccc7)c(-c7ccc8ccccc8c7)c(-c7ccc8ccccc8c7)c(-c7ccccc7)c56)cc4)cc3)cc2)cc1,334.0,,,,,,,,,
3056,P370474,*c1ccc(Oc2ccc(C(=O)c3ccc(Oc4ccc(-c5nnc(*)c6c(-c7ccccc7)c(-c7ccc8ccccc8c7)c(-c7ccc8ccccc8c7)c(-c7ccccc7)c56)cc4)cc3)cc2)cc1,312.0,,,,,,,,,
3057,P370475,*c1ccc(Oc2ccc(C3(c4ccc(Oc5ccc(-c6nnc(*)c7c(-c8ccccc8)c(-c8ccc9ccccc9c8)c(-c8ccc9ccccc9c8)c(-c8ccccc8)c67)cc5)cc4)c4ccccc4-c4ccccc43)cc2)cc1,334.0,,,,,,,,,
3058,P370476,*OC(=O)c1ccc(C(=O)OC2COC3C(*)COC23)o1,192.5,,,,,,,,,
3059,P370477,*C(=O)NNC(=O)c1ccc([Si](c2ccccc2)(c2ccccc2)c2ccc(C(=O)NNC(=O)c3ccc(*)o3)cc2)cc1,252.0,,,,,,,,,
3060,P370478,*c1ccc([Si](c2ccccc2)(c2ccccc2)c2ccc(-c3nnc(*)o3)cc2)cc1,262.0,,,,,,,,,
3061,P370479,*c1ccc([Si](c2ccccc2)(c2ccccc2)c2ccc(-c3nnc(-c4ccc(-c5nnc(*)o5)cc4)o3)cc2)cc1,274.0,,,,,,,,,
3062,P370480,*c1ccc([Si](c2ccccc2)(c2ccccc2)c2ccc(-c3nnc(-c4ccc(-c5nnc(*)o5)nc4)o3)cc2)cc1,272.0,,,,,,,,,
3063,P370481,*c1ccc([Si](c2ccccc2)(c2ccccc2)c2ccc(-c3nnc(-c4cccc(-c5nnc(*)o5)n4)o3)cc2)cc1,265.0,,,,,,,,,
3064,P370490,*c1ccc([Si](c2ccccc2)(c2ccccc2)c2ccc(-c3nnc(-c4cncc(-c5nnc(*)o5)c4)o3)cc2)cc1,272.0,,,,,,,,,
3065,P370491,*c1ccc([Si](c2ccccc2)(c2ccccc2)c2ccc(-c3nnc(-c4ccc(-c5nnc(*)o5)o4)o3)cc2)cc1,276.0,,,,,,,,,
3066,P370492,*c1ccc(-c2ccc(-c3nnc(-c4ccc([Si](c5ccccc5)(c5ccccc5)c5ccc(-c6nnc(*)o6)cc5)cc4)o3)cc2)cc1,278.0,,,,,,,,,
3067,P370493,*c1ccc([Si](c2ccccc2)(c2ccccc2)c2ccc(-c3nnc(-c4ccc(-c5nnc(*)o5)c5ccccc45)o3)cc2)cc1,273.0,,,,,,,,,
3068,P370494,*c1ccc(Oc2ccc(C(C)(C)c3ccc(Oc4ccc(-c5nnc(*)c6c(-c7ccc(F)cc7)c(-c7ccc(F)cc7)c(-c7ccc(F)cc7)c(-c7ccc(F)cc7)c56)cc4)cc3)cc2)cc1,282.0,,,,,,,,,
3069,P370495,*Oc1cccc(Oc2ccc(-c3ccc(*)cc3)cc2)c1C#N,210.0,,,,,,,,,
3070,P370496,*CCOCCOCCOCCOC(=O)c1ccc(-c2ccc(C(=O)O*)cc2)cc1,4.0,,,,,,,,,
3071,P370501,*CCCCCOc1ccc(CCc2ccc(O*)cc2C)cc1,15.4,,,,,,,,,
3072,P370502,*CCCCCCCOc1ccc(CCc2ccc(O*)cc2C)cc1,6.5,,,,,,,,,
3073,P370503,*CCCCCCCCCOc1ccc(CCc2ccc(O*)cc2C)cc1,-1.1,,,,,,,,,
3074,P370504,*CCCCCCCCCCCOc1ccc(CCc2ccc(O*)cc2C)cc1,3.9,,,,,,,,,
3075,P370514,*CCCCCCCCCCCCOc1ccc(OCc2ccc(COc3ccc(O*)cc3)cc2)cc1,24.0,,,,,,,,,
3076,P370516,*CCOCCOCCOC(=O)c1ccc(-c2ccc(-c3ccc(C(=O)O*)cc3)cc2)cc1,50.0,,,,,,,,,
3077,P370517,*CCOCCOCCOCCOC(=O)c1ccc(-c2ccc(-c3ccc(C(=O)O*)cc3)cc2)cc1,40.0,,,,,,,,,
3078,P370518,*CCOCCOCCOCCOCCOCCOCCOCCOCCOCCOC(=O)c1ccc(-c2ccc(-c3ccc(C(=O)O*)cc3)cc2)cc1,40.0,,,,,,,,,
3079,P370519,*CCCCOc1ccc(CCc2ccc(O*)cc2C)cc1,24.9,,,,,,,,,
3080,P370520,*CCCCCCOc1ccc(CCc2ccc(O*)cc2C)cc1,17.9,,,,,,,,,
3081,P370521,*CCCCCCCCOc1ccc(CCc2ccc(O*)cc2C)cc1,-12.0,,,,,,,,,
3082,P370522,*CCCCCCCCCCOc1ccc(CCc2ccc(O*)cc2C)cc1,-3.0,,,,,,,,,
3083,P370523,*CCCCCCCCCCCCOc1ccc(CCc2ccc(O*)cc2C)cc1,0.0,,,,,,,,,
3084,P370530,*Oc1cc(C)c(C(c2cc(C(C)C)c(Oc3ccc(C(=O)c4ccc(*)cc4)cc3)cc2C)c2ccccc2C(=O)O)cc1C(C)C,228.0,,,,,,,,,
3085,P370531,*CCOC(=O)Nc1ccc(Cc2ccc(NC(=O)OCCOc3ccc(O*)cc3)cc2)cc1,98.0,,,,,,,,,
3086,P370551,*c1ccc(Oc2ccc(-c3nc4cc(Oc5ccc(NC(=O)c6cc(C(=O)Nc7ccc(Oc8ccc9nc(-c%10ccccc%10)c(*)nc9c8)cc7)cc(N7C(=O)c8ccccc8C7=O)c6)cc5)ccc4nc3-c3ccccc3)cc2)cc1,260.0,,,,,,,,,
3087,P370552,*c1ccc(Oc2ccc(-c3nc4cc(Oc5ccc(NC(=O)c6cc(C(=O)Nc7ccc(Oc8ccc9nc(-c%10ccc([N+](=O)[O-])cc%10)c(*)nc9c8)cc7)cc(N7C(=O)c8ccccc8C7=O)c6)cc5)ccc4nc3-c3ccc([N+](=O)[O-])cc3)cc2)cc1,305.0,,,,,,,,,
3088,P370553,*c1ccc(Oc2ccc(-c3nc4cc(Oc5ccc(NC(=O)c6cc(C(=O)Nc7ccc(Oc8ccc9nc(-c%10ccccc%10)c(*)nc9c8)cc7)cc(N7C(=O)c8c(Cl)c(Cl)c(Cl)c(Cl)c8C7=O)c6)cc5)ccc4nc3-c3ccccc3)cc2)cc1,295.0,,,,,,,,,
3089,P370558,*CCOC(=O)c1ccc(C(=O)OCCOc2ccc(C(C)(C)c3ccc(O*)cc3)cc2)cc1,83.0,,,,,,,,,
3090,P370591,*CC(CC)(CO)CO*,331.9,,,,,,,,,
3091,P370595,*Oc1ccc(C(=O)OCCOCCOC(=O)c2ccc(OC(*)=O)cc2)cc1,51.0,,,,,,,,,
3092,P370596,*Oc1ccc(C(C)(C)c2ccc(Oc3ccc(C(=O)c4cccc(C(=O)c5ccc(*)cc5)c4)cc3)cc2)cc1,153.0,,,,,,,,,
3093,P370597,*Oc1ccc(C(=O)c2cccc(C(=O)c3ccc(Oc4cccc(Cc5cccc(*)c5)c4)cc3)c2)cc1,114.0,,,,,,,,,
3094,P370598,*Oc1ccc(C(=O)c2ccc(C(=O)c3ccc(Oc4cccc(Cc5cccc(*)c5)c4)cc3)cc2)cc1,122.0,,,,,,,,,
3095,P370599,*Oc1ccc(C(=O)c2cccc(C(=O)c3ccc(Oc4ccc(Cc5ccc(*)cc5)cc4)cc3)c2)cc1,145.0,,,,,,,,,
3096,P370600,*Oc1ccc(C(=O)c2ccc(C(=O)c3ccc(Oc4ccc(Cc5ccc(*)cc5)cc4)cc3)cc2)cc1,120.0,,,,,,,,,
3097,P370601,*Oc1ccc(C2(c3ccc(Oc4ccc(C(=O)c5cccc(C(=O)c6ccc(*)cc6)c5)cc4)cc3)c3ccccc3-c3ccccc32)cc1,223.0,,,,,,,,,
3098,P370602,*Oc1ccc(C2(c3ccc(Oc4ccc(C(=O)c5ccc(C(=O)c6ccc(*)cc6)cc5)cc4)cc3)c3ccccc3-c3ccccc32)cc1,243.0,,,,,,,,,
3099,P370603,*Oc1ccc(C2(c3ccc(Oc4ccc(C(=O)c5cccc(C(=O)c6ccc(*)cc6)c5)cc4)c(C)c3)c3ccccc3-c3ccccc32)cc1C,217.0,,,,,,,,,
3100,P370604,*Oc1c(C)cc(C2(c3cc(C)c(Oc4ccc(C(=O)c5cccc(C(=O)c6ccc(*)cc6)c5)cc4)c(C)c3)c3ccccc3-c3ccccc32)cc1C,229.0,,,,,,,,,
3101,P370605,*Oc1ccc(C(C)(C)c2ccc(Oc3ccc(C(=O)c4ccc(Oc5ccc(C(=O)c6ccc(*)cc6)cc5)cc4)cc3)cc2)cc1,162.0,,,,,,,,,
3102,P370607,*CC(CSC)O*,-37.0,,,,,,,,,
3103,P370608,*CC(CSCC)O*,-57.0,,,,,,,,,
3104,P370609,*CC(CSCCC)O*,-61.0,,,,,,,,,
3105,P370610,*CC(CSC(C)C)O*,-44.0,,,,,,,,,
3106,P370611,*CC(CSCCCC)O*,-65.0,,,,,,,,,
3107,P370612,*CC(CSCCCCC)O*,-68.0,,,,,,,,,
3108,P370613,*CC(CS(C)(=O)=O)O*,85.0,,,,,,,,,
3109,P370614,*CC(CS(=O)(=O)CC)O*,57.0,,,,,,,,,
3110,P370615,*CC(CS(=O)(=O)CCC)O*,43.0,,,,,,,,,
3111,P370616,*CC(CS(=O)(=O)C(C)C)O*,64.0,,,,,,,,,
3112,P370617,*CC(CS(=O)(=O)CCCC)O*,37.0,,,,,,,,,
3113,P370618,*CC(CS(=O)(=O)CCCCC)O*,39.0,,,,,,,,,
3114,P370619,*CCOCCC(=O)O*,-35.0,,,,,,,,,
3115,P370620,*Oc1ccc(C(=O)c2ccc(Oc3ccc(C(=O)c4ccc(Oc5cccc(Cc6cccc(*)c6)c5)cc4)cc3)cc2)cc1,123.0,,,,,,,,,
3116,P370621,*Oc1ccc(C(=O)c2ccc(Oc3ccc(C(=O)c4ccc(Oc5ccc(Cc6ccc(*)cc6)cc5)cc4)cc3)cc2)cc1,128.0,,,,,,,,,
3117,P370622,*Oc1ccc(C2(c3ccc(Oc4ccc(C(=O)c5ccc(Oc6ccc(C(=O)c7ccc(*)cc7)cc6)cc5)cc4)cc3)c3ccccc3-c3ccccc32)cc1,231.0,,,,,,,,,
3118,P370623,*Oc1ccc(C2(c3ccc(Oc4ccc(C(=O)c5ccc(*)cc5)cc4)cc3)c3ccccc3-c3ccccc32)cc1,252.0,,,,,,,,,
3119,P370624,*c1ccc(OCCCCOc2ccc(-c3nc4ccc(-c5ccc6nc(*)c(-c7ccccc7)nc6c5)cc4nc3-c3ccccc3)cc2)cc1,240.0,,,,,,,,,
3120,P370625,*c1ccc(Oc2ccc(Oc3ccc(Oc4ccc(-c5nc6ccc(-c7ccc8nc(*)c(-c9ccccc9)nc8c7)cc6nc5-c5ccccc5)cc4)cc3)cc2)cc1,263.0,,,,,,,,,
3121,P370627,*c1ccc(Oc2ccc(-c3cc(-c4ccccc4)c4cc(Oc5ccc6nc(*)c(-c7ccccc7)c(-c7ccccc7)c6c5)ccc4n3)cc2)cc1,305.0,,,,,,,,,
3122,P370628,*c1ccc(Oc2ccc(-c3c(-c4ccccc4)nc4ccc(Oc5ccc6nc(-c7ccccc7)c(*)c(-c7ccccc7)c6c5)cc4c3-c3ccccc3)cc2)cc1,252.5,,,,,,,,,
3123,P370629,*c1ccc(-c2c(-c3ccccc3)nc3ccc(Oc4ccc5nc(-c6ccccc6)c(*)c(-c6ccccc6)c5c4)cc3c2-c2ccccc2)cc1,311.0,,,,,,,,,
3124,P370630,*c1ccc(-c2ccc(-c3c(-c4ccccc4)nc4ccc(Oc5ccc6nc(-c7ccccc7)c(*)c(-c7ccccc7)c6c5)cc4c3-c3ccccc3)cc2)cc1,330.0,,,,,,,,,
3125,P370631,*c1ccc(Oc2ccc(-c3c(-c4ccccc4)nc4ccc(-c5ccc6nc(-c7ccccc7)c(*)c(-c7ccccc7)c6c5)cc4c3-c3ccccc3)cc2)cc1,307.5,,,,,,,,,
3126,P370632,*c1ccc(C2(c3ccc(-c4cc(-c5ccccc5)c5cc(Oc6ccc7nc(*)cc(-c8ccccc8)c7c6)ccc5n4)cc3)c3ccccc3-c3ccccc32)cc1,310.0,,,,,,,,,
3127,P370633,*c1ccc(C2(c3ccc(-c4cc(-c5ccccc5)c5cc(Oc6ccc7nc(*)cc(-c8ccccc8)c7c6)ccc5n4)cc3)c3ccccc3C(=O)c3ccccc32)cc1,340.0,,,,,,,,,
3128,P370634,*c1ccc(Oc2ccc(-c3cc(-c4ccccc4)c4cc(C5(c6ccc7nc(*)cc(-c8ccccc8)c7c6)c6ccccc6-c6ccccc65)ccc4n3)cc2)cc1,315.0,,,,,,,,,
3129,P370635,*c1ccc(Oc2ccc(-c3cc(-c4ccccc4)c4cc(C5(c6ccc7nc(*)cc(-c8ccccc8)c7c6)c6ccccc6C(=O)c6ccccc65)ccc4n3)cc2)cc1,320.0,,,,,,,,,
3130,P370636,*c1ccc(Oc2ccc(-c3cc(-c4ccccc4)c4cc(-c5ccc6nc(*)cc(-c7ccccc7)c6c5)ccc4n3)cc2)cc1,305.0,,,,,,,,,
3131,P370637,*c1ccc(Oc2ccc(-c3nc4ccc(-c5ccc6nc(*)c(-c7ccccc7)c(-c7ccccc7)c6c5)cc4c(-c4ccccc4)c3-c3ccccc3)cc2)cc1,300.0,,,,,,,,,
3132,P370638,*c1ccc(-c2ccc(-c3ccc(-c4cc(-c5ccccc5)c5cc(Oc6ccc7nc(*)cc(-c8ccccc8)c7c6)ccc5n4)cc3)cc2)cc1,300.0,,,,,,,,,
3133,P370639,*c1ccc(-c2ccc(-c3ccc(-c4ccc(-c5cc(-c6ccccc6)c6cc(Oc7ccc8nc(*)cc(-c9ccccc9)c8c7)ccc6n5)cc4)cc3)cc2)cc1,310.0,,,,,,,,,
3134,P370640,*CC(CO*)(CSC)CSC,-6.0,,,,,,,,,
3135,P370641,*CC(CO*)(CSCC)CSCC,-32.0,,,,,,,,,
3136,P370642,*CC(CO*)(CSC(C)C)CSC(C)C,-9.0,,,,,,,,,
3137,P370645,*CC(CO*)(CSCCCCC)CSCCCCC,-33.0,,,,,,,,,
3138,P370646,*CC(CO*)(CS(C)(=O)=O)CS(C)(=O)=O,126.0,,,,,,,,,
3139,P370647,*CC(CO*)(CS(=O)(=O)CC)CS(=O)(=O)CC,84.0,,,,,,,,,
3140,P370648,*CC(CO*)(CS(=O)(=O)C(C)C)CS(=O)(=O)C(C)C,91.0,,,,,,,,,
3141,P370649,*CC(CO*)(CS(=O)(=O)CCC)CS(=O)(=O)CCC,71.0,,,,,,,,,
3142,P370650,*CC(CO*)(CS(=O)(=O)CCCC)CS(=O)(=O)CCCC,66.0,,,,,,,,,
3143,P370651,*CC(CO*)(CS(=O)(=O)CCCCC)CS(=O)(=O)CCCCC,56.0,,,,,,,,,
3144,P370652,*COC(=O)OCC1OC(C)(C)OC1*,51.3,,,,,,,,,
3145,P370653,*COC(=O)OCC1OC(OCC)OC1*,23.5,,,,,,,,,
3146,P370654,*COC(=O)OCC1OC(OCC)(OCC)OC1*,10.8,,,,,,,,,
3147,P370656,*CC1(*)OCC(c2ccccc2)O1,75.0,,,,,,,,,
3148,P370657,*CCOC(=O)CC(C)O*,-37.1,,,,,,,,,
3149,P370659,*CCCCCCCCCCCCOc1ccc(C(C)Cc2ccc(-c3ccc(O*)cc3)cc2)cc1,40.0,,,,,,,,,
3150,P370662,*Oc1cccc(C(=O)c2ccc(Oc3ccc(C(=O)c4ccc(*)cc4)cc3)cc2)c1,146.0,,,,,,,,,
3151,P370676,*Oc1ccc(Oc2ccc(C(=O)c3ccc(Oc4ccc(Oc5cccc(*)n5)cc4)cc3)cc2)cc1,124.0,,,,,,,,,
3152,P370677,*Oc1ccc(Oc2ccc(/C(=N\c3ccccc3)c3ccc(Oc4ccc(Oc5cccc(*)n5)cc4)cc3)cc2)cc1,135.0,,,,,,,,,
3153,P370678,*Oc1ccc(Oc2ccc(S(=O)c3ccc(Oc4ccc(Oc5cccc(*)n5)cc4)cc3)cc2)cc1,138.0,,,,,,,,,
3154,P370679,*Oc1ccc(Oc2ccc(S(=O)(=O)c3ccc(Oc4ccc(Oc5cccc(*)n5)cc4)cc3)cc2)cc1,158.0,,,,,,,,,
3155,P370680,*Oc1ccc(Oc2ccc(P(=O)(c3ccccc3)c3ccc(Oc4ccc(Oc5cccc(*)n5)cc4)cc3)cc2)cc1,164.0,,,,,,,,,
3156,P370683,*Oc1ccc(S(=O)(=O)c2ccc(Oc3ccc(C(C)(C)c4ccc(*)cc4)cc3)cc2N)c(N)c1,210.5,,,,,,,,,
3157,P370684,*Oc1ccc(S(=O)(=O)c2ccc(Oc3ccc(-c4ccc(*)cc4)cc3)cc2N)c(N)c1,242.2,,,,,,,,,
3158,P370685,*Oc1ccc(S(=O)(=O)c2ccc(Oc3ccc(C(C)(C)c4ccc(*)cc4)cc3)cc2)c(N)c1,202.0,,,,,,,,,
3159,P370686,*Oc1ccc(S(=O)(=O)c2ccc(Oc3ccc(C(C)(C)c4ccc(*)c(N)c4)cc3N)cc2)cc1,230.4,,,,,,,,,
3160,P370687,*Oc1ccc(S(=O)(=O)c2ccc(Oc3ccc(C(C)(C)c4ccc(*)c(N)c4)cc3N)cc2)c(N)c1,237.1,,,,,,,,,
3161,P370688,*Oc1ccc(P(C)(=O)c2ccc(Oc3ccc(C(C)(C)c4ccc(*)cc4)cc3)cc2)cc1,192.0,,,,,,,,,
3162,P370689,*c1ccc(Oc2ccc(P(C)(=O)c3ccc(Oc4ccc(C5(*)OC(=O)c6ccccc65)cc4)cc3)cc2)cc1,263.0,,,,,,,,,
3163,P370690,*Oc1ccc(P(C)(=O)c2ccc(Oc3ccc(C(c4ccccc4)(c4ccc(*)cc4)C(F)(F)F)cc3)cc2)cc1,229.0,,,,,,,,,
3164,P370691,*Oc1ccc(P(C)(=O)c2ccc(Oc3ccc(C(c4ccc(*)cc4)(C(F)(F)F)C(F)(F)F)cc3)cc2)cc1,208.0,,,,,,,,,
3165,P370704,*Oc1ccc(Oc2ccc(P(C)(=O)c3ccc(*)cc3)cc2)cc1,213.0,,,,,,,,,
3166,P370705,*Oc1ccc(S(=O)(=O)c2ccc(Oc3ccc(P(C)(=O)c4ccc(*)cc4)cc3)cc2)cc1,233.0,,,,,,,,,
3167,P370706,*Oc1ccc(S(=O)(=O)c2ccc(Oc3ccc(P(=O)(c4ccccc4)c4ccc(*)cc4)cc3)cc2)cc1,231.0,,,,,,,,,
3168,P370707,*CCCCCCCCCCOc1ccc(/N=C/c2ccc(/C=N/c3ccc(O*)cc3C)cc2)c(C)c1,77.6,,,,,,,,,
3169,P370708,*Oc1ccc(/C=N/N=C/c2ccc(Oc3ccc(C(C)(C)c4ccc(*)cc4)cc3)cc2)cc1,163.0,,,,,,,,,
3170,P370709,*Oc1ccc(/C=N/N=C/c2ccc(Oc3ccc(C(c4ccc(*)cc4)(C(F)(F)F)C(F)(F)F)cc3)cc2)cc1,162.0,,,,,,,,,
3171,P370710,*Oc1ccc(C2(c3ccc(Oc4ccc(/C=N/N=C/c5ccc(*)cc5)cc4)cc3)c3ccccc3-c3ccccc32)cc1,227.0,,,,,,,,,
3172,P370711,*Oc1ccc(/C=N/N=C/c2ccc(Oc3ccc(C(=O)c4ccc(*)cc4)cc3)cc2)cc1,179.0,,,,,,,,,
3173,P370712,*Oc1ccc(S(=O)c2ccc(Oc3ccc(/C=N/N=C/c4ccc(*)cc4)cc3)cc2)cc1,151.0,,,,,,,,,
3174,P370715,*Oc1ccc(P(=O)(c2ccccc2)c2ccc(Oc3ccc(C(C)(C)c4ccc(*)cc4)cc3)cc2)cc1,199.0,,,,,,,,,
3175,P370719,*c1ccc(C(c2ccc(-c3nc4ccc(-c5ccc6nc(*)oc6c5)cc4o3)cc2)(C(F)(F)F)C(F)(F)F)cc1,345.0,,,,,,,,,
3176,P370720,*c1ccc(C(c2ccccc2)(c2ccc(-c3nc4ccc(-c5ccc6nc(*)oc6c5)cc4o3)cc2)C(F)(F)F)cc1,350.0,,,,,,,,,
3177,P370722,*c1ccc2oc(-c3ccc4oc5ccc(-c6nc7cc(C(*)(C(F)(F)F)C(F)(F)F)ccc7o6)cc5c4c3)nc2c1,195.0,,,,,,,,,
3178,P370726,*=Nc1cccc(S(=O)(=O)c2cccc(/N=C3/OC(=O)c4ccc(Oc5ccc6c(c5)C(=O)OC6=*)cc43)c2)c1,190.0,,,,,,,,,
3179,P370728,*c1ccc(Oc2ccc(C(C)(C)c3ccc(Oc4ccc(-c5nnc(*)n5-c5ccccc5)cc4)cc3)cc2)cc1,207.0,,,,,,,,,
3180,P370729,*c1ccc(Oc2ccc(C(c3ccc(Oc4ccc(-c5nnc(*)n5-c5ccccc5)cc4)cc3)(C(F)(F)F)C(F)(F)F)cc2)cc1,203.0,,,,,,,,,
3181,P370730,*c1ccc(Oc2ccc(C(C)(C)c3ccc(Oc4ccc(-c5nnc(*)n5-c5cccc(C(F)(F)F)c5)cc4)cc3)cc2)cc1,190.0,,,,,,,,,
3182,P370731,*c1ccc(Oc2ccc(C(c3ccc(Oc4ccc(-c5nnc(*)n5-c5cccc(C(F)(F)F)c5)cc4)cc3)(C(F)(F)F)C(F)(F)F)cc2)cc1,185.0,,,,,,,,,
3183,P370732,*c1ccc(Oc2ccc(C(C)(C)c3ccc(Oc4ccc(-c5nnc(*)n5-c5ccc(C)cc5)cc4)cc3)cc2)cc1,205.0,,,,,,,,,
3184,P370733,*c1ccc(Oc2ccc(C(C)(C)c3ccc(Oc4ccc(-c5nnc(*)n5-c5ccc(S(C)(=O)=O)cc5)cc4)cc3)cc2)cc1,230.0,,,,,,,,,
3185,P370734,*c1ccc(Oc2ccc(C(C)(C)c3ccc(Oc4ccc(-c5nnc(*)n5-c5ccc(S(=O)(=O)c6ccccc6)cc5)cc4)cc3)cc2)cc1,198.0,,,,,,,,,
3186,P370735,*Oc1ccc(C(C)(C)c2ccc(Oc3ccc(C(=O)C(=O)c4ccc(*)cc4)cc3)cc2)cc1,152.0,,,,,,,,,
3187,P370736,*c1ccc(Oc2ccc(C(C)(C)c3ccc(Oc4ccc(-c5nc(-c6ccccn6)nnc5*)cc4)cc3)cc2)cc1,220.0,,,,,,,,,
3188,P370737,*c1ccc(Oc2ccc(C(c3ccc(Oc4ccc(-c5nnc(*)n5-c5ccc(C)cc5)cc4)cc3)(C(F)(F)F)C(F)(F)F)cc2)cc1,213.0,,,,,,,,,
3189,P370738,*c1ccc(Oc2ccc(C(c3ccc(Oc4ccc(-c5nnc(*)n5-c5ccc(S(C)(=O)=O)cc5)cc4)cc3)(C(F)(F)F)C(F)(F)F)cc2)cc1,226.0,,,,,,,,,
3190,P370739,*c1ccc(Oc2ccc(C(c3ccc(Oc4ccc(-c5nnc(*)n5-c5ccc(S(=O)(=O)c6ccccc6)cc5)cc4)cc3)(C(F)(F)F)C(F)(F)F)cc2)cc1,211.0,,,,,,,,,
3191,P370740,*Oc1ccc(C(c2ccc(Oc3ccc(C(=O)C(=O)c4ccc(*)cc4)cc3)cc2)(C(F)(F)F)C(F)(F)F)cc1,162.0,,,,,,,,,
3192,P370741,*c1ccc(Oc2ccc(C(c3ccc(Oc4ccc(-c5nc(-c6ccccn6)nnc5*)cc4)cc3)(C(F)(F)F)C(F)(F)F)cc2)cc1,224.0,,,,,,,,,
3193,P370742,*c1ccc(Oc2ccc(C(C)(c3ccccc3)c3ccc(Oc4ccc(-c5nc(-c6ccccn6)nnc5*)cc4)cc3)cc2)cc1,232.0,,,,,,,,,
3194,P370743,*Oc1ccc(C(C)(c2ccccc2)c2ccc(Oc3ccc(C(=O)C(=O)c4ccc(*)cc4)cc3)cc2)cc1,177.0,,,,,,,,,
3195,P370744,*Oc1ccc(C2(c3ccc(Oc4ccc(C(=O)C(=O)c5ccc(*)cc5)cc4)cc3)c3ccccc3-c3ccccc32)cc1,242.0,,,,,,,,,
3196,P370745,*c1ccc(Oc2ccc(C3(c4ccc(Oc5ccc(-c6nc(-c7ccccn7)nnc6*)cc5)cc4)c4ccccc4-c4ccccc43)cc2)cc1,277.0,,,,,,,,,
3197,P370746,*c1ccc(Oc2ccc(-c3ccc(Oc4ccc(-c5nc(-c6ccccn6)nnc5*)cc4)cc3)cc2)cc1,230.0,,,,,,,,,
3198,P370747,*c1ccc(Oc2ccc(C(=O)c3ccc(Oc4ccc(-c5nc(-c6ccccn6)nnc5*)cc4)cc3)cc2)cc1,223.0,,,,,,,,,
3199,P370748,*c1ccc(Oc2ccc(S(=O)(=O)c3ccc(Oc4ccc(-c5nc(-c6ccccn6)nnc5*)cc4)cc3)cc2)cc1,265.0,,,,,,,,,
3200,P370749,*c1ccc(Oc2ccc(C(=O)c3cccc(C(=O)c4ccc(Oc5ccc(-c6nc(-c7ccccn7)nnc6*)cc5)cc4)c3)cc2)cc1,202.0,,,,,,,,,
3201,P370752,*CC(O)COc1ccc(C(C)(C)c2ccc(OCC(O)COc3cccc(O*)c3)cc2)cc1,83.0,,,,,,,,,
3202,P370753,*CC(O)COc1ccc(S(=O)(=O)c2ccc(OCC(O)COc3cccc(O*)c3)cc2)cc1,105.0,,,,,,,,,
3203,P370754,*CC(O)COc1cccc(O*)c1,65.0,,,,,,,,,
3204,P370755,*CC(O)COc1ccc(C(C)(C)c2ccc(OCC(O)COc3ccc(C4(c5ccc(O*)cc5)c5ccccc5-c5ccccc54)cc3)cc2)cc1,161.0,,,,,,,,,
3205,P370756,*CC(O)COC(=O)c1cccc(C(=O)OCC(O)COc2ccc(C(C)(C)c3ccc(O*)cc3)cc2)c1,97.0,,,,,,,,,
3206,P370757,*CC(O)CN(CCO)CC(O)COc1ccc(C(C)(C)c2ccc(O*)cc2)cc1,87.1,,,,,,,,,
3207,P370758,*CC(O)COc1ccc(C(C)(C)c2ccc(OCC(O)CN3CCN(*)CC3)cc2)cc1,100.0,,,,,,,,,
3208,P370759,*C(=O)c1ccc(Oc2ccc(C(C)(C)c3ccc(Oc4ccc(*)s4)cc3)cc2)s1,124.0,,,,,,,,,
3209,P370760,*C(=O)c1ccc(C(=O)c2ccc(Oc3ccc(C(C)(C)c4ccc(Oc5ccc(*)s5)cc4)cc3)s2)cc1,154.0,,,,,,,,,
3210,P370761,*C(=O)c1ccc(Oc2ccc(C(C)(C)c3ccc(Oc4ccc(*)s4)cc3)cc2)cc1,151.0,,,,,,,,,
3211,P370763,*C(=O)c1ccc(Oc2ccc(C3(c4ccc(Oc5ccc(*)s5)cc4)c4ccccc4-c4ccccc43)cc2)cc1,195.0,,,,,,,,,
3212,P370765,*Oc1ccc(S(=O)(=O)c2ccc(Oc3ccc(C(C)(C)c4ccc(*)cc4)cc3[N+](=O)[O-])cc2)cc1,190.0,,,,,,,,,
3213,P370766,*Oc1ccc(S(=O)(=O)c2ccc(Oc3ccc(C(C)(C)c4ccc(*)cc4)cc3)c([N+](=O)[O-])c2)cc1[N+](=O)[O-],206.0,,,,,,,,,
3214,P370767,*Oc1ccc(S(=O)(=O)c2ccc(Oc3ccc(C4(c5ccc(*)c(C)c5)CCCCC4)cc3C)cc2)cc1,197.0,,,,,,,,,
3215,P370768,*Oc1ccc(S(=O)(=O)c2ccc(Oc3c(C)cc(Cc4cc(C)c(*)c(C)c4)cc3C)cc2)cc1,232.0,,,,,,,,,
3216,P370769,*Oc1ccc(S(=O)(=O)c2ccc(Oc3c(C)cc(C(c4cc(C)c(*)c(C)c4)(C(F)(F)F)C(F)(F)F)cc3C)cc2)cc1,248.0,,,,,,,,,
3217,P370770,*COc1ccc(C(=C(Cl)Cl)c2ccc(O*)cc2)cc1,108.0,,,,,,,,,
3218,P370771,*OC(=O)c1ccc(C2(C)CC(C)(C)c3ccc(C(=O)Oc4ccc5c(c4)Oc4cc(*)ccc4C5(C)C)cc32)cc1,297.0,,,,,,,,,
3219,P370772,*Oc1ccc(S(=O)(=O)c2ccc(Oc3ccc(C(=C)c4ccc(*)cc4)cc3)cc2)cc1,167.0,,,,,,,,,
3220,P370773,*Oc1ccc(S(=O)(=O)c2ccc(Oc3ccc(/C=C/c4ccc(*)cc4)cc3)cc2)cc1,234.5,,,,,,,,,
3221,P370780,*Oc1ccc(NC(=C(C#N)C#N)c2ccc(-c3ccc(C(Nc4ccc(*)cc4)=C(C#N)C#N)cc3)cc2)cc1,220.0,,,,,,,,,
3222,P370782,*Oc1ccc(NC(=C(C#N)C#N)c2ccc(-c3ccc(-c4ccc(C(Nc5ccc(*)cc5)=C(C#N)C#N)cc4)cc3)cc2)cc1,240.0,,,,,,,,,
3223,P370791,*Oc1ccc(C(C)(C)c2ccc(Oc3ccc(C(=O)c4ccc(C(C)(C)c5ccc(C(=O)c6ccc(*)cc6)cc5)cc4)cc3)cc2)cc1,171.0,,,,,,,,,
3224,P370792,*Oc1ccc(C(c2ccc(Oc3ccc(C(=O)c4ccc(C(C)(C)c5ccc(C(=O)c6ccc(*)cc6)cc5)cc4)cc3)cc2)(C(F)(F)F)C(F)(F)F)cc1,179.0,,,,,,,,,
3225,P370793,*Oc1ccc(C(C)(C)c2ccc(Oc3ccc(C(=O)c4ccc(C(c5ccc(C(=O)c6ccc(*)cc6)cc5)(C(F)(F)F)C(F)(F)F)cc4)cc3)cc2)cc1,181.0,,,,,,,,,
3226,P370794,*Oc1ccc(C(c2ccc(Oc3ccc(C(=O)c4ccc(C(c5ccc(C(=O)c6ccc(*)cc6)cc5)(C(F)(F)F)C(F)(F)F)cc4)cc3)cc2)(C(F)(F)F)C(F)(F)F)cc1,185.0,,,,,,,,,
3227,P370795,*c1ccc(Oc2ccc(S(=O)(=O)c3ccc(Oc4ccc(-c5nc(-c6ccc(-c7nc(*)c(-c8ccccc8)[nH]7)cc6)[nH]c5-c5ccccc5)cc4)cc3)cc2)cc1,301.0,,,,,,,,,
3228,P370796,*c1ccc(Oc2ccc(C(=O)c3ccc4cc(C(=O)c5ccc(Oc6ccc(-c7nc(-c8ccc(-c9nc(*)c(-c%10ccccc%10)[nH]9)cc8)[nH]c7-c7ccccc7)cc6)cc5)ccc4c3)cc2)cc1,281.0,,,,,,,,,
3229,P370797,*c1ccc(Oc2ccc(C(=O)c3ccc(C(=O)c4ccc(Oc5ccc(-c6nc(-c7ccc(-c8nc(*)c(-c9ccccc9)[nH]8)cc7)[nH]c6-c6ccccc6)cc5)cc4)cc3)cc2)cc1,278.0,,,,,,,,,
3230,P370798,*c1ccc(Oc2ccc(C(=O)c3ccc(Oc4ccc(-c5nc(-c6ccc(-c7nc(*)c(-c8ccccc8)[nH]7)cc6)[nH]c5-c5ccccc5)cc4)cc3)cc2)cc1,276.0,,,,,,,,,
3231,P370799,*c1ccc(Oc2ccc(C(=O)c3ccc(-c4ccc(C(=O)c5ccc(Oc6ccc(-c7nc(-c8ccc(-c9nc(*)c(-c%10ccccc%10)[nH]9)cc8)[nH]c7-c7ccccc7)cc6)cc5)cc4)cc3)cc2)cc1,273.0,,,,,,,,,
3232,P370800,*c1ccc(Oc2ccc(C(=O)c3cccc(C(=O)c4ccc(Oc5ccc(-c6nc(-c7ccc(-c8nc(*)c(-c9ccccc9)[nH]8)cc7)[nH]c6-c6ccccc6)cc5)cc4)c3)cc2)cc1,270.0,,,,,,,,,
3233,P370801,*c1ccc(Oc2ccc(C(=O)c3ccc(Oc4ccc(C(=O)c5ccc(Oc6ccc(-c7nc(-c8ccc(-c9nc(*)c(-c%10ccccc%10)[nH]9)cc8)[nH]c7-c7ccccc7)cc6)cc5)cc4)cc3)cc2)cc1,245.0,,,,,,,,,
3234,P370802,*c1ccc(Oc2ccc(S(=O)(=O)c3ccc(Oc4ccc(-c5nc(-c6cccc(-c7nc(*)c(-c8ccccc8)[nH]7)c6)[nH]c5-c5ccccc5)cc4)cc3)cc2)cc1,292.0,,,,,,,,,
3235,P370803,*c1ccc(Oc2ccc(C(=O)c3ccc(Oc4ccc(-c5nc(-c6cccc(-c7nc(*)c(-c8ccccc8)[nH]7)c6)[nH]c5-c5ccccc5)cc4)cc3)cc2)cc1,282.0,,,,,,,,,
3236,P370804,*c1ccc(Oc2ccc(C(=O)c3ccc(-c4ccc(C(=O)c5ccc(Oc6ccc(-c7nc(-c8cccc(-c9nc(*)c(-c%10ccccc%10)[nH]9)c8)[nH]c7-c7ccccc7)cc6)cc5)cc4)cc3)cc2)cc1,276.0,,,,,,,,,
3237,P370805,*c1ccc(Oc2ccc(C(=O)c3ccc(C(=O)c4ccc(Oc5ccc(-c6nc(-c7cccc(-c8nc(*)c(-c9ccccc9)[nH]8)c7)[nH]c6-c6ccccc6)cc5)cc4)cc3)cc2)cc1,262.0,,,,,,,,,
3238,P370806,*c1ccc(Oc2ccc(C(=O)c3cccc(C(=O)c4ccc(Oc5ccc(-c6nc(-c7cccc(-c8nc(*)c(-c9ccccc9)[nH]8)c7)[nH]c6-c6ccccc6)cc5)cc4)c3)cc2)cc1,256.5,,,,,,,,,
3239,P370807,*c1ccc2oc(-c3cccc(-c4nc5cc(C(*)(C(F)(F)F)C(F)(F)F)ccc5o4)n3)nc2c1,329.0,,,,,,,,,
3240,P370808,*c1ccc2oc(-c3ccc(-c4nc5cc(C(*)(C(F)(F)F)C(F)(F)F)ccc5o4)cn3)nc2c1,352.0,,,,,,,,,
3241,P370809,*c1ccc2oc(-c3cc(OCCCCCCCCCC)c(-c4nc5cc(C(*)(C(F)(F)F)C(F)(F)F)ccc5o4)cc3OCCCCCCCCCC)nc2c1,94.0,,,,,,,,,
3242,P370810,*Oc1cccc(Oc2cccc(*)n2)c1,82.0,,,,,,,,,
3243,P370811,*Oc1ccc(Oc2cccc(*)n2)c(-c2ccccc2)c1,115.0,,,,,,,,,
3244,P370812,*Oc1ccc(C(C)(C)c2ccc(Oc3cccc(*)n3)cc2)cc1,107.0,,,,,,,,,
3245,P370824,*C[Ge](C)(C)Cc1cocc1*,-28.0,,,,,,,,,
3246,P370825,*CC(=C)COCC(=C)COC(=O)O*,70.5,,,,,,,,,
3247,P370827,*Oc1ccc(OC(=O)c2ccc(OCCCCCCOc3ccc(C(*)=O)cc3)cc2)cc1/N=N/c1ccc(C#N)cc1,98.0,,,,,,,,,
3248,P370828,*CC(CN1C(=O)C2C3C=CC(C3)C2C1=O)O*,87.5,,,,,,,,,
3249,P370829,*CC(COC(=O)CCCCCN1C(=O)C2C3C=CC(C3)C2C1=O)O*,1.0,,,,,,,,,
3250,P370830,*CC(COC(=O)CCCCCCCCCCN1C(=O)C2C3C=CC(C3)C2C1=O)O*,-31.0,,,,,,,,,
3251,P370831,*CC(COC(=O)c1ccc(N2C(=O)C3C4C=CC(C4)C3C2=O)cc1)O*,62.5,,,,,,,,,
3252,P370832,*c1ccc(Oc2ccc(C(=O)c3cccc(-c4cccc(C(=O)c5ccc(Oc6ccc(-c7nc(-c8cccc(-c9nc(*)c(-c%10ccccc%10)[nH]9)c8)[nH]c7-c7ccccc7)cc6)cc5)c4)c3)cc2)cc1,250.0,,,,,,,,,
3253,P370834,*c1ccc(Oc2ccc(P(=O)(c3ccccc3)c3ccc(Oc4ccc(-c5nc(-c6ccccc6)[nH]c5*)cc4)cc3)cc2)cc1,318.0,,,,,,,,,
3254,P370835,*c1ccc(Oc2ccc(S(=O)(=O)c3ccc(Oc4ccc(-c5nc(-c6ccccc6)[nH]c5*)cc4)cc3)cc2)cc1,277.0,,,,,,,,,
3255,P370836,*c1ccc(Oc2ccc(C(=O)c3ccc(Oc4ccc(-c5nc(-c6ccccc6)[nH]c5*)cc4)cc3)cc2)cc1,259.0,,,,,,,,,
3256,P370837,*c1ccc(Oc2ccc(C(=O)c3ccc(C(=O)c4ccc(Oc5ccc(-c6nc(-c7ccccc7)[nH]c6*)cc5)cc4)cc3)cc2)cc1,248.0,,,,,,,,,
3257,P370838,*c1ccc(Oc2ccc(C(=O)c3cccc(C(=O)c4ccc(Oc5ccc(-c6nc(-c7ccccc7)[nH]c6*)cc5)cc4)c3)cc2)cc1,230.0,,,,,,,,,
3258,P370839,*c1ccc(Oc2ccc(C(=O)c3ccc(-c4ccc(C(=O)c5ccc(Oc6ccc(-c7nc(-c8ccccc8)[nH]c7*)cc6)cc5)cc4)cc3)cc2)cc1,258.0,,,,,,,,,
3259,P370840,*c1ccc(Oc2ccc(C(=O)c3ccc(C(=O)c4ccc(C(=O)c5ccc(Oc6ccc(-c7nc(-c8ccccc8)[nH]c7*)cc6)cc5)cc4)cc3)cc2)cc1,239.0,,,,,,,,,
3260,P370841,*c1ccc(Oc2ccc(C(=O)c3ccc(Cc4ccc(C(=O)c5ccc(Oc6ccc(-c7nc(-c8ccccc8)[nH]c7*)cc6)cc5)cc4)cc3)cc2)cc1,231.0,,,,,,,,,
3261,P370842,*c1ccc(Oc2ccc(C(=O)c3ccc(Oc4ccc(C(=O)c5ccc(Oc6ccc(-c7nc(-c8ccccc8)[nH]c7*)cc6)cc5)cc4)cc3)cc2)cc1,230.0,,,,,,,,,
3262,P370843,*c1ccc(Oc2ccc(C(=O)c3ccc4cc(C(=O)c5ccc(Oc6ccc(-c7nc(-c8ccccc8)[nH]c7*)cc6)cc5)ccc4c3)cc2)cc1,248.0,,,,,,,,,
3263,P370846,*Oc1ccc(Oc2cccc(*)n2)cc1,100.0,,,,,,,,,
3264,P370847,*Oc1ccc(-c2ccc(Oc3cccc(*)n3)cc2)cc1,119.0,,,,,,,,,
3265,P370848,*Oc1ccc(Oc2cccc(*)n2)c(C)c1,89.0,,,,,,,,,
3266,P370853,*CC(O)CN(Cc1ccccc1)CC(O)COc1ccc(C(C)(C)c2ccc(O*)cc2)cc1,94.25,,,,,,,,,
3267,P372002,*CC(COc1ccc(-c2ccc(C#N)cc2)cc1)O*,94.15,,,,,,,,,
3268,P372003,*CC(COc1ccc(-c2ccc(OC)cc2)cc1)O*,111.0,,,,,,,,,
3269,P372004,*CC(C)(CO*)COCC(F)(F)F,-41.0,,,,,,,,,
3270,P372005,*CC(C)(CO*)COCC(F)(F)C(F)(F)C(F)(F)F,-45.0,,,,,,,,,
3271,P372006,*CC(C)(CO*)COCC(F)(F)C(F)(F)C(F)(F)C(F)(F)C(F)(F)C(F)(F)C(F)(F)F,-49.0,,,,,,,,,
3272,P372013,*OC1C(COC(C)=O)OC(*)C(OC(C)=O)C1OC(C)=O,178.0,,,,,,,,,
3273,P372016,*OP(=O)(Oc1ccccc1)Oc1c(Br)cc(C(c2cc(Br)c(*)c(Br)c2)(C(F)(F)F)C(F)(F)F)cc1Br,140.0,,,,,,,,,
3274,P372017,*OP(=O)(Oc1ccc(C)cc1)Oc1c(Br)cc(C(c2cc(Br)c(*)c(Br)c2)(C(F)(F)F)C(F)(F)F)cc1Br,146.0,,,,,,,,,
3275,P372018,*OP(=O)(Oc1ccc([N+](=O)[O-])cc1)Oc1c(Br)cc(C(c2cc(Br)c(*)c(Br)c2)(C(F)(F)F)C(F)(F)F)cc1Br,154.0,,,,,,,,,
3276,P372019,*OP(=O)(Oc1ccc(Br)cc1)Oc1c(Br)cc(C(c2cc(Br)c(*)c(Br)c2)(C(F)(F)F)C(F)(F)F)cc1Br,152.0,,,,,,,,,
3277,P372020,*OP(=O)(Oc1ccc(OC)cc1)Oc1c(Br)cc(C(c2cc(Br)c(*)c(Br)c2)(C(F)(F)F)C(F)(F)F)cc1Br,151.0,,,,,,,,,
3278,P372021,*Oc1ccc(P(C)(=O)c2ccc(*)cc2)cc1,238.0,,,,,,,,,
3279,P372022,*Oc1ccc(P(C)(=O)c2ccc(Oc3ccc(P(=O)(c4ccccc4)c4ccc(*)cc4)cc3)cc2)cc1,238.0,,,,,,,,,
3280,P372023,*Oc1ccc(P(=O)(c2ccccc2)c2ccc(*)cc2)cc1,240.0,,,,,,,,,
3281,P372025,*Oc1ccc(N[Se]Nc2ccc(*)cc2)cc1,55.0,,,,,,,,,
3282,P372026,*Oc1ccc(S(=O)(=O)c2ccc(Oc3ccc(C45CC6CC(CC(c7ccc(*)cc7)(C6)C4)C5)cc3)cc2)cc1,242.0,,,,,,,,,
3283,P372027,*Oc1ccc(S(=O)(=O)c2ccc(Oc3ccc(C4(c5ccc(*)cc5)C5CC6CC(C5)CC4C6)cc3)cc2)cc1,297.0,,,,,,,,,
3284,P372028,*Oc1ccc(S(=O)(=O)c2ccc(Oc3ccc(/C=N/N=C/c4ccc(*)cc4)cc3)cc2)cc1,151.0,,,,,,,,,
3285,P372029,*Oc1ccc(-c2ccc(Oc3ccc(/C(=N/c4ccc(/N=C(\c5ccccc5)c5ccc(*)cc5)cc4)c4ccccc4)cc3)cc2)cc1,195.0,,,,,,,,,
3286,P372030,*Oc1ccc(Oc2ccc(/C(=N/c3ccc(/N=C(\c4ccccc4)c4ccc(*)cc4)cc3)c3ccccc3)cc2)cc1,176.0,,,,,,,,,
3287,P372031,*Oc1ccc(/C(=N/c2ccc(/N=C(\c3ccccc3)c3ccc(Oc4ccc(C(C)(C)c5ccc(*)cc5)cc4)cc3)cc2)c2ccccc2)cc1,161.0,,,,,,,,,
3288,P372032,*Oc1ccc2ccc(Oc3ccc(/C(=N/c4ccc(/N=C(\c5ccccc5)c5ccc(*)cc5)cc4)c4ccccc4)cc3)cc2c1,171.0,,,,,,,,,
3289,P372033,*Oc1ccc(/C(=N/c2ccc(/N=C(\c3ccccc3)c3ccc(Oc4ccc(C(c5ccccc5)(c5ccccc5)c5ccc(*)cc5)cc4)cc3)cc2)c2ccccc2)cc1,198.0,,,,,,,,,
3290,P372034,*Oc1ccc(/N=C(\c2ccccc2)c2ccc(Oc3ccc(-c4ccc(Oc5ccc(/C(=N/c6ccc(*)cc6)c6ccccc6)cc5)cc4)cc3)cc2)cc1,174.0,,,,,,,,,
3291,P372035,*Oc1ccc(Oc2ccc(/C(=N/c3ccc(Oc4ccc(/N=C(\c5ccccc5)c5ccc(*)cc5)cc4)cc3)c3ccccc3)cc2)cc1,162.0,,,,,,,,,
3292,P372036,*Oc1ccc(/N=C(\c2ccccc2)c2ccc(Oc3ccc(C(C)(C)c4ccc(Oc5ccc(/C(=N/c6ccc(*)cc6)c6ccccc6)cc5)cc4)cc3)cc2)cc1,155.0,,,,,,,,,
3293,P372037,*Oc1ccc2ccc(Oc3ccc(/C(=N/c4ccc(Oc5ccc(/N=C(\c6ccccc6)c6ccc(*)cc6)cc5)cc4)c4ccccc4)cc3)cc2c1,165.0,,,,,,,,,
3294,P372038,*Oc1ccc(/N=C(\c2ccccc2)c2ccc(Oc3ccc(C(c4ccccc4)(c4ccccc4)c4ccc(Oc5ccc(/C(=N/c6ccc(*)cc6)c6ccccc6)cc5)cc4)cc3)cc2)cc1,177.0,,,,,,,,,
3295,P372039,*Oc1ccc(/C(C)=N/c2ccc(/N=C(\C)c3ccc(Oc4ccc(C(C)(C)c5ccc(*)cc5)cc4)cc3)cc2)cc1,161.0,,,,,,,,,
3296,P372040,*Oc1ccc(/C(C)=N/c2ccc(/N=C(\C)c3ccc(Oc4ccc(C(c5ccccc5)(c5ccccc5)c5ccc(*)cc5)cc4)cc3)cc2)cc1,178.0,,,,,,,,,
3297,P372041,*Oc1ccc(/N=C(\C)c2ccc(Oc3ccc(C(C)(C)c4ccc(Oc5ccc(/C(C)=N/c6ccc(*)cc6)cc5)cc4)cc3)cc2)cc1,141.0,,,,,,,,,
3298,P372042,*Oc1ccc(/N=C(\C)c2ccc(Oc3ccc(C(c4ccccc4)(c4ccccc4)c4ccc(Oc5ccc(/C(C)=N/c6ccc(*)cc6)cc5)cc4)cc3)cc2)cc1,150.0,,,,,,,,,
3299,P372043,*Oc1ccc(/C=N/c2ccc(/N=C/c3ccc(Oc4ccc(C(c5ccccc5)(c5ccccc5)c5ccc(*)cc5)cc4)cc3)cc2)cc1,230.0,,,,,,,,,
3300,P372044,*Oc1ccc(/N=C/c2ccc(Oc3ccc(C(c4ccccc4)(c4ccccc4)c4ccc(Oc5ccc(/C=N/c6ccc(*)cc6)cc5)cc4)cc3)cc2)cc1,211.0,,,,,,,,,
3301,P372045,*CCOCCOC(=O)CCSCCC(=O)O*,-33.0,,,,,,,,,
3302,P372046,*CCOCCOCCOC(=O)CCSCCC(=O)O*,-35.0,,,,,,,,,
3303,P372047,*CCOCCOCCOCCOC(=O)CCSCCC(=O)O*,-38.0,,,,,,,,,
3304,P372048,*CCOCCOCCOCCOCCOC(=O)CCSCCC(=O)O*,-39.0,,,,,,,,,
3305,P372054,*CCCCCCOC(=O)OCCOC(=O)OCCCCCCOc1ccc(Oc2ccc(O*)cc2)cc1,-4.0,,,,,,,,,
3306,P372055,*CCCCCCOC(=O)OCCCOC(=O)OCCCCCCOc1ccc(Oc2ccc(O*)cc2)cc1,-6.0,,,,,,,,,
3307,P372056,*CCCCCCOC(=O)OCCCCOC(=O)OCCCCCCOc1ccc(Oc2ccc(O*)cc2)cc1,-8.0,,,,,,,,,
3308,P372057,*CCCCCCOC(=O)OCCCCCOC(=O)OCCCCCCOc1ccc(Oc2ccc(O*)cc2)cc1,-11.0,,,,,,,,,
3309,P372058,*CCCCCCOC(=O)OCCCCCCOC(=O)OCCCCCCOc1ccc(Oc2ccc(O*)cc2)cc1,-13.0,,,,,,,,,
3310,P372059,*CCCCCCOC(=O)OCCCCCCCCOC(=O)OCCCCCCOc1ccc(Oc2ccc(O*)cc2)cc1,-17.0,,,,,,,,,
3311,P372060,*CCCCCCOC(=O)OCCCCCCCCCOC(=O)OCCCCCCOc1ccc(Oc2ccc(O*)cc2)cc1,-20.0,,,,,,,,,
3312,P372061,*CCCCCCOC(=O)OCCCCCCCCCCOC(=O)OCCCCCCOc1ccc(Oc2ccc(O*)cc2)cc1,-22.0,,,,,,,,,
3313,P372062,*CCCCCCOC(=O)OCCCCCCCCCCCCOC(=O)OCCCCCCOc1ccc(Oc2ccc(O*)cc2)cc1,-22.0,,,,,,,,,
3314,P372063,*CCCCCCOC(=O)OCCOC(=O)OCCCCCCOc1ccc(C(=O)c2ccc(O*)cc2)cc1,15.0,,,,,,,,,
3315,P372064,*CCCCCCOC(=O)OCCCOC(=O)OCCCCCCOc1ccc(C(=O)c2ccc(O*)cc2)cc1,16.0,,,,,,,,,
3316,P372065,*CCCCCCOC(=O)OCCCCOC(=O)OCCCCCCOc1ccc(C(=O)c2ccc(O*)cc2)cc1,2.1,,,,,,,,,
3317,P372066,*CCCCCCOC(=O)OCCCCCOC(=O)OCCCCCCOc1ccc(C(=O)c2ccc(O*)cc2)cc1,-0.2,,,,,,,,,
3318,P372067,*CCCCCCOC(=O)OCCCCCCOC(=O)OCCCCCCOc1ccc(C(=O)c2ccc(O*)cc2)cc1,-0.3,,,,,,,,,
3319,P372068,*CCCCCCOC(=O)OCCCCCCCCOC(=O)OCCCCCCOc1ccc(C(=O)c2ccc(O*)cc2)cc1,-7.7,,,,,,,,,
3320,P372069,*CCCCCCOC(=O)OCCCCCCCCCOC(=O)OCCCCCCOc1ccc(C(=O)c2ccc(O*)cc2)cc1,-6.0,,,,,,,,,
3321,P372070,*CCCCCCOC(=O)OCCCCCCCCCCOC(=O)OCCCCCCOc1ccc(C(=O)c2ccc(O*)cc2)cc1,-13.0,,,,,,,,,
3322,P372071,*CCCCCCOC(=O)OCCCCCCCCCCCCOC(=O)OCCCCCCOc1ccc(C(=O)c2ccc(O*)cc2)cc1,-8.0,,,,,,,,,
3323,P372072,*Oc1ccccc1S(=O)(=O)c1ccc(*)cc1,221.0,,,,,,,,,
3324,P372073,*Oc1ccc(S(=O)(=O)c2ccc(*)cc2)c2ccccc12,238.0,,,,,,,,,
3325,P372074,*Oc1ccc(S(=O)(=O)c2ccc(-c3ccc(*)cc3)cc2)cc1,269.0,,,,,,,,,
3326,P372075,*CCCCCOc1ccc(OC(=O)c2ccc(C(=O)Oc3ccc(O*)cc3)cc2)cc1,112.0,,,,,,,,,
3327,P372076,*CCCCCCOc1ccc(OC(=O)c2ccc(C(=O)Oc3ccc(O*)cc3)cc2)cc1,53.0,,,,,,,,,
3328,P372084,*Oc1ccc(S(=O)(=O)c2cccc3c(S(=O)(=O)c4ccc(Oc5ccc(-c6ccc(*)cc6)cc5)cc4)cccc23)cc1,248.0,,,,,,,,,
3329,P372085,*Oc1ccc(S(=O)(=O)c2cccc3c(S(=O)(=O)c4ccc(Oc5c(C)cc(-c6cc(C)c(*)c(C)c6)cc5C)cc4)cccc23)cc1,262.0,,,,,,,,,
3330,P372087,*Oc1ccc(S(=O)(=O)c2ccc3cc(S(=O)(=O)c4ccc(Oc5ccc(-c6ccc(*)cc6)cc5)cc4)ccc3c2)cc1,255.0,,,,,,,,,
3331,P372088,*Oc1ccc(S(=O)(=O)c2ccc3cc(S(=O)(=O)c4ccc(Oc5c(C)cc(-c6cc(C)c(*)c(C)c6)cc5C)cc4)ccc3c2)cc1,280.0,,,,,,,,,
3332,P372089,*Oc1ccc(S(=O)(=O)c2ccc3cc(S(=O)(=O)c4ccc(Oc5c(C)cc(-c6cc(C)c(*)c(C)c6C)c(C)c5C)cc4)ccc3c2)cc1,300.0,,,,,,,,,
3333,P372090,*C(=O)c1ccc2c(c1)/C(=N\c1cccc(Oc3cccc(Oc4cccc(/N=C5/OC(=O)c6ccc(*)cc65)c4)c3)c1)OC2=O,190.0,,,,,,,,,
3334,P372091,*C(=O)c1ccc2c(c1)/C(=N\c1ccc(Oc3cccc(/N=C4/OC(=O)c5ccc(*)cc54)c3)cc1)OC2=O,253.0,,,,,,,,,
3335,P372093,*C(=O)c1ccc2c(c1)/C(=N\c1ccc(Oc3ccc(C(c4ccc(Oc5ccc(/N=C6/OC(=O)c7ccc(*)cc76)cc5)cc4)(C(F)(F)F)C(F)(F)F)cc3)cc1)OC2=O,248.0,,,,,,,,,
3336,P372097,*Oc1ccc(C(C)(C)c2ccc(Oc3cncc(*)n3)cc2)cc1,145.0,,,,,,,,,
3337,P372098,*CC(O)CN(CC(O)COc1ccc(C(C)(C)c2ccc(O*)cc2)cc1)c1ccc(C#N)cc1,100.0,,,,,,,,,
3338,P372099,*Oc1ccc(-c2ccc(Oc3ccc(C(=O)c4ccc5cc(C(=O)c6ccc(*)cc6)ccc5c4)cc3)cc2)cc1,195.0,,,,,,,,,
3339,P372100,*Oc1c(C)cc(-c2cc(C)c(Oc3ccc(C(=O)c4ccc5cc(C(=O)c6ccc(*)cc6)ccc5c4)cc3)c(C)c2)cc1C,270.0,,,,,,,,,
3340,P372102,*C(=O)c1ccc(Oc2ccc(-c3ccc(Oc4ccc(C(=O)c5ccc6nc(*)ccc6c5)cc4)cc3)cc2)cc1,155.0,,,,,,,,,
3341,P372103,*C(=O)c1ccc(Oc2c(C)cc(-c3cc(C)c(Oc4ccc(C(=O)c5ccc6nc(*)ccc6c5)cc4)c(C)c3)cc2C)cc1,180.0,,,,,,,,,
3342,P372104,*C(=O)c1ccc(Oc2c(C)cc(-c3cc(C)c(Oc4ccc(C(=O)c5ccc6nc(*)ccc6c5)cc4)c(C)c3C)c(C)c2C)cc1,250.0,,,,,,,,,
3343,P372108,*CCOCCOc1ccc(N/C=N/c2ccc(O*)cc2)cc1,62.0,,,,,,,,,
3344,P372109,*CCOCCOC(=O)c1ccc(N/C=N/c2ccc(C(=O)O*)cc2)cc1,77.0,,,,,,,,,
3345,P372111,*Oc1ccc(SC(=O)Sc2ccc(*)cc2)cc1,117.0,,,,,,,,,
3346,P372112,*Oc1ccc(SC(=O)Oc2ccc(C(C)(C)c3ccc(OC(=O)Sc4ccc(*)cc4)cc3)cc2)cc1,145.0,,,,,,,,,
3347,P372113,*Oc1cccc(Oc2ccc(S(=O)(=O)c3ccc(*)cc3)cc2)c1,177.0,,,,,,,,,
3348,P372114,*Oc1ccccc1Oc1ccc(S(=O)(=O)c2ccc(*)cc2)cc1,171.0,,,,,,,,,
3349,P372115,*Oc1ccc(S(=O)(=O)c2ccc(Oc3ccc(S(=O)(=O)c4ccc(-c5ccc(S(=O)(=O)c6ccc(*)cc6)cc5)cc4)cc3)cc2)cc1,267.0,,,,,,,,,
3350,P372116,*Oc1ccc(Oc2ccc(S(=O)(=O)c3ccc(-c4ccc(S(=O)(=O)c5ccc(*)cc5)cc4)cc3)cc2)cc1,251.0,,,,,,,,,
3351,P372117,*Oc1ccc(NC(=O)c2ccc(C(=O)Nc3ccc(Oc4ccc(C(=O)c5ccc(*)cc5)cc4)cc3)cc2)cc1,160.0,,,,,,,,,
3352,P372118,*Oc1ccc(NC(=O)c2cccc(C(=O)Nc3ccc(Oc4ccc(C(=O)c5ccc(*)cc5)cc4)cc3)c2)cc1,145.0,,,,,,,,,
3353,P372119,*C(=O)Nc1ccc(Oc2ccc(C(=O)c3ccc(Oc4ccc(NC(=O)c5ccc(*)nc5)cc4)cc3)cc2)cc1,170.0,,,,,,,,,
3354,P372120,*Oc1cccc(NC(=O)c2ccc(C(=O)Nc3ccc(Oc4ccc(C(=O)c5ccc(*)cc5)cc4)cc3)cc2)c1,126.0,,,,,,,,,
3355,P372121,*Oc1cccc(NC(=O)c2cccc(C(=O)Nc3ccc(Oc4ccc(C(=O)c5ccc(*)cc5)cc4)cc3)c2)c1,114.0,,,,,,,,,
3356,P372122,*C(=O)Nc1cccc(Oc2ccc(C(=O)c3ccc(Oc4cccc(NC(=O)c5ccc(*)nc5)c4)cc3)cc2)c1,154.0,,,,,,,,,
3357,P372123,*c1ccc(Oc2ccc(-c3ccc(Oc4ccc(-c5nc(*)nc(-c6ccccc6)n5)cc4)cc3)cc2)cc1,241.0,,,,,,,,,
3358,P372124,*c1ccc(Oc2ccc(Oc3ccc(-c4nc(*)nc(-c5ccccc5)n4)cc3)cc2)cc1,244.0,,,,,,,,,
3359,P372125,*c1ccc(Oc2ccc(C(C)(C)c3ccc(Oc4ccc(-c5nc(*)nc(-c6ccccc6)n5)cc4)cc3)cc2)cc1,228.0,,,,,,,,,
3360,P372126,*c1ccc(Oc2ccc3ccc(Oc4ccc(-c5nc(*)nc(-c6ccccc6)n5)cc4)cc3c2)cc1,255.0,,,,,,,,,
3361,P372127,*c1ccc(Oc2ccc(Sc3ccc(Oc4ccc(-c5nc(*)nc(-c6ccccc6)n5)cc4)cc3)cc2)cc1,211.0,,,,,,,,,
3362,P372128,*c1ccc(Oc2ccc(Oc3ccc(Oc4ccc(-c5nc(*)nc(-c6ccccc6)n5)cc4)cc3)cc2)cc1,203.0,,,,,,,,,
3363,P372129,*c1ccc(Oc2ccc(C(c3ccccc3)(c3ccccc3)c3ccc(Oc4ccc(-c5nc(*)nc(-c6ccccc6)n5)cc4)cc3)cc2)cc1,261.0,,,,,,,,,
3364,P372130,*Oc1ccc(OC(=O)c2ccc(OCCCCCCCCCCOc3ccc(C(*)=O)cc3)cc2)cc1S(=O)(=O)c1ccccc1,88.0,,,,,,,,,
3365,P372131,*Oc1ccc(S(=O)(=O)c2ccc(Oc3ccc(NC(=O)c4cc(NC(=O)c5ccncc5)cc(C(=O)Nc5ccc(*)cc5)c4)cc3)cc2)cc1,283.0,,,,,,,,,
3366,P372132,*Oc1ccc(S(=O)(=O)c2ccc(Oc3ccc(NC(=O)c4cccc(C(=O)Nc5ccc(*)cc5)c4)cc3)cc2)cc1,260.0,,,,,,,,,
3367,P372133,*Oc1ccc(NC(=O)c2cc(NC(=O)c3ccncc3)cc(C(=O)Nc3ccc(*)cc3)c2)cc1,305.0,,,,,,,,,
3368,P372134,*Oc1ccc(C(=O)c2ccc(NC(=O)c3ccc(C(=O)Nc4ccc(C(=O)c5ccc(*)cc5)cc4)cc3)cc2)cc1,187.0,,,,,,,,,
3369,P372136,*Oc1ccc(C(=O)c2cccc(NC(=O)c3ccc(C(=O)Nc4cccc(C(=O)c5ccc(*)cc5)c4)cc3)c2)cc1,189.0,,,,,,,,,
3370,P372137,*Oc1ccc(Oc2ccc(C(=O)c3ccc(NC(=O)c4ccc(C(=O)Nc5ccc(C(=O)c6ccc(*)cc6)cc5)cc4)cc3)cc2)cc1,224.0,,,,,,,,,
3371,P372138,*Oc1ccc(Oc2ccc(C(=O)c3cccc(NC(=O)c4ccc(C(=O)Nc5cccc(C(=O)c6ccc(*)cc6)c5)cc4)c3)cc2)cc1,210.0,,,,,,,,,
3372,P372139,*Oc1cccc(Oc2ccc(C(=O)c3ccc(NC(=O)c4ccc(C(=O)Nc5ccc(C(=O)c6ccc(*)cc6)cc5)cc4)cc3)cc2)c1,190.0,,,,,,,,,
3373,P372140,*Oc1ccc(C(=O)c2ccc(NC(=O)c3cccc(C(=O)Nc4ccc(C(=O)c5ccc(*)cc5)cc4)c3)cc2)cc1,214.0,,,,,,,,,
3374,P372141,*Oc1ccc(C(=O)c2cccc(NC(=O)c3cccc(C(=O)Nc4ccc(C(=O)c5ccc(*)cc5)cc4)c3)c2)cc1,204.0,,,,,,,,,
3375,P372142,*Oc1ccc(C(=O)c2cccc(NC(=O)c3cccc(C(=O)Nc4cccc(C(=O)c5ccc(*)cc5)c4)c3)c2)cc1,191.0,,,,,,,,,
3376,P372143,*Oc1ccc(Oc2ccc(C(=O)c3ccc(NC(=O)c4cccc(C(=O)Nc5ccc(C(=O)c6ccc(*)cc6)cc5)c4)cc3)cc2)cc1,198.0,,,,,,,,,
3377,P372144,*Oc1ccc(Oc2ccc(C(=O)c3cccc(NC(=O)c4cccc(C(=O)Nc5cccc(C(=O)c6ccc(*)cc6)c5)c4)c3)cc2)cc1,202.0,,,,,,,,,
3378,P372145,*Oc1cccc(Oc2ccc(C(=O)c3ccc(NC(=O)c4cccc(C(=O)Nc5ccc(C(=O)c6ccc(*)cc6)cc5)c4)cc3)cc2)c1,214.0,,,,,,,,,
3379,P372147,*Oc1ccc(C(=O)c2cccc(NC(=O)CCCCCCCCC(=O)Nc3ccc(C(=O)c4ccc(*)cc4)cc3)c2)cc1,148.0,,,,,,,,,
3380,P372148,*Oc1ccc(C(=O)c2cccc(NC(=O)CCCCCCCCC(=O)Nc3cccc(C(=O)c4ccc(*)cc4)c3)c2)cc1,141.0,,,,,,,,,
3381,P372149,*Oc1ccc(Oc2ccc(C(=O)c3ccc(NC(=O)CCCCCCCCC(=O)Nc4ccc(C(=O)c5ccc(*)cc5)cc4)cc3)cc2)cc1,130.0,,,,,,,,,
3382,P372150,*Oc1ccc(Oc2ccc(C(=O)c3cccc(NC(=O)CCCCCCCCC(=O)Nc4cccc(C(=O)c5ccc(*)cc5)c4)c3)cc2)cc1,144.0,,,,,,,,,
3383,P372151,*Oc1cccc(Oc2ccc(C(=O)c3ccc(NC(=O)CCCCCCCCC(=O)Nc4ccc(C(=O)c5ccc(*)cc5)cc4)cc3)cc2)c1,143.0,,,,,,,,,
3384,P372152,*Oc1c(C)cc(-c2cc(C)c(Oc3ccc(C(=O)c4ccc(*)cc4)cc3)c(C)c2)cc1C,246.635,,,,,,,,,
3385,P372153,*Oc1ccc(NC(=O)c2cccc(C(=O)Nc3ccc(Oc4ccc(C(C)(C)c5cccc(C(C)(C)c6ccc(*)cc6)c5)cc4)cc3)c2)cc1,180.0,,,,,,,,,
3386,P372154,*OP(=O)(Oc1ccccc1)Oc1c(C)cc(S(=O)(=O)c2cc(C)c(*)c(C)c2)cc1C,142.0,,,,,,,,,
3387,P372155,*OP(=O)(Oc1ccc(C)cc1)Oc1c(C)cc(S(=O)(=O)c2cc(C)c(*)c(C)c2)cc1C,128.0,,,,,,,,,
3388,P372156,*OP(=O)(Oc1ccc([N+](=O)[O-])cc1)Oc1c(C)cc(S(=O)(=O)c2cc(C)c(*)c(C)c2)cc1C,173.0,,,,,,,,,
3389,P372157,*OP(=O)(Oc1ccc(Br)cc1)Oc1c(C)cc(S(=O)(=O)c2cc(C)c(*)c(C)c2)cc1C,162.0,,,,,,,,,
3390,P372158,*OP(=O)(Oc1ccc(OC)cc1)Oc1c(C)cc(S(=O)(=O)c2cc(C)c(*)c(C)c2)cc1C,147.0,,,,,,,,,
3391,P372159,*OP(=O)(Oc1ccccc1)Oc1ccc(S(=O)(=O)c2ccc(*)cc2)cc1,100.5,,,,,,,,,
3392,P372160,*OP(=O)(Oc1ccc(C)cc1)Oc1ccc(S(=O)(=O)c2ccc(*)cc2)cc1,66.0,,,,,,,,,
3393,P372161,*OP(=O)(Oc1ccc([N+](=O)[O-])cc1)Oc1ccc(S(=O)(=O)c2ccc(*)cc2)cc1,114.0,,,,,,,,,
3394,P372162,*OP(=O)(Oc1ccc(Br)cc1)Oc1ccc(S(=O)(=O)c2ccc(*)cc2)cc1,89.0,,,,,,,,,
3395,P372163,*OP(=O)(Oc1ccc(OC)cc1)Oc1ccc(S(=O)(=O)c2ccc(*)cc2)cc1,81.0,,,,,,,,,
3396,P372164,*CCOc1ccc(S(=O)(=O)c2ccc(OCCOP(=O)(O*)Oc3ccccc3)cc2)cc1,49.0,,,,,,,,,
3397,P372165,*CCOc1ccc(S(=O)(=O)c2ccc(OCCOP(=O)(O*)Oc3ccc(C)cc3)cc2)cc1,46.0,,,,,,,,,
3398,P372166,*CCOc1ccc(S(=O)(=O)c2ccc(OCCOP(=O)(O*)Oc3ccc([N+](=O)[O-])cc3)cc2)cc1,56.0,,,,,,,,,
3399,P372167,*CCOc1ccc(S(=O)(=O)c2ccc(OCCOP(=O)(O*)Oc3ccc(Br)cc3)cc2)cc1,59.0,,,,,,,,,
3400,P372168,*CCOc1ccc(S(=O)(=O)c2ccc(OCCOP(=O)(O*)Oc3ccc(OC)cc3)cc2)cc1,52.0,,,,,,,,,
3401,P372169,*Oc1ccc(C(=O)O)c(C(=O)Nc2ccc(NC(=O)c3cc(*)ccc3C(=O)O)cc2)c1,166.3,,,,,,,,,
3402,P372170,*CCOCCOC(=O)O*,-27.0,,,,,,,,,
3403,P372172,*Oc1ccc(C(=O)OCCOCCOCCOC(=O)c2ccc(OC(=O)c3ccc(C(*)=O)cc3)cc2)cc1,30.0,,,,,,,,,
3404,P372173,*Oc1ccc(C(=O)OCCOCCOCCOCCOC(=O)c2ccc(OC(=O)c3ccc(C(*)=O)cc3)cc2)cc1,30.0,,,,,,,,,
3405,P372182,*Oc1ccc(C2(c3ccc(Oc4nc(*)nc(OC)n4)cc3)CCCCC2)cc1,200.0,,,,,,,,,
3406,P372194,*Oc1ccc(OC(=O)c2ccc(OCCCCCCOc3ccc(C(*)=O)cc3)cc2)cc1S(=O)(=O)c1ccccc1,105.5,,,,,,,,,
3407,P372195,*Oc1ccc(OC(=O)c2ccc(OCCCCCCCCCCCCOc3ccc(C(*)=O)cc3)cc2)cc1S(=O)(=O)c1ccccc1,82.7,,,,,,,,,
3408,P372196,*c1ccc(-c2nc3ccc(Oc4ccc(Oc5ccc(P(=O)(c6ccccc6)c6ccc(Oc7ccc(Oc8ccc9nc(*)c(-c%10ccccc%10)nc9c8)cc7)cc6)cc5)cc4)cc3nc2-c2ccccc2)cc1,248.0,,,,,,,,,
3409,P372197,*c1ccc(Oc2ccc(Oc3ccc(P(=O)(c4ccccc4)c4ccc(Oc5ccc(Oc6ccc(-c7nc8ccccc8nc7*)cc6)cc5)cc4)cc3)cc2)cc1,209.0,,,,,,,,,
3410,P372198,*c1ccc(Oc2ccc(Oc3ccc(P(=O)(c4ccccc4)c4ccc(Oc5ccc(Oc6ccc(-c7nc8ccc(-c9ccc%10nc(*)oc%10c9)cc8o7)cc6)cc5)cc4)cc3)cc2)cc1,223.0,,,,,,,,,
3411,P372199,*CCCCCCCCCCOc1ccc(/C=N/c2ccc(-c3ccc(/N=C/c4ccc(O*)cc4O)c(OC)c3)cc2OC)c(O)c1,72.0,,,,,,,,,
3412,P372200,*CCCCCOc1cccc(NC(=O)c2cccc(C(=O)Nc3cccc(O*)c3)c2)c1,131.5,,,,,,,,,
3413,P372201,*CCCCCCCCOc1cccc(NC(=O)c2ccc(C(=O)Nc3cccc(O*)c3)cc2)c1,122.0,,,,,,,,,
3414,P372202,*CCCCCOc1ccc(NC(=O)c2cccc(C(=O)Nc3ccc(O*)cc3)c2)cc1,155.0,,,,,,,,,
3415,P372204,*CC(O)COC(=O)CCCCC(=O)OCC(O)COc1ccc(C(C)(C)c2ccc(O*)cc2)cc1,34.0,,,,,,,,,
3416,P372205,*CC(O)COC(=O)CCCCCCC(=O)OCC(O)COc1ccc(C(C)(C)c2ccc(O*)cc2)cc1,35.0,,,,,,,,,
3417,P372206,*CC(O)COC(=O)CCCCCCCCC(=O)OCC(O)COc1ccc(C(C)(C)c2ccc(O*)cc2)cc1,30.0,,,,,,,,,
3418,P372207,*CC(O)COC(=O)CCCCCCCCCCC(=O)OCC(O)COc1ccc(C(C)(C)c2ccc(O*)cc2)cc1,25.0,,,,,,,,,
3419,P372208,*CC(O)COC(=O)C1CCC(C(=O)OCC(O)COc2ccc(C(C)(C)c3ccc(O*)cc3)cc2)CC1,70.0,,,,,,,,,
3420,P372209,*CC(O)COC(=O)C1CCC(C(=O)OCC(O)COc2ccc(C3(c4ccc(O*)cc4)c4ccccc4-c4ccccc43)cc2)CC1,110.0,,,,,,,,,
3421,P372210,*CC(O)COC(=O)CCCCCCCCCCC(=O)OCC(O)COc1ccc(O*)cc1,10.0,,,,,,,,,
3422,P372211,*CC(O)COC(=O)CCCCC(=O)OCC(O)COc1ccc(O*)cc1,19.0,,,,,,,,,
3423,P372212,*Oc1ccc(C(c2ccc(OC(=O)c3ccc(Oc4ccc(C(*)=O)cc4)cc3)cc2)(C(F)(F)F)C(F)(F)F)cc1,181.0,,,,,,,,,
3424,P372213,*OC(=O)Oc1ccc(C(=O)Oc2ccc(OC(=O)OC3COC4C(*)COC34)cc2)cc1,115.0,,,,,,,,,
3425,P372214,*OP(=O)(Oc1ccccc1)OC(CCl)COc1ccc(S(=O)(=O)c2ccc(OCC(*)CCl)cc2)cc1,48.0,,,,,,,,,
3426,P372215,*OP(=O)(Oc1ccc(Br)cc1)OC(CCl)COc1ccc(S(=O)(=O)c2ccc(OCC(*)CCl)cc2)cc1,58.0,,,,,,,,,
3427,P372216,*OP(=O)(Oc1ccc(NC(=O)Oc2ccc(-c3ccc(OC(=O)Nc4ccc(*)cc4)cc3)cc2)cc1)c1ccccc1,34.0,,,,,,,,,
3428,P372217,*OP(=O)(Oc1ccc(NC(=O)OCCCCCCOC(=O)Nc2ccc(*)cc2)cc1)c1ccccc1,-3.0,,,,,,,,,
3429,P372218,*OP(=O)(Oc1ccc(NC(=O)Oc2ccc(C(C)(C)c3ccc(OC(=O)Nc4ccc(*)cc4)cc3)cc2)cc1)c1ccccc1,34.0,,,,,,,,,
3430,P372223,*Oc1ccc(NC(=O)c2cc(-c3ccc(C(=O)O)c(C(=O)Nc4ccc(*)cc4)c3)ccc2C(=O)O)cc1,184.4,,,,,,,,,
3431,P372224,*c1nnc(-c2ccc(Oc3ccc(C(c4ccc(Oc5ccc(*)c6ccccc56)cc4)(C(F)(F)F)C(F)(F)F)cc3)c3ccccc23)o1,220.0,,,,,,,,,
3432,P372225,*c1ccc(Oc2ccc(C(c3ccc(Oc4ccc(-c5nc(*)nc(-c6ccccc6)n5)cc4)cc3)(C(F)(F)F)C(F)(F)F)cc2)cc1,241.0,,,,,,,,,
3433,P372226,*Oc1ccc(C(C)(C)c2ccc(Oc3ccc(C(O)C(O)c4ccc(*)cc4)cc3)cc2)cc1,151.0,,,,,,,,,
3434,P372240,*Oc1ccc(NC(=O)c2cc(C(=O)Nc3ccc(Oc4ccc(C(C)(C)c5ccc(*)cc5)cc4)cc3)cc(C(C)(C)C)c2)cc1,244.0,,,,,,,,,
3435,P372241,*CCOP(=O)(/N=N/c1ccc(-c2ccc(/N=N/P(=O)(O*)OCC)cc2)cc1)OCC,43.0,,,,,,,,,
3436,P372242,*CCOP(=O)(/N=N/c1ccc(Oc2ccc(/N=N/P(=O)(O*)OCC)cc2)cc1)OCC,22.0,,,,,,,,,
3437,P372243,*CCOP(=O)(/N=N/c1ccc(C(=O)c2ccc(/N=N/P(=O)(O*)OCC)cc2)cc1)OCC,33.0,,,,,,,,,
3438,P372244,*CCCCCCOP(=O)(/N=N/c1ccc(-c2ccc(/N=N/P(=O)(O*)OC)cc2)cc1)OC,37.0,,,,,,,,,
3439,P372245,*CCCCCCOP(=O)(/N=N/c1ccc(Oc2ccc(/N=N/P(=O)(O*)OC)cc2)cc1)OC,25.0,,,,,,,,,
3440,P372246,*CCCCCCOP(=O)(/N=N/c1ccc(C(=O)c2ccc(/N=N/P(=O)(O*)OC)cc2)cc1)OC,31.0,,,,,,,,,
3441,P372247,*CCOCCOP(=O)(/N=N/c1ccc(-c2ccc(/N=N/P(=O)(O*)OC)cc2)cc1)OC,22.0,,,,,,,,,
3442,P372248,*CCOCCOP(=O)(/N=N/c1ccc(Oc2ccc(/N=N/P(=O)(O*)OC)cc2)cc1)OC,32.0,,,,,,,,,
3443,P372249,*CCOCCOP(=O)(/N=N/c1ccc(C(=O)c2ccc(/N=N/P(=O)(O*)OC)cc2)cc1)OC,33.0,,,,,,,,,
3444,P372250,*CC1CCC(COP(=O)(/N=N/c2ccc(-c3ccc(/N=N/P(=O)(O*)OC)cc3)cc2)OC)CC1,58.0,,,,,,,,,
3445,P372251,*CC1CCC(COP(=O)(/N=N/c2ccc(Oc3ccc(/N=N/P(=O)(O*)OC)cc3)cc2)OC)CC1,50.0,,,,,,,,,
3446,P372252,*CC1CCC(COP(=O)(/N=N/c2ccc(C(=O)c3ccc(/N=N/P(=O)(O*)OC)cc3)cc2)OC)CC1,52.0,,,,,,,,,
3447,P372253,*Cc1ccc(COP(=O)(/N=N/c2ccc(-c3ccc(/N=N/P(=O)(O*)OC)cc3)cc2)OC)cc1,48.0,,,,,,,,,
3448,P372254,*Cc1ccc(COP(=O)(/N=N/c2ccc(Oc3ccc(/N=N/P(=O)(O*)OC)cc3)cc2)OC)cc1,50.0,,,,,,,,,
3449,P372255,*Cc1ccc(COP(=O)(/N=N/c2ccc(C(=O)c3ccc(/N=N/P(=O)(O*)OC)cc3)cc2)OC)cc1,48.0,,,,,,,,,
3450,P372256,*CCOCCOCCOCCOCCOCCOC(=O)c1cc(OCCCCCCOc2ccc(-c3ccc(OC)cc3)cc2)cc(C(=O)O*)c1,12.5,,,,,,,,,
3451,P372257,*CCOCCOCCOCCOCCOCCOC(=O)c1cccc(C(=O)O*)c1,-23.5,,,,,,,,,
3452,P372261,*Oc1c(C)cc(*)cc1C(C)CCCCC,60.0,,,,,,,,,
3453,P372262,*Oc1c(C)cc(*)cc1C(C)CCCCCC,54.0,,,,,,,,,
3454,P372263,*Oc1c(C)cc(*)cc1C(C)CCCCCCCC,20.0,,,,,,,,,
3455,P372264,*Oc1c(C)cc(*)cc1C(C)CCCCCCCCCCCC,-10.0,,,,,,,,,
3456,P372267,*Oc1cc(C(C)(C)C)c(Oc2ccc(C(=O)c3ccc(*)cc3)cc2)cc1C(C)(C)C,206.0,,,,,,,,,
3457,P372268,*Oc1ccc(Oc2ccc(C(=O)c3ccc(*)cc3)cc2)cc1-c1ccccc1,157.0,,,,,,,,,
3458,P372272,*Oc1ccc(NC(=O)c2ccc(*)cc2)cc1,225.0,,,,,,,,,
3459,P372274,*Oc1ccc(C2(c3ccc(Oc4ccc(C(=O)c5ccccc5-c5ccccc5C(=O)c5ccc(*)cc5)cc4)cc3)c3ccccc3-c3ccccc32)cc1,229.0,,,,,,,,,
3460,P372275,*Oc1ccc(C2(c3ccc(Oc4ccc(C(=O)c5ccccc5)c(-c5cc(*)ccc5C(=O)c5ccccc5)c4)cc3)c3ccccc3-c3ccccc32)cc1,215.0,,,,,,,,,
3461,P372276,*Oc1ccc(C(=O)c2cccc(-c3cccc(C(=O)c4ccc(*)cc4)c3)c2)cc1,123.0,,,,,,,,,
3462,P372279,*c1nnc(-c2sc(-c3nnc(-c4cc(OCCCCCCCC)c(*)cc4OCCCCCCCC)o3)cc2CCCCCCCC)o1,124.3,,,,,,,,,
3463,P372280,*c1nnc(-c2cc(CCCCCCCCCC)c(-c3sc(-c4nnc(-c5cc(OCCCCCCCC)c(*)cc5OCCCCCCCC)o4)cc3CCCCCCCCCC)s2)o1,53.8,,,,,,,,,
3464,P372281,*c1nnc(-c2cc(CCCCCCCC)c(-c3ccc(-c4sc(-c5nnc(-c6cc(OCCCCCCCC)c(*)cc6OCCCCCCCC)o5)cc4CCCCCCCC)s3)s2)o1,34.1,,,,,,,,,
3465,P372288,*c1ccc(-c2nc3cc(Oc4ccc(NC(=O)c5cc(C(=O)Nc6ccc(Oc7ccc8nc(-c9ccccc9)c(*)nc8c7)cc6)cc(N6C(=O)c7ccccc7C6=O)c5)cc4)ccc3nc2-c2ccccc2)cc1,302.0,,,,,,,,,
3466,P372292,*Oc1ccc(Oc2ccc(NC(=O)c3ccc(-c4ccc(C(=O)Nc5ccc(*)cc5)c(C)c4)cc3C)cc2)cc1,219.0,,,,,,,,,
3467,P372293,*Oc1cccc(Oc2ccc(NC(=O)c3ccc(-c4ccc(C(=O)Nc5ccc(*)cc5)c(C)c4)cc3C)cc2)c1,213.0,,,,,,,,,
3468,P372294,*Oc1ccc(Oc2ccc(Oc3ccc(NC(=O)c4ccc(-c5ccc(C(=O)Nc6ccc(*)cc6)c(C)c5)cc4C)cc3)cc2)cc1,200.0,,,,,,,,,
3469,P372296,*Oc1ccc(S(=O)(=O)c2ccc(Oc3ccc(NC(=O)c4ccc(-c5ccc(C(=O)Nc6ccc(*)cc6)c(C)c5)cc4C)cc3)cc2)cc1,251.0,,,,,,,,,
3470,P372297,*Oc1ccc(S(=O)(=O)c2ccc(Oc3cccc(NC(=O)c4ccc(-c5ccc(C(=O)Nc6cccc(*)c6)c(C)c5)cc4C)c3)cc2)cc1,220.0,,,,,,,,,
3471,P372298,*Oc1ccc(NC(=O)c2ccc(-c3ccc(C(=O)Nc4ccc(Oc5ccc(C(C)(C)c6ccc(*)cc6)cc5)cc4)c(C)c3)cc2C)cc1,230.0,,,,,,,,,
3472,P372302,*Oc1ccc(C(C)(C)c2ccc(Oc3ccc(C(=O)c4ccc(C(=O)c5ccc(*)c(C(F)(F)F)c5)cc4)cc3C(F)(F)F)cc2)cc1,171.0,,,,,,,,,
3473,P372303,*Oc1ccc(C2(c3ccc(Oc4ccc(C(=O)c5ccc(C(=O)c6ccc(*)c(C(F)(F)F)c6)cc5)cc4C(F)(F)F)cc3)c3ccccc3-c3ccccc32)cc1,229.0,,,,,,,,,
3474,P372304,*Oc1ccc(-c2ccc(Oc3ccc(C(=O)c4ccc(C(=O)c5ccc(*)c(C(F)(F)F)c5)cc4)cc3C(F)(F)F)cc2)cc1,187.0,,,,,,,,,
3475,P372305,*Oc1ccc(S(=O)(=O)c2ccc(Oc3ccc(C4(c5ccc(*)cc5)CCCC4)cc3)cc2)cc1,230.0,,,,,,,,,
3476,P372306,*Oc1ccc(S(=O)(=O)c2ccc(Oc3ccc(C4(c5ccc(*)cc5)CCCCCC4)cc3)cc2)cc1,247.0,,,,,,,,,
3477,P372309,*Oc1ccc(C(C)(C)c2ccc(OC(=O)c3ccc(OCCCCCCCCCCOc4ccc(C(*)=O)cc4)cc3)cc2)cc1,77.0,,,,,,,,,
3478,P372310,*Oc1ccc(C(c2ccc(OC(=O)c3ccc(OCCCCCCCCCCOc4ccc(C(*)=O)cc4)cc3)cc2)(C(F)(F)F)C(F)(F)F)cc1,89.0,,,,,,,,,
3479,P372311,*Oc1c(Br)cc(C(C)(C)c2cc(Br)c(OC(=O)c3ccc(OCCCCCCCCCCOc4ccc(C(*)=O)cc4)cc3)c(Br)c2)cc1Br,128.0,,,,,,,,,
3480,P372312,*Oc1c(Cl)cc(C(C)(C)c2cc(Cl)c(OC(=O)c3ccc(OCCCCCCCCCCOc4ccc(C(*)=O)cc4)cc3)c(Cl)c2)cc1Cl,140.0,,,,,,,,,
3481,P372313,*Oc1ccc(C(c2ccc(Oc3ccc(C(=O)c4cccc(-c5cccc(C(=O)c6ccc(*)cc6)c5)c4)cc3)cc2)(C(F)(F)F)C(F)(F)F)cc1,159.0,,,,,,,,,
3482,P372314,*Oc1ccc(C2(c3ccc(Oc4ccc(C(=O)c5cccc(-c6cccc(C(=O)c7ccc(*)cc7)c6)c5)cc4)cc3)c3ccccc3-c3ccccc32)cc1,212.0,,,,,,,,,
3483,P372315,*Oc1c(C)cc(-c2cc(C)c(Oc3ccc(C(=O)c4ccccc4-c4ccccc4C(=O)c4ccc(*)cc4)cc3)c(C)c2)cc1C,233.0,,,,,,,,,
3484,P372316,*Oc1ccc(C(=O)c2ccc(Oc3ccc(C(c4ccc(*)cc4)(C(F)(F)F)C(F)(F)F)cc3)cc2)c2ccccc12,190.0,,,,,,,,,
3485,P372317,*Oc1ccc(C(=O)c2ccc(Oc3ccc(C4(c5ccc(*)cc5)c5ccccc5-c5ccccc54)cc3)cc2)c2ccccc12,260.0,,,,,,,,,
3486,P372318,*c1ccc(OCCN(CC)c2ccc(-c3ccc(C(=C(C#N)C#N)c4ccc(N(CC)CC)cc4)s3)cc2)c(-c2cc(-c3ccccc3)c3cc(Oc4ccc5nc(*)cc(-c6ccccc6)c5c4)ccc3n2)c1,215.0,,,,,,,,,
3487,P372319,*c1ccc(OCCN(CC)c2ccc(-c3ccc(C(=C(C#N)C#N)c4ccc(-c5ccc(N(CC)CC)cc5)s4)s3)cc2)c(-c2cc(-c3ccccc3)c3cc(Oc4ccc5nc(*)cc(-c6ccccc6)c5c4)ccc3n2)c1,205.0,,,,,,,,,
3488,P372320,*c1ccc(C(c2ccc(-c3cc(-c4ccccc4)c4cc(Oc5ccc6nc(*)cc(-c7ccccc7)c6c5)ccc4n3)cc2)(C(F)(F)F)C(F)(F)F)cc1,260.0,,,,,,,,,
3489,P372326,*CCCCCCCCOC(=O)Nc1ccc(NC(=O)OCCCCCCCCOc2ccc(-c3ccc(O*)cc3)cc2)c(C)c1,81.0,,,,,,,,,
3490,P372328,*CCCCCCCCCCCOC(=O)Nc1ccc(NC(=O)OCCCCCCCCCCCOc2ccc(-c3ccc(O*)cc3)cc2)c(C)c1,77.0,,,,,,,,,
3491,P372329,*CCCCCCOC(=O)Nc1ccc(NC(=O)OCCCCCCOc2ccc(-c3ccc(O*)cc3)cc2)c(C)c1,89.0,,,,,,,,,
3492,P372331,*CC(CO)(CCl)COc1ccc(C(c2ccc(O*)cc2)(C(F)(F)F)C(F)(F)F)cc1,107.0,,,,,,,,,
3493,P372332,*Oc1cc(C(=O)c2ccccc2)c(Oc2ccc(*)cc2)cc1C(=O)c1ccccc1,137.0,,,,,,,,,
3494,P372336,*CC(COCCOCCOC)O*,-57.0,,,,,,,,,
3495,P372349,*CCOCCOc1ccc(/C=C(\C)c2ccc(O*)cc2)cc1,39.0,,,,,,,,,
3496,P372351,*CCOCCOc1cccc(NC(=O)c2cccc(C(=O)Nc3cccc(O*)c3)c2)c1,128.5,,,,,,,,,
3497,P372352,*CCOCCOc1cccc(NC(=O)c2ccc(C(=O)Nc3cccc(O*)c3)cc2)c1,140.0,,,,,,,,,
3498,P372353,*CCOCCOc1ccc(NC(=O)c2cccc(C(=O)Nc3ccc(O*)cc3)c2)cc1,155.0,,,,,,,,,
3499,P372355,*CCOCCOCCOc1cccc(NC(=O)c2cccc(C(=O)Nc3cccc(O*)c3)c2)c1,111.0,,,,,,,,,
3500,P372356,*CCOCCOCCOc1cccc(NC(=O)c2ccc(C(=O)Nc3cccc(O*)c3)cc2)c1,116.0,,,,,,,,,
3501,P372357,*CCOCCOCCOc1ccc(NC(=O)c2cccc(C(=O)Nc3ccc(O*)cc3)c2)cc1,129.0,,,,,,,,,
3502,P372359,*CCCCCOc1cccc(NC(=O)c2ccc(C(=O)Nc3cccc(O*)c3)cc2)c1,135.0,,,,,,,,,
3503,P372361,*CCCCCCCCOc1cccc(NC(=O)c2cccc(C(=O)Nc3cccc(O*)c3)c2)c1,117.0,,,,,,,,,
3504,P372362,*CCCCCCCCOc1ccc(NC(=O)c2cccc(C(=O)Nc3ccc(O*)cc3)c2)cc1,128.0,,,,,,,,,
3505,P372364,*Oc1ccc(NC(=C(C#N)C#N)c2cccc(C(Nc3ccc(Oc4ccc(NC(=O)c5ccc(C(=O)Nc6ccc(*)cc6)cc5)cc4)cc3)=C(C#N)C#N)c2)cc1,274.0,,,,,,,,,
3506,P372365,*Oc1ccc(NC(=O)c2cc(NC(=O)c3ccc(OC(C)=O)cc3)cc(C(=O)Nc3ccc(*)cc3)c2)cc1,273.0,,,,,,,,,
3507,P372366,*Oc1cccc(NC(=O)c2cc(NC(=O)c3ccc(OC(C)=O)cc3)cc(C(=O)Nc3ccc(*)cc3)c2)c1,251.0,,,,,,,,,
3508,P372367,*Oc1ccc(Oc2ccc(NC(=O)c3cc(NC(=O)c4ccc(OC(C)=O)cc4)cc(C(=O)Nc4ccc(*)cc4)c3)cc2)cc1,251.0,,,,,,,,,
3509,P372368,*Oc1cccc(Oc2ccc(NC(=O)c3cc(NC(=O)c4ccc(OC(C)=O)cc4)cc(C(=O)Nc4ccc(*)cc4)c3)cc2)c1,230.0,,,,,,,,,
3510,P372369,*Oc1ccc(S(=O)(=O)c2ccc(Oc3ccc(NC(=O)c4cc(NC(=O)c5ccc(OC(C)=O)cc5)cc(C(=O)Nc5ccc(*)cc5)c4)cc3)cc2)cc1,263.0,,,,,,,,,
3511,P372370,*Oc1ccc(NC(=O)c2cc(NC(=O)c3ccc(OC(C)=O)cc3)cc(C(=O)Nc3ccc(Oc4ccc(C(C)(C)c5ccc(*)cc5)cc4)cc3)c2)cc1,243.0,,,,,,,,,
3512,P372371,*Oc1ccc(NC(=O)c2cc(NC(=O)c3ccc(OC(C)=O)cc3)cc(C(=O)Nc3ccc(Oc4ccc(-c5ccc(*)cc5)cc4)cc3)c2)cc1,252.0,,,,,,,,,
3513,P372372,*CCCNC(=O)CCCCCCCCC(=O)NCCCOCCOCCO*,40.0,,,,,,,,,
3514,P372373,*CCCNC(=O)C(Cc1ccccc1)NC(=O)CCCCCCCCC(=O)NC(Cc1ccccc1)C(=O)NCCCOCCOCCO*,44.0,,,,,,,,,
3515,P372374,*CCCNC(=O)CNC(=O)C(Cc1ccccc1)NC(=O)CCCCCCCCC(=O)NC(Cc1ccccc1)C(=O)NCC(=O)NCCCOCCOCCO*,36.0,,,,,,,,,
3516,P372375,*CCCNC(=O)CNC(=O)C(NC(=O)C(Cc1ccccc1)NC(=O)CCCCCCCCC(=O)NC(Cc1ccccc1)C(=O)NC(C(=O)NCC(=O)NCCCOCCOCCO*)C(C)C)C(C)C,58.0,,,,,,,,,
3517,P372376,*CCCNC(=O)C(NC(=O)C(Cc1ccccc1)NC(=O)CCCCCCCCC(=O)NC(Cc1ccccc1)C(=O)NC(C(=O)NCCCOCCOCCO*)C(C)C)C(C)C,66.0,,,,,,,,,
3518,P372377,*CCCCCCCCOc1c(OC)cc(/C=C/c2ccc(/C=C/c3cc(OC)c(O*)c(OC)c3)cc2)cc1OC,80.45,,,,,,,,,
3519,P372378,*CCCCCCCCOc1c(OC)cc(/C=C/c2cc(CCCCCC)c(/C=C/c3cc(OC)c(O*)c(OC)c3)cc2CCCCCC)cc1OC,21.0,,,,,,,,,
3520,P372379,*CCCCCCCCOc1c(OC)cc(/C=C/c2cc(C(C)C)c(/C=C/c3cc(OC)c(O*)c(OC)c3)cc2C(C)C)cc1OC,85.0,,,,,,,,,
3521,P372380,*CCCCCCOc1ccc(-c2cc(-c3ccccc3)c(-c3ccc(NC(=O)c4ccc(C(=O)Nc5ccc(-c6c(-c7ccccc7)cc(-c7ccc(O*)cc7)cc6-c6ccccc6)cc5)cc4)cc3)c(-c3ccccc3)c2)cc1,127.0,,,,,,,,,
3522,P372381,*CCCCCCCCCCOc1ccc(-c2cc(-c3ccccc3)c(-c3ccc(NC(=O)c4ccc(C(=O)Nc5ccc(-c6c(-c7ccccc7)cc(-c7ccc(O*)cc7)cc6-c6ccccc6)cc5)cc4)cc3)c(-c3ccccc3)c2)cc1,116.0,,,,,,,,,
3523,P372382,*CCCCCCOc1ccc(-c2cc(-c3ccc(-c4ccccc4)cc3)c(-c3ccc(NC(=O)c4ccc(C(=O)Nc5ccc(-c6c(-c7ccc(-c8ccccc8)cc7)cc(-c7ccc(O*)cc7)cc6-c6ccc(-c7ccccc7)cc6)cc5)cc4)cc3)c(-c3ccc(-c4ccccc4)cc3)c2)cc1,121.5,,,,,,,,,
3524,P372383,*CCCCCCCCCCOc1ccc(-c2cc(-c3ccc(-c4ccccc4)cc3)c(-c3ccc(NC(=O)c4ccc(C(=O)Nc5ccc(-c6c(-c7ccc(-c8ccccc8)cc7)cc(-c7ccc(O*)cc7)cc6-c6ccc(-c7ccccc7)cc6)cc5)cc4)cc3)c(-c3ccc(-c4ccccc4)cc3)c2)cc1,111.0,,,,,,,,,
3525,P372384,*Oc1ccc(NC(=O)c2ccc3cc(C(=O)Nc4ccc(Oc5ccc(C6(c7ccc(*)cc7)CC7CCC6C7)cc5)cc4)ccc3c2)cc1,276.0,,,,,,,,,
3526,P372385,*Oc1ccc(NC(=O)c2ccc(-c3ccc(C(=O)Nc4ccc(Oc5ccc(C6(c7ccc(*)cc7)CC7CCC6C7)cc5)cc4)cc3)cc2)cc1,296.0,,,,,,,,,
3527,P372386,*Oc1ccc(NC(=O)c2ccc(S(=O)(=O)c3ccc(C(=O)Nc4ccc(Oc5ccc(C6(c7ccc(*)cc7)CC7CCC6C7)cc5)cc4)cc3)cc2)cc1,287.0,,,,,,,,,
3528,P372387,*Oc1ccc(NC(=O)c2ccc(C(=O)Nc3ccc(Oc4ccc(C5(c6ccc(*)cc6)CC6CCC5C6)cc4)cc3)cc2)cc1,281.0,,,,,,,,,
3529,P372388,*Oc1ccc(NC(=O)c2cccc(C(=O)Nc3ccc(Oc4ccc(C5(c6ccc(*)cc6)CC6CCC5C6)cc4)cc3)c2)cc1,256.0,,,,,,,,,
3530,P372389,*Oc1ccc(NC(=O)c2cc(C(=O)Nc3ccc(Oc4ccc(C5(c6ccc(*)cc6)CC6CCC5C6)cc4)cc3)cc(C(C)(C)C)c2)cc1,272.0,,,,,,,,,
3531,P372390,*OC(=O)c1ccc(C(=O)OC2COC3C(*)COC23)cc1,255.5,,,,,,,,,
3532,P372391,*Oc1ccc(CC(NC(=O)CCc2ccc(OC(=O)COCC(*)=O)cc2)C(=O)OCCCC)cc1,64.0,,,,,,,,,
3533,P372392,*Oc1ccc(CC(NC(=O)CCc2ccc(OC(=O)COCC(*)=O)cc2)C(=O)OCc2ccccc2)cc1,76.0,,,,,,,,,
3534,P372393,*Oc1ccc(CC(NC(=O)CCc2ccc(OC(=O)COCC(*)=O)cc2)C(=O)OCCCCCCCCCCCC)cc1,36.0,,,,,,,,,
3535,P372394,*Oc1ccc(CC(NC(=O)CCc2ccc(OC(=O)COCC(*)=O)cc2)C(=O)OCC)cc1,79.0,,,,,,,,,
3536,P372395,*Oc1ccc(CC(NC(=O)CCc2ccc(OC(=O)COCC(*)=O)cc2)C(=O)OCCOCCOCC)cc1,27.0,,,,,,,,,
3537,P372396,*Oc1ccc(CC(NC(=O)CCc2ccc(OC(=O)COCC(*)=O)cc2)C(=O)OCCCCCC)cc1,45.0,,,,,,,,,
3538,P372397,*Oc1ccc(CC(NC(=O)CCc2ccc(OC(=O)COCC(*)=O)cc2)C(=O)OC)cc1,82.0,,,,,,,,,
3539,P372398,*Oc1ccc(CC(NC(=O)CCc2ccc(OC(=O)COCC(*)=O)cc2)C(=O)OCCCCCCCC)cc1,40.0,,,,,,,,,
3540,P372399,*Oc1ccc(CC(NC(=O)CCc2ccc(OC(=O)COCC(*)=O)cc2)C(=O)OCC(C)C)cc1,72.0,,,,,,,,,
3541,P372400,*Oc1ccc(CC(NC(=O)CCc2ccc(OC(=O)COCC(*)=O)cc2)C(=O)OC(C)C)cc1,80.0,,,,,,,,,
3542,P372401,*Oc1ccc(CC(NC(=O)CCc2ccc(OC(=O)COCC(*)=O)cc2)C(=O)OC(C)CC)cc1,68.0,,,,,,,,,
3543,P372402,*Oc1ccc(CC(NC(=O)CCc2ccc(OC(=O)COCCOCC(*)=O)cc2)C(=O)OCCCC)cc1,45.0,,,,,,,,,
3544,P372403,*Oc1ccc(CC(NC(=O)CCc2ccc(OC(=O)COCCOCC(*)=O)cc2)C(=O)OCc2ccccc2)cc1,55.0,,,,,,,,,
3545,P372404,*Oc1ccc(CC(NC(=O)CCc2ccc(OC(=O)COCCOCC(*)=O)cc2)C(=O)OCCCCCCCCCCCC)cc1,17.0,,,,,,,,,
3546,P372405,*Oc1ccc(CC(NC(=O)CCc2ccc(OC(=O)COCCOCC(*)=O)cc2)C(=O)OCC)cc1,53.0,,,,,,,,,
3547,P372406,*Oc1ccc(CC(NC(=O)CCc2ccc(OC(=O)COCCOCC(*)=O)cc2)C(=O)OCCOCCOCC)cc1,18.0,,,,,,,,,
3548,P372407,*Oc1ccc(CC(NC(=O)CCc2ccc(OC(=O)COCCOCC(*)=O)cc2)C(=O)OCCCCCC)cc1,28.0,,,,,,,,,
3549,P372408,*Oc1ccc(CC(NC(=O)CCc2ccc(OC(=O)COCCOCC(*)=O)cc2)C(=O)OC)cc1,63.0,,,,,,,,,
3550,P372409,*Oc1ccc(CC(NC(=O)CCc2ccc(OC(=O)COCCOCC(*)=O)cc2)C(=O)OCCCCCCCC)cc1,16.0,,,,,,,,,
3551,P372410,*Oc1ccc(CC(NC(=O)CCc2ccc(OC(=O)COCCOCC(*)=O)cc2)C(=O)OCC(C)C)cc1,50.0,,,,,,,,,
3552,P372411,*Oc1ccc(CC(NC(=O)CCc2ccc(OC(=O)COCCOCC(*)=O)cc2)C(=O)OC(C)C)cc1,58.0,,,,,,,,,
3553,P372412,*Oc1ccc(CC(NC(=O)CCc2ccc(OC(=O)COCCOCC(*)=O)cc2)C(=O)OC(C)CC)cc1,44.0,,,,,,,,,
3554,P372413,*Oc1ccc(CC(NC(=O)Cc2ccc(OC(=O)COCC(*)=O)cc2)C(=O)OCC)cc1,66.0,,,,,,,,,
3555,P372414,*Oc1ccc(CC(NC(=O)Cc2ccc(OC(=O)COCC(*)=O)cc2)C(=O)OCCCCCC)cc1,46.0,,,,,,,,,
3556,P372415,*Oc1ccc(CC(NC(=O)Cc2ccc(OC(=O)COCC(*)=O)cc2)C(=O)OCCCCCCCC)cc1,51.0,,,,,,,,,
3557,P372416,*Oc1ccc(CC(NC(=O)Cc2ccc(OC(=O)COCCOCC(*)=O)cc2)C(=O)OCC)cc1,50.0,,,,,,,,,
3558,P372417,*Oc1ccc(CC(NC(=O)Cc2ccc(OC(=O)COCCOCC(*)=O)cc2)C(=O)OCCCCCC)cc1,31.0,,,,,,,,,
3559,P372418,*Oc1ccc(CC(NC(=O)Cc2ccc(OC(=O)COCCOCC(*)=O)cc2)C(=O)OCCCCCCCC)cc1,23.0,,,,,,,,,
3560,P372419,*Oc1ccc(-c2ccc(-c3ccc(Oc4ccc(C(c5ccc(*)cc5)(C(F)(F)F)C(F)(F)F)cc4)c(C(F)(F)F)c3)cc2)cc1C(F)(F)F,207.5,,,,,,,,,
3561,P372420,*Oc1ccc(-c2ccc(-c3ccc(Oc4ccc(C(C)(C)c5ccc(*)cc5)cc4)c(C(F)(F)F)c3)cc2)cc1C(F)(F)F,192.0,,,,,,,,,
3562,P372421,*Oc1ccc(C2(c3ccc(Oc4ccc(-c5ccc(-c6ccc(*)c(C(F)(F)F)c6)cc5)cc4C(F)(F)F)cc3)c3ccccc3-c3ccccc32)cc1,237.0,,,,,,,,,
3563,P372422,*Oc1ccc(-c2ccc(Oc3ccc(-c4ccc(-c5ccc(*)c(C(F)(F)F)c5)cc4)cc3C(F)(F)F)cc2)cc1,203.5,,,,,,,,,
3564,P372423,*Oc1ccc(S(=O)(=O)c2ccc(Oc3ccc(-c4ccc(-c5ccc(*)c(C(F)(F)F)c5)cc4)cc3C(F)(F)F)cc2)cc1,214.0,,,,,,,,,
3565,P372424,*c1ccc(Oc2ccc(C(c3ccc(Oc4ccc(-c5cccc(*)n5)cc4C(F)(F)F)cc3)(C(F)(F)F)C(F)(F)F)cc2)c(C(F)(F)F)c1,153.0,,,,,,,,,
3566,P372425,*c1ccc(Oc2ccc(C(C)(C)c3ccc(Oc4ccc(-c5cccc(*)n5)cc4C(F)(F)F)cc3)cc2)c(C(F)(F)F)c1,125.0,,,,,,,,,
3567,P372426,*c1ccc(Oc2ccc(C3(c4ccc(Oc5ccc(-c6cccc(*)n6)cc5C(F)(F)F)cc4)c4ccccc4-c4ccccc43)cc2)c(C(F)(F)F)c1,182.5,,,,,,,,,
3568,P372427,*c1ccc(Oc2ccc(C(c3ccc(Oc4ccc(-c5ccc(*)s5)cc4C(F)(F)F)cc3)(C(F)(F)F)C(F)(F)F)cc2)c(C(F)(F)F)c1,155.0,,,,,,,,,
3569,P372428,*c1ccc(Oc2ccc(C(C)(C)c3ccc(Oc4ccc(-c5ccc(*)s5)cc4C(F)(F)F)cc3)cc2)c(C(F)(F)F)c1,130.0,,,,,,,,,
3570,P372429,*c1ccc(Oc2ccc(C3(c4ccc(Oc5ccc(-c6ccc(*)s6)cc5C(F)(F)F)cc4)c4ccccc4-c4ccccc43)cc2)c(C(F)(F)F)c1,169.0,,,,,,,,,
3571,P372432,*Oc1cc(Cl)cc(Cl)c1*,165.0,,,,,,,,,
3572,P372435,*CCCC(=O)NNC(=O)c1ccc(C(=O)NNC(=O)CCCOc2ccc(O*)c(C)c2)cc1,139.0,,,,,,,,,
3573,P372436,*CCCCC(=O)NNC(=O)c1ccc(C(=O)NNC(=O)CCCCOc2ccc(O*)c(C)c2)cc1,150.0,,,,,,,,,
3574,P372437,*CCCCCC(=O)NNC(=O)c1ccc(C(=O)NNC(=O)CCCCCOc2ccc(O*)c(C)c2)cc1,126.0,,,,,,,,,
3575,P372438,*CCCOc1ccc(OCCCc2nnc(-c3ccc(-c4nnc(*)o4)cc3)o2)c(C)c1,112.0,,,,,,,,,
3576,P372439,*CCCCOc1ccc(OCCCCc2nnc(-c3ccc(-c4nnc(*)o4)cc3)o2)c(C)c1,129.0,,,,,,,,,
3577,P372440,*CCCCCOc1ccc(OCCCCCc2nnc(-c3ccc(-c4nnc(*)o4)cc3)o2)c(C)c1,95.0,,,,,,,,,
3578,P372441,*CCCCCCCCCCCCOc1ccc(C(C)(C)c2ccc(OCOc3ccc(C(C)(C)c4ccc(O*)cc4)cc3)cc2)cc1,37.0,,,,,,,,,
3579,P372446,*Oc1ccc(S(=O)(=O)c2ccc(Oc3ccc(/C=C4\CC/C(=C\c5ccc(*)cc5)C4=O)cc3)cc2)cc1,235.0,,,,,,,,,
3580,P372447,*Oc1ccc(S(=O)(=O)c2ccc(Oc3ccc(/C=C4\CCC/C(=C\c5ccc(*)cc5)C4=O)cc3)cc2)cc1,190.0,,,,,,,,,
3581,P372448,*Oc1ccc(S(=O)(=O)c2ccc(Oc3ccc(/C=C4\CCCC/C(=C\c5ccc(*)cc5)C4=O)cc3)cc2)cc1,186.0,,,,,,,,,
3582,P372449,*Oc1ccc(S(=O)(=O)c2ccc(Oc3ccc(/C=C4\CCC/C(=C\c5ccc(Oc6ccc(S(=O)(=O)c7ccc(Oc8ccc(C(C)(C)c9ccc(*)cc9)cc8)cc7)cc6)cc5)C4=O)cc3)cc2)cc1,194.0,,,,,,,,,
3583,P372450,*Oc1ccc(S(=O)(=O)c2ccc(Oc3ccc(/C=C4\CCCC/C(=C\c5ccc(Oc6ccc(S(=O)(=O)c7ccc(Oc8ccc(C(C)(C)c9ccc(*)cc9)cc8)cc7)cc6)cc5)C4=O)cc3)cc2)cc1,188.0,,,,,,,,,
3584,P372451,*Oc1ccc(S(=O)(=O)c2ccc(Oc3ccc(C4(c5ccc(Oc6ccc(S(=O)(=O)c7ccc(Oc8ccc(/C=C9\CC/C(=C\c%10ccc(*)cc%10)C9=O)cc8)cc7)cc6)cc5)CCCC4)cc3)cc2)cc1,240.0,,,,,,,,,
3585,P372452,*Oc1ccc(S(=O)(=O)c2ccc(Oc3ccc(C4(c5ccc(Oc6ccc(S(=O)(=O)c7ccc(Oc8ccc(/C=C9\CCC/C(=C\c%10ccc(*)cc%10)C9=O)cc8)cc7)cc6)cc5)CCCCC4)cc3)cc2)cc1,190.0,,,,,,,,,
3586,P372453,*Oc1ccc(S(=O)(=O)c2ccc(Oc3ccc(C4(c5ccc(Oc6ccc(S(=O)(=O)c7ccc(Oc8ccc(/C=C9\CCCC/C(=C\c%10ccc(*)cc%10)C9=O)cc8)cc7)cc6)cc5)CCCCCC4)cc3)cc2)cc1,196.0,,,,,,,,,
3587,P372454,*CCOc1ccc(OC(=O)c2ccc(C(=O)Oc3ccc(O*)cc3)c(OCCCCC)c2)cc1,95.0,,,,,,,,,
3588,P372473,*OC(=O)OC1COC2C(*)COC12,140.0,,,,,,,,,
3589,P372490,*Oc1ccc(NC(=O)c2ccc(C(=O)Nc3ccc(Oc4ccc(C5(c6ccc(*)cc6)C6CC7CC(C6)CC5C7)cc4)cc3)cc2)cc1,264.0,,,,,,,,,
3590,P372491,*Oc1ccc(NC(=O)c2cccc(C(=O)Nc3ccc(Oc4ccc(C5(c6ccc(*)cc6)C6CC7CC(C6)CC5C7)cc4)cc3)c2)cc1,273.0,,,,,,,,,
3591,P372493,*Oc1ccc(NC(=O)c2ccc(Oc3ccc(C(=O)Nc4ccc(Oc5ccc(C6(c7ccc(*)cc7)C7CC8CC(C7)CC6C8)cc5)cc4)cc3)cc2)cc1,230.0,,,,,,,,,
3592,P372494,*Oc1ccc(NC(=O)c2ccc(S(=O)(=O)c3ccc(C(=O)Nc4ccc(Oc5ccc(C6(c7ccc(*)cc7)C7CC8CC(C7)CC6C8)cc5)cc4)cc3)cc2)cc1,252.0,,,,,,,,,
3593,P372495,*Oc1ccc(NC(=O)c2ccc(C(c3ccc(C(=O)Nc4ccc(Oc5ccc(C6(c7ccc(*)cc7)C7CC8CC(C7)CC6C8)cc5)cc4)cc3)(C(F)(F)F)C(F)(F)F)cc2)cc1,241.0,,,,,,,,,
3594,P372496,*Oc1ccc(NC(=O)c2ccc3cc(C(=O)Nc4ccc(Oc5ccc(C6(c7ccc(*)cc7)C7CC8CC(C7)CC6C8)cc5)cc4)ccc3c2)cc1,266.0,,,,,,,,,
3595,P372497,*Oc1ccc(NC(=O)c2ccc(C(=O)Nc3ccc(Oc4ccc(C5(c6ccc(*)cc6)C6CC7CC(C6)CC5C7)cc4)cc3)c3ccccc23)cc1,269.0,,,,,,,,,
3596,P372502,*c1ccc2oc(-c3ccc(Oc4ccc(C(c5ccc(Oc6ccc(-c7nc8cc(C(*)(C(F)(F)F)C(F)(F)F)ccc8o7)cc6)cc5)(C(F)(F)F)C(F)(F)F)cc4)cc3)nc2c1,255.0,,,,,,,,,
3597,P372504,*CCCCOCC(O)CN(CC(O)CO*)c1ccc(N(C)C)cc1,31.0,,,,,,,,,
3598,P372506,*Oc1ccc(NC(=O)c2cc(C(c3ccc(C(=O)O)c(C(=O)Nc4ccc(Oc5ccc(C(c6ccc(*)cc6)(C(F)(F)F)C(F)(F)F)cc5)cc4)c3)(C(F)(F)F)C(F)(F)F)ccc2C(=O)O)cc1,260.0,,,,,,,,,
3599,P372512,*c1ccc(S(=O)(=O)c2ccc(-n3nc(-c4ccccc4)c4ccc(Oc5ccc6c(-c7ccccc7)nn(*)c(=O)c6c5)cc4c3=O)cc2)cc1,294.5,,,,,,,,,
3600,P372513,*c1ccc(S(=O)(=O)c2ccc(-n3nc(-c4ccccc4)c4cc(Oc5ccc(C(C)(C)c6ccc(Oc7ccc8c(-c9ccccc9)nn(*)c(=O)c8c7)cc6)cc5)ccc4c3=O)cc2)cc1,210.5,,,,,,,,,
3601,P372514,*c1ccc(C(=O)c2ccc(-n3nc(-c4ccccc4)c4cc(Oc5ccc6c(-c7ccccc7)nn(*)c(=O)c6c5)ccc4c3=O)cc2)cc1,275.5,,,,,,,,,
3602,P372515,*c1ccc(C(=O)c2ccc(-n3nc(-c4ccccc4)c4cc(Oc5ccc(C(C)(C)c6ccc(Oc7ccc8c(-c9ccccc9)nn(*)c(=O)c8c7)cc6)cc5)ccc4c3=O)cc2)cc1,195.0,,,,,,,,,
3603,P372516,*c1cccc(-n2nc(-c3ccccc3)c3cc(Oc4ccc5c(-c6ccccc6)nn(*)c(=O)c5c4)ccc3c2=O)c1C#N,301.0,,,,,,,,,
3604,P372517,*c1cccc(-n2nc(-c3ccccc3)c3cc(Oc4ccc(C(C)(C)c5ccc(Oc6ccc7c(-c8ccccc8)nn(*)c(=O)c7c6)cc5)cc4)ccc3c2=O)c1C#N,200.0,,,,,,,,,
3605,P372518,*c1ccc(S(=O)(=O)c2ccc(-n3nc(-c4ccc(Oc5ccc(-c6nn(*)c(=O)c7ccccc67)cc5)cc4)c4ccccc4c3=O)cc2)cc1,295.0,,,,,,,,,
3606,P372519,*c1ccc(C(=O)c2ccc(-n3nc(-c4ccc(Oc5ccc(-c6nn(*)c(=O)c7ccccc67)cc5)cc4)c4ccccc4c3=O)cc2)cc1,301.0,,,,,,,,,
3607,P372521,*=Nc1ccc(Oc2ccc(C(c3ccc(Oc4ccc(/N=C5/OC(=O)c6cc7c(cc65)C(=*)OC7=O)cc4)cc3)(C(F)(F)F)C(F)(F)F)cc2)cc1,287.0,,,,,,,,,
3608,P372522,*COc1ccc(C(c2ccc(OCC3(*)COC3)cc2)(C(F)(F)F)C(F)(F)F)cc1,134.0,,,,,,,,,
3609,P372523,*c1ccc(Oc2ccc(N3C(=O)N4C(c5ccc(OC)cc5)N(*)C(=O)N4C3c3ccc(OC)cc3)cc2)cc1,163.0,,,,,,,,,
3610,P372524,*c1ccc(Oc2ccc(Oc3ccc(P(=O)(c4ccccc4)c4ccc(Oc5ccc(Oc6ccc(-c7nc8cc9sc(*)nc9cc8s7)cc6)cc5)cc4)cc3)cc2)cc1,255.0,,,,,,,,,
3611,P372525,*N1CCOC1(*)CC,55.0,,,,,,,,,
3612,P372527,*c1ccccc1C(=O)Oc1ccc2c(*)c3ccc(=O)cc-3oc2c1,250.0,,,,,,,,,
3613,P372528,*CC[Si](C)(C)O[Si]1(*)O[Si](C)(C)O[Si](C)(C)O1,-64.0,,,,,,,,,
3614,P372529,*c1ccc(Oc2ccc(C(c3ccc(Oc4ccc(-c5ncc(*)o5)cc4C(F)(F)F)cc3)(C(F)(F)F)C(F)(F)F)cc2)c(C(F)(F)F)c1,205.0,,,,,,,,,
3615,P372530,*c1ccc(Oc2ccc(C(C)(C)c3ccc(Oc4ccc(-c5ncc(*)o5)cc4C(F)(F)F)cc3)cc2)c(C(F)(F)F)c1,185.0,,,,,,,,,
3616,P372531,*c1ccc(Oc2ccc(-c3ccc(Oc4ccc(-c5ncc(*)o5)cc4C(F)(F)F)cc3)cc2)c(C(F)(F)F)c1,200.0,,,,,,,,,
3617,P372532,*c1ccc(Oc2ccc(S(=O)(=O)c3ccc(Oc4ccc(-c5ncc(*)o5)cc4C(F)(F)F)cc3)cc2)c(C(F)(F)F)c1,210.0,,,,,,,,,
3618,P372533,*c1ccc(OCOc2ccc(-c3nc(-c4ccc([N+](=O)[O-])cc4)oc3*)cc2)cc1,194.0,,,,,,,,,
3619,P372537,*c1ccc(C(=O)c2ccc(Oc3ccc(-c4nn(*)c(=O)c5ccccc45)cc3)cc2)cc1,263.0,,,,,,,,,
3620,P372544,*OCCOC(=O)CCCC(=O)OCCOc1nc(-c2ccc(OC)cc2)nc(*)c1-c1ccc(OC)cc1,57.0,,,,,,,,,
3621,P372545,*OCCOC(=O)CCCC(=O)OCCOc1nc(-c2ccc(OCCCC)cc2)nc(*)c1-c1ccc(OC)cc1,46.0,,,,,,,,,
3622,P372546,*OCCOC(=O)CCCC(=O)OCCOc1nc(-c2ccc(OCCCC)cc2)nc(*)c1-c1ccc(OCCCC)cc1,37.0,,,,,,,,,
3623,P372547,*OCCOC(=O)CCCCC(=O)OCCOc1nc(-c2ccc(OC)cc2)nc(*)c1-c1ccc(OC)cc1,48.0,,,,,,,,,
3624,P372548,*OCCOC(=O)CCCCC(=O)OCCOc1nc(-c2ccc(OCCCC)cc2)nc(*)c1-c1ccc(OC)cc1,34.0,,,,,,,,,
3625,P372549,*OCCOC(=O)c1ccc(C(=O)OCCOc2nc(-c3ccc(OCCCC)cc3)nc(*)c2-c2ccc(OC)cc2)cc1,94.0,,,,,,,,,
3626,P372550,*OCCOC(=O)c1cccc(C(=O)OCCOc2nc(-c3ccc(OCCCC)cc3)nc(*)c2-c2ccc(OC)cc2)c1,92.0,,,,,,,,,
3627,P372551,*CCOCCOCCOC(=O)c1cc(/N=N/c2ccc(OCC)cc2)ccc1-c1ccc(/N=N/c2ccc(OCC)cc2)cc1C(=O)O*,65.0,,,,,,,,,
3628,P372552,*OCCOC(=O)c1cc(/N=N/c2ccc(OCC)cc2)ccc1-c1ccc(/N=N/c2ccc(OCC)cc2)cc1C(=O)OCCOc1nc(-c2ccc(OCCCC)cc2)nc(*)c1-c1ccc(OC)cc1,126.0,,,,,,,,,
3629,P372553,*OC1C(COCO)OC(*)C(O)C1O,208.0,,,,,,,,,
3630,P372554,*CCCCCOc1ccc(/C=C/C(=O)OCCN(CCOC(=O)/C=C/c2ccc(O*)cc2)c2ccc(/N=N/c3ccc([N+](=O)[O-])cc3)cc2)cc1,92.0,,,,,,,,,
3631,P372555,*CCOCCOC(=O)/C=C/C(=O)O*,-8.2,,,,,,,,,
3632,P372556,*CC(COc1ccc(C(C)(C)c2ccc(O*)cc2)cc1)OC(=O)/C=C/c1ccccc1,100.6,,,,,,,,,
3633,P372557,*CC(COc1ccc(C(C)(C)c2ccc(O*)cc2)cc1)OC(=O)/C=C/c1ccco1,107.2,,,,,,,,,
3634,P372568,*c1ccc(OCCN(CCOc2ccc(-c3cc(-c4ccccc4)c4cc(Oc5ccc6nc(*)cc(-c7ccccc7)c6c5)ccc4n3)cc2)c2ccc(C(C#N)=C(C#N)C#N)cc2)cc1,175.0,,,,,,,,,
3635,P372570,*c1ccc(OCCN(CC)c2ccc(C(C#N)=C(C#N)C#N)cc2)c(-c2cc(-c3ccccc3)c3cc(Oc4ccc5nc(*)cc(-c6ccccc6)c5c4)ccc3n2)c1,200.0,,,,,,,,,
3636,P372572,*c1ccc(OCCCCCCN(CC)c2ccc(C(C#N)=C(C#N)C#N)cc2)c(-c2cc(-c3ccccc3)c3cc(Oc4ccc5nc(*)cc(-c6ccccc6)c5c4)ccc3n2)c1,175.0,,,,,,,,,
3637,P372573,*CC(O)CN(CC(O)COc1ccc(C(C)(C)c2ccc(O*)cc2)cc1)c1ccc(/C=C/c2ccc([N+](=O)[O-])cc2)cc1,320.0,,,,,,,,,
3638,P372575,*O[Si](C)(C)CCCCCCOC(=O)C(C)Oc1ccc(OC(=O)c2ccc(-c3ccc(OCCCCCCCCCC[Si](*)(C)C)cc3)cc2)cc1,35.0,,,,,,,,,
3639,P372576,*O[Si](C)(C)CCCCCCOC(=O)C(C)Oc1ccc(OC(=O)c2ccc(-c3ccc(OCCCCCCCCCC[Si](*)(C)C)cc3)cc2)cc1[N+](=O)[O-],20.0,,,,,,,,,
3640,P372578,*Oc1ccc(NC(=O)Nc2ccccc2CCc2ccc(NC(=O)Nc3ccc(*)cc3)cc2)cc1,200.0,,,,,,,,,
3641,P372579,*Oc1ccc(NC(=O)Nc2ccccc2CCc2ccccc2NC(=O)Nc2ccc(*)cc2)cc1,232.0,,,,,,,,,
3642,P372580,*Oc1cccc(OC2(F)C(*)(F)C(F)(F)C2(F)F)c1,32.0,,,,,,,,,
3643,P372581,*Oc1ccc(-c2ccc(OC3(F)C(*)(F)C(F)(F)C3(F)F)cc2)cc1,161.0,,,,,,,,,
3644,P372582,*Oc1ccc(Sc2ccc(OC3(F)C(*)(F)C(F)(F)C3(F)F)cc2)cc1,78.0,,,,,,,,,
3645,P372583,*Oc1ccc(C(C)(C)c2ccc(OC3(F)C(*)(F)C(F)(F)C3(F)F)cc2)cc1,98.0,,,,,,,,,
3646,P372584,*Oc1ccc(C(c2ccc(OC3(F)C(*)(F)C(F)(F)C3(F)F)cc2)(C(F)(F)F)C(F)(F)F)cc1,122.5,,,,,,,,,
3647,P372585,*Oc1ccc(C2(c3ccc(OC4(F)C(*)(F)C(F)(F)C4(F)F)cc3)c3ccccc3-c3ccccc32)cc1,228.0,,,,,,,,,
3648,P372586,*Oc1cccc(Oc2ccc(C(=O)c3ccc(*)cc3)cc2)c1,125.0,,,,,,,,,
3649,P372587,*Oc1ccc(-c2ccc(Oc3ccc(*)cc3)c3ccccc23)c2ccccc12,226.0,,,,,,,,,
3650,P372588,*Oc1ccc(-c2ccc(Oc3ccc(Oc4ccc(Oc5ccc(*)cc5)cc4)cc3)c3ccccc23)c2ccccc12,147.0,,,,,,,,,
3651,P372589,*Oc1ccc(-c2ccc(Oc3ccc(Oc4cccc(Oc5ccc(*)cc5)c4C)cc3)c3ccccc23)c2ccccc12,156.0,,,,,,,,,
3652,P372590,*Oc1ccc(-c2ccc(Oc3ccc(Oc4cc(Oc5ccc(*)cc5)ccc4CCCCCC)cc3)c3ccccc23)c2ccccc12,150.0,,,,,,,,,
3653,P372591,*c1ccc(Oc2ccc(Oc3ccc(-c4ccc(Oc5ccc(Oc6ccc(C7(*)OC(=O)c8ccccc87)cc6)cc5)c5ccccc45)c4ccccc34)cc2)cc1,198.0,,,,,,,,,
3654,P372592,*Oc1ccc(-c2ccc(Oc3ccc(Oc4ccc(S(=O)(=O)c5ccc(Oc6ccc(*)cc6)cc5)cc4)cc3)c3ccccc23)c2ccccc12,214.0,,,,,,,,,
3655,P372594,*CCCCCCOc1c(OC)cc(/C=C/c2ccc(/C=C/c3cc(OC)c(O*)c(OC)c3)cc2)cc1OC,90.0,,,,,,,,,
3656,P372595,*CCCCCCCCOc1c(OC)cc(/C=C/c2ccc(/C=C/c3cc(OC)c(O*)c(OC)c3)cc2)cc1OC,69.4,,,,,,,,,
3657,P372596,*CCCCCCCCCCOc1c(OC)cc(/C=C/c2ccc(/C=C/c3cc(OC)c(O*)c(OC)c3)cc2)cc1OC,68.5,,,,,,,,,
3658,P372597,*CCCCCCCCCCCCOc1c(OC)cc(/C=C/c2ccc(/C=C/c3cc(OC)c(O*)c(OC)c3)cc2)cc1OC,61.1,,,,,,,,,
3659,P372598,*CCCCCCCCOc1c(OC)cc(/C=C/c2ccc(/C=C/c3ccc(/C=C/c4cc(OC)c(O*)c(OC)c4)cc3)cc2)cc1OC,68.1,,,,,,,,,
3660,P372599,*OC1C(CO)OC(*)C(N)C1O,194.0,,,,,,,,,
3661,P372600,*OC1C(CO)OC(*)C(NC(C)=O)C1O,154.6,,,,,,,,,
3662,P372603,*Oc1ccc(NC(=O)c2cc(-c3ccc(C(=O)OCC)c(C(=O)Nc4ccc(*)cc4)c3)ccc2C(=O)OCC)cc1,190.15,,,,,,,,,
3663,P372604,*Oc1ccc(NC(=O)c2cc(C(=O)Nc3ccc(*)cc3)c(C(=O)OCC)cc2C(=O)OCC)cc1,208.05,,,,,,,,,
3664,P372608,*Oc1ccc(Oc2ccc(C(=O)c3ccc(*)cc3)cc2)cc1S(=O)(=O)O,225.0,,,,,,,,,
3665,P372622,*COC(=O)OC1C(*)OC2OC(C)(C)OC21,128.0,,,,,,,,,
3666,P372623,*OC(=O)C(Cc1ccccc1)NC(=O)CCCCC(=O)NC(Cc1ccccc1)C(=O)OC1COC2C(*)COC12,97.5,,,,,,,,,
3667,P372624,*OC(=O)C(Cc1ccccc1)NC(=O)CCCCCCC(=O)NC(Cc1ccccc1)C(=O)OC1COC2C(*)COC12,91.0,,,,,,,,,
3668,P372625,*OC(=O)C(Cc1ccccc1)NC(=O)CCCCCCCCC(=O)NC(Cc1ccccc1)C(=O)OC1COC2C(*)COC12,74.0,,,,,,,,,
3669,P372626,*OC(=O)C(Cc1ccccc1)NC(=O)CCCCCCCCCCC(=O)NC(Cc1ccccc1)C(=O)OC1COC2C(*)COC12,76.0,,0.222,,,,,,,
3670,P372627,*OC(=O)C(CC(C)C)NC(=O)CCCCC(=O)NC(CC(C)C)C(=O)OC1COC2C(*)COC12,91.0,,,,,,,,,
3671,P372628,*OC(=O)C(CC(C)C)NC(=O)CCCCCCCCC(=O)NC(CC(C)C)C(=O)OC1COC2C(*)COC12,89.0,,,,,,,,,
3672,P372629,*OC(=O)C(NC(=O)CCCCC(=O)NC(C(=O)OC1COC2C(*)COC12)C(C)CC)C(C)CC,102.0,,,,,,,,,
3673,P372630,*OC(=O)C(NC(=O)CCCCCCCCC(=O)NC(C(=O)OC1COC2C(*)COC12)C(C)CC)C(C)CC,91.0,,,,,,,,,
3674,P372631,*OC(=O)C(CCSC)NC(=O)CCCCC(=O)NC(CCSC)C(=O)OC1COC2C(*)COC12,71.0,,,,,,,,,
3675,P372632,*OC(=O)C(CCSC)NC(=O)CCCCCCCCC(=O)NC(CCSC)C(=O)OC1COC2C(*)COC12,61.0,,,,,,,,,
3676,P372633,*Oc1ccc(N(c2ccccc2)c2ccc(-c3ccc(N(c4ccccc4)c4ccc(*)cc4)cc3)cc2)cc1,218.0,,,,,,,,,
3677,P372634,*Oc1ccc(N(c2ccc(OC)cc2)c2ccc3ccc(N(c4ccc(*)cc4)c4ccc(OC)cc4)cc3c2)cc1,197.0,,,,,,,,,
3678,P372637,*Oc1ccc(NC(=C(C#N)C#N)c2ccc(C(Nc3ccc(*)cc3)=C(C#N)C#N)cc2)cc1,274.0,,,,,,,,,
3679,P372638,*Oc1ccc(NC(=C(C#N)C#N)c2ccc3cc(C(Nc4ccc(*)cc4)=C(C#N)C#N)ccc3c2)cc1,280.0,,,,,,,,,
3680,P372639,*Oc1ccc(Oc2ccc(NC(=C(C#N)C#N)c3ccc(C(Nc4ccc(*)cc4)=C(C#N)C#N)cc3)cc2)cc1,255.0,,,,,,,,,
3681,P372640,*Oc1ccc(Oc2ccc(NC(=C(C#N)C#N)c3cccc(C(Nc4ccc(*)cc4)=C(C#N)C#N)c3)cc2)cc1,228.0,,,,,,,,,
3682,P372649,*COC1OC(*)C(O)C(O)C1O,200.0,,,,,,,,,
3683,P372652,*CCCCOc1ccc(OC(=O)c2ccc(C(=O)Oc3ccc(O*)cc3)c(C(=O)OCC=C)c2)cc1,56.0,,,,,,,,,
3684,P372656,*O[Si](C)(C)COC(=O)CCCCCCCCC(=O)Oc1ccc(S(=O)(=O)c2ccc(Oc3ccc(/C=C4\CC/C(=C\c5ccc(Oc6ccc(S(=O)(=O)c7ccc(OC(=O)CCCCCCCCC(=O)OC[Si](*)(C)C)cc7)cc6)cc5)C4=O)cc3)cc2)cc1,73.0,,,,,,,,,
3685,P372657,*O[Si](C)(C)COC(=O)CCCCCCCCC(=O)Oc1ccc(S(=O)(=O)c2ccc(Oc3ccc(/C=C4\CCC/C(=C\c5ccc(Oc6ccc(S(=O)(=O)c7ccc(OC(=O)CCCCCCCCC(=O)OC[Si](*)(C)C)cc7)cc6)cc5)C4=O)cc3)cc2)cc1,80.0,,,,,,,,,
3686,P372658,*O[Si](C)(C)COC(=O)CCCCCCCCC(=O)Oc1ccc(S(=O)(=O)c2ccc(Oc3ccc(/C=C4\CCCC/C(=C\c5ccc(Oc6ccc(S(=O)(=O)c7ccc(OC(=O)CCCCCCCCC(=O)OC[Si](*)(C)C)cc7)cc6)cc5)C4=O)cc3)cc2)cc1,81.0,,,,,,,,,
3687,P372659,*CCNC(=O)Nc1ccc(Cc2ccc(NC(=O)NCCOCCO*)cc2)cc1,8.0,,,,,,,,,
3688,P372660,*OC1C(COC(=O)Nc2ccccc2)OC(*)C(OC(=O)Nc2ccccc2)C1OC(=O)Nc1ccccc1,217.0,,,,,,,,,
3689,P372662,*O[Si](C)(C)O[Si](C)(C)O[Si](C)(C)O[Si](C)(C)O[Si](C)(C)O[Si](C)(C)Oc1c(*)c2ccccc2c2ccccc12,-68.0,,,,,,,,,
3690,P372663,*O[Si](C)(C)O[Si](C)(C)O[Si](C)(C)O[Si](C)(C)O[Si](C)(C)Oc1c(*)c2ccccc2c2ccccc12,-38.0,,,,,,,,,
3691,P372664,*O[Si](C)(C)O[Si](C)(C)O[Si](C)(C)O[Si](C)(C)Oc1c(*)c2ccccc2c2ccccc12,-35.0,,,,,,,,,
3692,P372665,*c1ccc(Oc2ccc(/C=C/c3ccc(Oc4ccc(-c5nnc(*)o5)cc4)cc3)cc2)cc1,215.0,,,,,,,,,
3693,P372666,*c1ccc(Oc2ccc(/C=C/c3ccc(Oc4ccc(-c5nnc(*)o5)cc4)c4ccccc34)cc2)cc1,213.0,,,,,,,,,
3694,P372667,*c1nnc(-c2ccc(Oc3ccc(/C=C/c4ccc(Oc5ccc(*)c6ccccc56)cc4)cc3)c3ccccc23)o1,238.0,,,,,,,,,
3695,P372668,*c1nnc(-c2ccc(Oc3ccc(/C=C/c4ccc(Oc5ccc(*)c6ccccc56)cc4)c4ccccc34)c3ccccc23)o1,241.0,,,,,,,,,
3696,P372669,*CCCCCCOc1ccc(/C=C/c2ccc(O*)cc2)cc1,76.0,,,,,,,,,
3697,P372670,*CCCCCCOc1ccc(/C=C/c2ccc(O*)c3ccccc23)cc1,78.0,,,,,,,,,
3698,P372672,*Oc1cc(OC(=O)c2ccc(Oc3ccc(C4(c5ccc(Oc6ccc(C(*)=O)cc6)cc5)CCC(C(C)(C)C)CC4)cc3)cc2)ccc1C12CC3CC(CC(C3)C1)C2,180.0,,,,,,,,,
3699,P372673,*Oc1ccc(-c2ccc(OC(=O)c3ccc(Oc4ccc(C5(c6ccc(Oc7ccc(C(*)=O)cc7)cc6)CCC(C(C)(C)C)CC5)cc4)cc3)cc2C)c(C)c1,163.0,,,,,,,,,
3700,P372674,*Oc1ccc(C2(c3ccc(OC(=O)c4ccc(Oc5ccc(C6(c7ccc(Oc8ccc(C(*)=O)cc8)cc7)CCC(C(C)(C)C)CC6)cc5)cc4)cc3)C3CC4CC(C3)CC2C4)cc1,197.0,,,,,,,,,
3701,P372675,*Oc1ccc(C2(c3ccc(Oc4ccc(C(=O)Oc5ccc(C6(c7ccc(OC(=O)c8ccc(*)cc8)cc7)CCC(c7ccccc7)CC6)cc5)cc4)cc3)CCC(C(C)(C)C)CC2)cc1,172.0,,,,,,,,,
3702,P372676,*Oc1ccc(C2(c3ccc(OC(=O)c4ccc(Oc5ccc(C6(c7ccc(Oc8ccc(C(*)=O)cc8)cc7)CCC(C(C)(C)C)CC6)cc5)cc4)cc3)CCCCCCCCCCC2)cc1,181.0,,,,,,,,,
3703,P372677,*Oc1ccc(C2(c3ccc(Oc4ccc(C(=O)Oc5ccc(C(C)(C)c6ccc(OC(=O)c7ccc(*)cc7)cc6)cc5)cc4)cc3)CCC(C(C)(C)C)CC2)cc1,144.0,,,,,,,,,
3704,P372678,*Oc1ccc(C2(c3ccc(Oc4ccc(C(=O)Oc5c(C)cc(C(C)(C)c6cc(C)c(OC(=O)c7ccc(*)cc7)c(C)c6)cc5C)cc4)cc3)CCC(C(C)(C)C)CC2)cc1,176.0,,,,,,,,,
3705,P372679,*OC(=O)C(C)NC(=O)CCCCC(=O)NC(C)C(=O)OC1COC2C(*)COC12,56.0,,,,,,,,,
3706,P372680,*OC(=O)C(C)NC(=O)CCCCCC(=O)NC(C)C(=O)OC1COC2C(*)COC12,45.0,,,,,,,,,
3707,P372681,*OC(=O)C(C)NC(=O)CCCCCCC(=O)NC(C)C(=O)OC1COC2C(*)COC12,57.0,,,,,,,,,
3708,P372682,*OC(=O)C(C)NC(=O)CCCCCCCC(=O)NC(C)C(=O)OC1COC2C(*)COC12,46.0,,,,,,,,,
3709,P372683,*OC(=O)C(C)NC(=O)CCCCCCCCC(=O)NC(C)C(=O)OC1COC2C(*)COC12,57.0,,,,,,,,,
3710,P372684,*OC(=O)C(C)NC(=O)CCCCCCCCCCC(=O)NC(C)C(=O)OC1COC2C(*)COC12,28.0,,,,,,,,,
3711,P372685,*OC(=O)CNC(=O)CCCCCCCCC(=O)NCC(=O)OC1COC2C(*)COC12,66.0,,,,,,,,,
3712,P372686,*OC(=O)CNC(=O)CNC(=O)CCCCCCCCC(=O)NCC(=O)NCC(=O)OC1COC2C(*)COC12,47.0,,,,,,,,,
3713,P372687,*CCCCCCCCOc1ccc(/C=C/c2cc(OCCCCCCCC)c(/C=C/c3ccc(O*)cc3)cc2OCCCCCCCC)cc1,130.0,,,,,,,,,
3714,P372688,*Oc1ccc(/C(=C/c2cc(OC)c(/C=C(/c3ccc(*)cc3)c3ccc(F)cc3)cc2OC)c2ccc(F)cc2)cc1,187.0,,,,,,,,,
3715,P372689,*Oc1ccc(/C(=C/c2cc(OC)c(/C=C(/c3ccc(*)cc3)c3ccc(C(F)(F)F)cc3)cc2OC)c2ccc(C(F)(F)F)cc2)cc1,194.0,,,,,,,,,
3716,P372690,*Oc1ccc(N(c2ccc(OCCCCCC)cc2)c2ccc(-c3ccc(N(c4ccc(*)cc4)c4ccc(OCCCCCC)cc4)cc3)cc2)cc1,105.0,,,,,,,,,
3717,P372691,*CCCCCCCCCCOc1ccc(N(c2ccccc2)c2ccc(-c3ccc(N(c4ccccc4)c4ccc(O*)cc4)cc3)cc2)cc1,90.0,,,,,,,,,
3718,P372696,*Oc1ccc(C2(c3ccc(OC(=O)c4ccc(Oc5ccc(C6(c7ccc(Oc8ccc(C(*)=O)cc8)cc7)CCC(C(C)(C)C)CC6)cc5)cc4)cc3)CC3CC2C2CCCC32)cc1,181.0,,,,,,,,,
3719,P372703,*O[Si](C)(C)O[Si](C)(C)O[Si](C)(C)O[Si](C)(C)O[Si](C)(C)O[Si](C)(C)OC1=C(*)c2cccc3cccc1c23,-93.0,,,,,,,,,
3720,P372704,*O[Si](C)(C)O[Si](C)(C)O[Si](C)(C)O[Si](C)(C)O[Si](C)(C)OC1=C(*)c2cccc3cccc1c23,-54.0,,,,,,,,,
3721,P372705,*O[Si](C)(C)O[Si](C)(C)O[Si](C)(C)O[Si](C)(C)OC1=C(*)c2cccc3cccc1c23,-43.0,,,,,,,,,
3722,P372712,*Oc1ccc(Oc2ccc(NC(=O)c3cccc(C(=O)Nc4ccc(*)cc4)c3)cc2)cc1C(C)(C)C,208.0,,,,,,,,,
3723,P372724,*CC(CC)(CO*)COC(=O)C(=C)C,40.0,,,,,,,,,
3724,P372725,*O[Si](C)(C)O[Si](C)(C)OC(C)CCC(*)C,-83.0,,,,,,,,,
3725,P372726,*O[Si](C)(C)O[Si](C)(C)O[Si](C)(C)OC(C)CCC(*)C,-90.0,,,,,,,,,
3726,P372727,*O[Si](C)(C)O[Si](C)(C)O[Si](C)(C)O[Si](C)(C)OC(C)CCC(*)C,-96.0,,,,,,,,,
3727,P372728,*O[Si](C)(C)O[Si](C)(C)O[Si](C)(C)O[Si](C)(C)O[Si](C)(C)OC(C)CCC(*)C,-106.0,,,,,,,,,
3728,P372740,*Oc1ccc(NC(=O)c2ccc(NC(=O)c3ccc([Si](C)(C)c4ccc(C(=O)Nc5ccc(C(=O)Nc6ccc(*)cc6)cc5)cc4)cc3)cc2)cc1,304.0,,,,,,,,,
3729,P372757,*Oc1ccc(N(CC)c2ccc(/C=C(\C#N)C(=O)NC3CCCCC3NC(=O)/C(C#N)=C/c3ccc(N(CC)c4ccc(*)cc4)cc3)cc2)cc1,235.0,,,,,,,,,
3730,P372758,*c1ccc(CC(=O)Nc2ccc(Oc3ccc(NC(=O)Cc4ccc(-c5sc(*)c(-c6ccccc6)c5-c5ccccc5)cc4)cc3)cc2)cc1,226.0,,,,,,,,,
3731,P372771,*OC(=O)c1ccc(/N=N/c2ccc(C(=O)OC3COC4C(*)COC34)cc2)cc1,98.0,,,,,,,,,
3732,P372775,*OC(=O)CCCCCCCCC(=O)OC1COC2C(*)COC12,3.0,,,,,,,,,
3733,P372784,*CC#CC#CCOc1ccc(C(=O)OCCN(CCOC(=O)c2ccc(O*)cc2)c2ccc([N+](=O)[O-])cc2)cc1,100.0,,,,,,,,,
3734,P372785,*CC#CC#CCOc1ccc(C(=O)OCCN(CCOC(=O)c2ccc(O*)cc2)c2ccc(/N=N/c3ccc(C#N)cc3)cc2)cc1,121.0,,,,,,,,,
3735,P372786,*CC#CC#CCOc1ccc(C(=O)OCCN(CCOC(=O)c2ccc(O*)cc2)c2ccc(/N=N/c3ccc([N+](=O)[O-])cc3)cc2)cc1,100.0,,,,,,,,,
3736,P372787,*CC#CC#CCOc1cccc(C(=O)OCCN(CCOC(=O)c2cccc(O*)c2)c2ccc(/N=N/c3ccc(C#N)cc3)cc2)c1,50.0,,,,,,,,,
3737,P372788,*CC#CC#CCOc1ccc(C(=O)OCCN(CCOC(=O)c2ccc(O*)cc2)c2ccc(/N=N/c3ccc(/N=N/c4cc(C)c([N+](=O)[O-])c(C)c4)cc3)cc2)cc1,115.0,,,,,,,,,
3738,P372789,*CC#CC#CCOc1ccc(C(=O)OCCN(CCOC(=O)c2ccc(O*)cc2)c2ccc(/N=N/c3ccc(/N=N/c4cc(C)c(C#N)c(C)c4)cc3)cc2)cc1,120.0,,,,,,,,,
3739,P372790,*Oc1ccc(S(=O)(=O)c2ccc(Oc3ccc(C(=O)c4cc(Br)cc(C(=O)c5ccc(*)cc5)c4)cc3)cc2)cc1,192.0,,,,,,,,,
3740,P372791,*Oc1ccc(S(=O)(=O)c2ccc(Oc3ccc(C(=O)c4cc(I)cc(C(=O)c5ccc(*)cc5)c4)cc3)cc2)cc1,203.0,,,,,,,,,
3741,P372792,*Oc1ccc(S(=O)(=O)c2ccc(Oc3ccc(C(=O)c4cc(C(=O)c5ccc(*)cc5)cc(C(C)(C)C)c4)cc3)cc2)cc1,198.0,,,,,,,,,
3742,P372793,*Oc1ccc(C(c2ccc(Oc3ccc(C(=O)c4cccc(C(=O)c5ccc(*)cc5)c4)cc3)cc2)(C(F)(F)F)C(F)(F)F)cc1,168.1,,,,,,,,,
3743,P372794,*Oc1ccc(C(c2ccc(Oc3ccc(C(=O)c4cc(C(=O)c5ccc(*)cc5)cc(C(C)(C)C)c4)cc3)cc2)(C(F)(F)F)C(F)(F)F)cc1,181.0,,,,,,,,,
3744,P372796,*c1ccc(C#Cc2cc(OCCCCCCCC)c(C#Cc3ccc(-c4nnc(*)o4)cc3)cc2OCCCCCCCC)cc1,130.0,,,,,,,,,
3745,P372798,*O[Si](C)(C)O[Si](C)(C)OC(C)CCCCC(*)C,-87.0,,,,,,,,,
3746,P372799,*O[Si](C)(C)O[Si](C)(C)O[Si](C)(C)OC(C)CCCCC(*)C,-94.0,,,,,,,,,
3747,P372800,*O[Si](C)(C)O[Si](C)(C)O[Si](C)(C)O[Si](C)(C)OC(C)CCCCC(*)C,-98.0,,,,,,,,,
3748,P372801,*O[Si](C)(C)O[Si](C)(C)O[Si](C)(C)O[Si](C)(C)O[Si](C)(C)OC(C)CCCCC(*)C,-104.0,,,,,,,,,
3749,P372802,*c1ccc(-c2nnc(*)o2)c(OCC)c1,231.0,,,,,,,,,
3750,P372803,*c1ccc(-c2nnc(*)o2)c(OCCCCC)c1,205.0,,,,,,,,,
3751,P372804,*c1ccc(-c2nnc(*)o2)c(OCCCCCCCC)c1,173.0,,,,,,,,,
3752,P372805,*c1ccc(-c2nnc(*)o2)c(OCCCCCCCCCC)c1,165.0,,,,,,,,,
3753,P372806,*c1ccc(Oc2ccc(C(=O)c3ccc(Oc4ccc(C5(*)c6ccccc6C(=O)N5C)cc4)cc3)cc2)cc1,245.0,,,,,,,,,
3754,P372808,*CC(OO*)c1ccc(C)cc1,4.6,,,,,,,,,
3755,P372809,*CC(OO*)c1ccc(Br)cc1,9.6,,,,,,,,,
3756,P372810,*CC(OO*)c1ccc(C(C)(C)C)cc1,19.9,,,,,,,,,
3757,P372811,*Oc1cccc(Oc2ccc(C(=O)O)c(C(=O)Nc3ccc(Oc4ccc(-c5ccc(Oc6ccc(NC(=O)c7cc(*)ccc7C(=O)O)cc6)cc5)cc4)cc3)c2)c1,100.0,,,,,,,,,
3758,P372812,*CCCC(C)O[Si](C)(C)O*,-81.0,,,,,,,,,
3759,P372813,*CCC(C)O[Si](C)(C)O*,-88.0,,,,,,,,,
3760,P372814,*OC(F)(C(=O)N([Li])S(=O)(=O)C(F)(F)C(*)(F)F)C(F)(F)F,67.0,,,,,,,,,
3761,P372826,*C1OCOC(C(*)(F)F)C1(F)F,125.0,,,,,,,,,
3762,P372827,*Oc1ccc(P(=O)(c2ccccc2)c2ccc(Oc3ccc(C(c4ccc(*)cc4)(C(F)(F)F)C(F)(F)F)cc3)cc2)cc1,210.5,,,,,,,,,
3763,P372828,*Oc1c(F)c(F)c(Sc2c(F)c(F)c(Oc3ccc(C(c4ccc(*)cc4)(C(F)(F)F)C(F)(F)F)cc3)c(F)c2F)c(F)c1F,141.5,,,,,,,,,
3764,P372829,*c1ccc(Oc2ccc(S(=O)(=O)c3ccc(Oc4ccc(C5(*)OC(=O)c6ccccc65)cc4C)cc3)cc2)c(C)c1,245.0,,,,,,,,,
3765,P372830,*c1cc(C)c(Oc2ccc(S(=O)(=O)c3ccc(Oc4cc(C)c(C5(*)OC(=O)c6ccccc65)cc4C)cc3)cc2)cc1C,269.0,,,,,,,,,
3766,P372831,*c1cc(C(C)C)c(Oc2ccc(S(=O)(=O)c3ccc(Oc4cc(C)c(C5(*)OC(=O)c6ccccc65)cc4C(C)C)cc3)cc2)cc1C,230.0,,,,,,,,,
3767,P372832,*Oc1ccc(S(=O)(=O)c2ccc(Oc3cc(C)c(C(c4cc(C(C)C)c(*)cc4C)c4ccccc4C(=O)O)cc3C(C)C)cc2)cc1,240.0,,,,,,,,,
3768,P372833,*Oc1ccc(S(=O)(=O)c2ccc(Oc3ccc(C(c4ccc(*)cc4)c4ccccc4C(=O)O)cc3)cc2)cc1,223.0,,,,,,,,,
3769,P372836,*Oc1cccc(N(c2ccccc2)c2ccc(-c3ccc(N(c4ccccc4)c4cccc(OC(=O)OCCOCCOC(*)=O)c4)cc3)cc2)c1,113.0,,,,,,,,,
3770,P372837,*Oc1cccc(N(c2ccccc2)c2ccc(-c3ccc(N(c4ccc(/N=N/c5ccc([N+](=O)[O-])cc5)cc4)c4cccc(OC(=O)OCCOCCOC(*)=O)c4)cc3)cc2)c1,111.0,,,,,,,,,
3771,P372842,*C1OCCCC1C1C(=O)OC(=O)C1*,210.0,,,,,,,,,
3772,P372848,*OC1C(COC(C)=O)OC(*)C(OC(C)=O)C1O,202.0,,,,,,,,,
3773,P372852,*Oc1ccc(-c2ccc(Oc3ccc(C(=O)c4ccc(C(=O)c5ccc(*)cc5)cc4)cc3)cc2)cc1,173.0,,,,,,,,,
3774,P372854,*Oc1ccc(OC(=O)c2ccc(Oc3ccc(C(*)=O)cc3)cc2)c2ccccc12,166.0,,,,,,,,,
3775,P372855,*Oc1cccc2c(OC(=O)c3ccc(Oc4ccc(C(*)=O)cc4)cc3)cccc12,171.0,,,,,,,,,
3776,P372856,*Oc1cccc2cc(OC(=O)c3ccc(Oc4ccc(C(*)=O)cc4)cc3)ccc12,179.0,,,,,,,,,
3777,P372857,*Oc1cc2ccccc2cc1OC(=O)c1ccc(Oc2ccc(C(*)=O)cc2)cc1,148.0,,,,,,,,,
3778,P372858,*Oc1ccc2cc(OC(=O)c3ccc(Oc4ccc(C(*)=O)cc4)cc3)ccc2c1,145.0,,,,,,,,,
3779,P372859,*Oc1ccc2ccc(OC(=O)c3ccc(Oc4ccc(C(*)=O)cc4)cc3)cc2c1,142.0,,,,,,,,,
3780,P372862,*c1ccc(OCCCCCCCCCCCOC(=O)c2cccc(C(=O)OCCCCCCCCCCCOc3ccc(-c4nnc(*)s4)cc3)c2)cc1,68.0,,,,,,,,,
3781,P372863,*c1ccc(OCCCCCCCCCCCOC(=O)c2ccc(C(=O)OCCCCCCCCCCCOc3ccc(-c4nnc(*)s4)cc3)cc2)cc1,64.0,,,,,,,,,
3782,P372864,*c1ccc(OCCCCCCCCCCCOC(=O)CCCCC(=O)OCCCCCCCCCCCOc2ccc(-c3nnc(*)s3)cc2)cc1,69.0,,,,,,,,,
3783,P372865,*c1ccc(OCCCCCCCCCCCOC(=O)CCCCCCCCC(=O)OCCCCCCCCCCCOc2ccc(-c3nnc(*)s3)cc2)cc1,52.0,,,,,,,,,
3784,P372866,*c1ccc(OCCCCCCCCCCCOC(=O)c2cccc(C(=O)OCCCCCCCCCCCOc3cccc(-c4nnc(*)s4)c3)c2)cc1,39.0,,,,,,,,,
3785,P372867,*c1ccc(OCCCCCCCCCCCOC(=O)c2ccc(C(=O)OCCCCCCCCCCCOc3cccc(-c4nnc(*)s4)c3)cc2)cc1,35.0,,,,,,,,,
3786,P372870,*c1cccc(OCCCCCCCCCCCOC(=O)c2cccc(C(=O)OCCCCCCCCCCCOc3cccc(-c4nnc(*)s4)c3)c2)c1,15.0,,,,,,,,,
3787,P372871,*c1cccc(OCCCCCCCCCCCOC(=O)c2ccc(C(=O)OCCCCCCCCCCCOc3cccc(-c4nnc(*)s4)c3)cc2)c1,22.0,,,,,,,,,
3788,P372874,*Oc1ccc(C(C)(C)C)cc1Oc1ccc(S(=O)(=O)c2ccc(*)cc2)cc1,182.0,,,,,,,,,
3789,P372875,*Oc1ccc(Oc2ccc(C(=O)c3ccc(C(=O)c4ccc(*)cc4)cc3)cc2)cc1-c1ccc(Cl)c(C(F)(F)F)c1,147.0,,,,,,,,,
3790,P372876,*CC(O)COC(=O)/C=C/C(=O)Oc1ccc(C(C)(C)c2ccc(O*)cc2)cc1,32.0,,,,,,,,,
3791,P372877,*CCCCCCCCOc1ccc(C(C)(C)c2ccc(O*)cc2)cc1,19.6,,,,,,,,,
3792,P372878,*CCCCCCCCOc1ccc(C(c2ccc(O*)cc2)(C(F)(F)F)C(F)(F)F)cc1,27.8,,,,,,,,,
3793,P372879,*Oc1ccc(C(=O)NNC(=O)c2ccc(*)cc2)cc1,263.0,,,,,,,,,
3794,P372928,*CCOCCOCCOCCOC(=O)Nc1ccc(Cc2ccc(NC(=O)O*)cc2)cc1,37.0,,,,,,,,,
3795,P372933,*CCCCCCOC(=O)C(CCCCCBr)C(=O)OCCCCCCOc1ccc(-n2on2-c2ccc(O*)cc2)cc1,7.0,,,,,,,,,
3796,P372934,*CCCCCCOC(=O)C(CCCCCCCCCCBr)C(=O)OCCCCCCOc1ccc(-n2on2-c2ccc(O*)cc2)cc1,16.0,,,,,,,,,
3797,P372935,*CCCCCCOC(=O)C(CCCCP(=O)(OCC)OCC)C(=O)OCCCCCCOc1ccc(-n2on2-c2ccc(O*)cc2)cc1,4.0,,,,,,,,,
3798,P372936,*CCCCCCOC(=O)C(CCCCP(=O)(O)O)C(=O)OCCCCCCOc1ccc(-n2on2-c2ccc(O*)cc2)cc1,19.0,,,,,,,,,
3799,P372937,*CCCCCCOC(=O)C(CCCCCP(=O)(OCC)OCC)C(=O)OCCCCCCOc1ccc(-n2on2-c2ccc(O*)cc2)cc1,7.0,,,,,,,,,
3800,P372938,*CCCCCCOC(=O)C(CCCCCP(=O)(O)O)C(=O)OCCCCCCOc1ccc(-n2on2-c2ccc(O*)cc2)cc1,17.0,,,,,,,,,
3801,P372939,*CCCCCCOC(=O)C(CCCCCCP(=O)(OCC)OCC)C(=O)OCCCCCCOc1ccc(-n2on2-c2ccc(O*)cc2)cc1,9.0,,,,,,,,,
3802,P372940,*CCCCCCOC(=O)C(CCCCCCP(=O)(O)O)C(=O)OCCCCCCOc1ccc(-n2on2-c2ccc(O*)cc2)cc1,21.0,,,,,,,,,
3803,P372941,*CCCCCCOC(=O)C(CCCCCCCCCCP(=O)(OCC)OCC)C(=O)OCCCCCCOc1ccc(-n2on2-c2ccc(O*)cc2)cc1,9.0,,,,,,,,,
3804,P372942,*CCCCCCOC(=O)C(CCCCCCCCCCP(=O)(O)O)C(=O)OCCCCCCOc1ccc(-n2on2-c2ccc(O*)cc2)cc1,16.0,,,,,,,,,
3805,P372943,*CCCCCCOC(=O)CC(=O)OCCCCCCOc1ccc(-n2on2-c2ccc(O*)cc2)cc1,16.0,,,,,,,,,
3806,P372944,*CCCCCCOC(=O)C(C(=O)OCCCCCCOc1ccc(-n2on2-c2ccc(O*)cc2)cc1)c1ccccc1,23.0,,,,,,,,,
3807,P372971,*CCOCCOCCOc1ccc(/C=C/c2ccc(/C=C/c3ccc(O*)c4ccccc34)cc2)c2ccccc12,83.5,,,,,,,,,
3808,P372972,*CCOCCOCCOc1ccc(/C=C/c2cc(OC)c(/C=C/c3ccc(O*)c4ccccc34)cc2OC)c2ccccc12,79.5,,,,,,,,,
3809,P372973,*O[Si](C)(C)OC(CCl)COc1ccc(C(C)(C)c2ccc(OCC(*)CCl)cc2)cc1,24.0,,,,,,,,,
3810,P372974,*O[Si](C)(C)CCCC(=O)Oc1ccc(/C=N/c2ccc(Oc3ccc(/N=C/c4ccc(OC(=O)CCC[Si](*)(C)C)cc4)cc3)cc2)cc1,52.0,,,,,,,,,
3811,P372975,*CCCCCCOc1ccc(N(c2ccccc2)c2ccc(-c3ccc(N(c4ccccc4)c4ccc(O*)cc4)cc3)cc2)cc1,85.0,,,,,,,,,
3812,P372976,*CCCCCCCCCCCCOc1ccc(N(c2ccccc2)c2ccc(-c3ccc(N(c4ccccc4)c4ccc(O*)cc4)cc3)cc2)cc1,42.5,,,,,,,,,
3813,P372977,*CCOP(=O)(/N=N/c1ccc(COC(=O)c2cc(C(=O)OCc3ccc(/N=N/P(=O)(O*)OC)cc3)cc(C(C)(C)C)c2)cc1)OC,105.0,,,,,,,,,
3814,P372978,*CCOP(=O)(/N=N/c1ccc(CCOC(=O)c2cc(C(=O)OCCc3ccc(/N=N/P(=O)(O*)OC)cc3)cc(C(C)(C)C)c2)cc1)OC,84.0,,,,,,,,,
3815,P372979,*CCCCCCOP(=O)(/N=N/c1ccc(COC(=O)c2cc(C(=O)OCc3ccc(/N=N/P(=O)(O*)OC)cc3)cc(C(C)(C)C)c2)cc1)OC,62.0,,,,,,,,,
3816,P372980,*CCCCCCOP(=O)(/N=N/c1ccc(CCOC(=O)c2cc(C(=O)OCCc3ccc(/N=N/P(=O)(O*)OC)cc3)cc(C(C)(C)C)c2)cc1)OC,47.0,,,,,,,,,
3817,P373017,*Oc1ccc(NC(=O)c2cc(NC(=O)CCN3C(=O)c4ccccc4C3=O)cc(C(=O)Nc3ccc(*)cc3)c2)cc1,240.0,,,,,,,,,
3818,P373018,*Oc1ccc(NC(=O)c2cc(NC(=O)CCCN3C(=O)c4ccccc4C3=O)cc(C(=O)Nc3ccc(*)cc3)c2)cc1,225.0,,,,,,,,,
3819,P373019,*Oc1ccc(NC(=O)c2cc(NC(=O)CCCCCN3C(=O)c4ccccc4C3=O)cc(C(=O)Nc3ccc(*)cc3)c2)cc1,200.0,,,,,,,,,
3820,P373020,*Oc1ccc(NC(=O)c2cc(NC(=O)CCCCCCCCCCN3C(=O)c4ccccc4C3=O)cc(C(=O)Nc3ccc(*)cc3)c2)cc1,160.0,,,,,,,,,
3821,P373021,*Oc1ccc(S(=O)(=O)c2ccc(Oc3c(C)cc(C(C)(C)c4cc(C)c(*)c(C)c4Br)c(Br)c3C)cc2)cc1,275.4,,,,,,,,,
3822,P373022,*Oc1ccc(S(=O)(=O)c2ccc(Oc3c(C)cc(-c4cc(C)c(*)c(C)c4Br)c(Br)c3C)cc2)cc1,298.2,,,,,,,,,
3823,P373026,*Oc1ccc(C(=O)Nc2ccc(C(c3ccc(NC(=O)c4ccc(*)cc4)cc3)(P3(=O)Oc4ccccc4-c4ccccc43)P3(=O)Oc4ccccc4-c4ccccc43)cc2)cc1,243.0,,,,,,,,,
3824,P373038,*CCCCCCCCCCCOC(=O)c1cc(OCCCCCCCCOc2ccc(/N=N/c3ccc(OC)cc3)cc2)cc(C(=O)OCCCCCCCCCCCOc2ccc(-c3ccc(O*)cc3)cc2)c1,60.0,,,,,,,,,
3825,P373040,*CCCCCCCCCCCOC(=O)c1cc(OCCCCCCCCCCOc2ccc(/N=N/c3ccc(OC)cc3)cc2)cc(C(=O)OCCCCCCCCCCCOc2ccc(-c3ccc(O*)cc3)cc2)c1,53.0,,,,,,,,,
3826,P373055,*Oc1ccc2cc(Oc3ccc(C(=O)c4ccc(*)cc4)cc3)ccc2c1,247.0,,,,,,,,,
3827,P373062,*N=P1(*)Oc2ccc3ccccc3c2-c2c(ccc3ccccc23)O1,291.0,,,,,,,,,
3828,P373063,*Oc1cccc2c(OC3(F)C(*)(F)C(F)(F)C3(F)F)cccc12,138.0,,,,,,,,,
3829,P373064,*Oc1ccc(OC2(F)C(*)(F)C(F)(F)C2(F)F)cc1,41.0,,,,,,,,,
3830,P373065,*Oc1ccc(SSc2ccc(*)cc2)cc1,76.8,,,,,,,,,
3831,P373066,*Oc1ccc(-c2ccc(Oc3ccc4ccccc4c3-c3c(*)ccc4ccccc34)c3ccccc23)c2ccccc12,301.0,,,,,,,,,
3832,P373068,*c1ccc(Oc2ccc(-c3cc(OCCCCCC)c(-c4ccc(Oc5ccc(-c6nnc(*)o6)cc5)cc4)cc3OCCCCCC)cc2)cc1,103.0,,,,,,,,,
3833,P373094,*Oc1ccc(S(=O)(=O)c2ccc(Oc3ccc(C(c4ccc(*)c(Br)c4)(C(F)(F)F)C(F)(F)F)cc3Br)cc2)cc1,197.5,,,,,,,,,
3834,P373095,*Oc1ccc(S(=O)(=O)c2ccc(Oc3ccc(C(c4ccc(*)c([Si](C)(C)C)c4)(C(F)(F)F)C(F)(F)F)cc3[Si](C)(C)C)cc2)cc1,168.6,,,,,,,,,
3835,P373096,*Oc1ccc(S(=O)(=O)c2ccc(Oc3ccc(C(c4ccc(*)cc4)(C(F)(F)F)C(F)(F)F)cc3)cc2[Si](C)(C)C)c([Si](C)(C)C)c1,172.0,,,,,,,,,
3836,P373097,*Oc1ccc(S(=O)(=O)c2ccc(Oc3ccc(C(c4ccc(*)c([Si](C)(C)C)c4)(C(F)(F)F)C(F)(F)F)cc3[Si](C)(C)C)cc2[Si](C)(C)C)c([Si](C)(C)C)c1,148.9,,,,,,,,,
3837,P373098,*Oc1ccc(S(=O)(=O)c2ccc(Oc3c(C)cc(C(c4cc(C)c(*)c(C)c4)(C(F)(F)F)C(F)(F)F)cc3C)c(Br)c2)cc1Br,230.8,,,,,,,,,
3838,P373099,*Oc1ccc(S(=O)(=O)c2ccc(Oc3c(C)cc(C(c4cc(C)c(*)c(C)c4)(C(F)(F)F)C(F)(F)F)cc3C)cc2[Si](C)(C)C)c([Si](C)(C)C)c1,197.0,,,,,,,,,
3839,P373100,*Oc1ccc(Oc2ccc(/C=N/CC/N=C/c3ccc(*)cc3)cc2)cc1,101.0,,,,,,,,,
3840,P373101,*Oc1ccc(Oc2ccc(/C=N/CCCC/N=C/c3ccc(*)cc3)cc2)cc1,105.0,,,,,,,,,
3841,P373102,*Oc1ccc(Oc2ccc(/C=N/CCCCCC/N=C/c3ccc(*)cc3)cc2)cc1,111.0,,,,,,,,,
3842,P373103,*Oc1ccc(Oc2ccc(/C=N/CCCCCCCCCC/N=C/c3ccc(*)cc3)cc2)cc1,108.0,,,,,,,,,
3843,P373104,*Oc1ccc(Oc2ccc(/C=N/CCCCCCCCCCCC/N=C/c3ccc(*)cc3)cc2)cc1,118.0,,,,,,,,,
3844,P373105,*Oc1ccc(Oc2ccc(/C=N/c3ccc(/N=C/c4ccc(*)cc4)cc3)cc2)cc1,117.0,,,,,,,,,
3845,P373106,*Oc1ccc(Oc2ccc(/C=N/c3ccc(Oc4ccc(/N=C/c5ccc(*)cc5)cc4)cc3)cc2)cc1,120.0,,,,,,,,,
3846,P373120,*OP(=O)(Oc1ccc(*)cc1)OC1CCCCC1,108.0,,,,,,,,,
3847,P373121,*OP(=O)(Oc1ccc(C(C)(C)c2ccc(*)cc2)cc1)OC1CCCCC1,86.0,,,,,,,,,
3848,P373122,*OP(=O)(Oc1ccc(-c2ccc(*)cc2)cc1)OC1CCCCC1,116.0,,,,,,,,,
3849,P373123,*OP(=O)(Oc1cccc2c(*)cccc12)OC1CCCCC1,134.0,,,,,,,,,
3850,P373124,*OP(=O)(Oc1ccc(S(=O)(=O)c2ccc(*)cc2)cc1)OC1CCCCC1,120.0,,,,,,,,,
3851,P373125,*OP(=O)(Oc1ccccc1)Oc1ccc(*)cc1,97.0,,,,,,,,,
3852,P373126,*OP(=O)(Oc1ccccc1)Oc1ccc(-c2ccc(*)cc2)cc1,112.0,,,,,,,,,
3853,P373127,*OP(=O)(Oc1ccccc1)Oc1cccc2c(*)cccc12,138.0,,,,,,,,,
3854,P373138,*SCC(=O)N/N=C/c1ccc(OCCCCCCCCCCOc2ccc(/C=N/NC(=O)CSc3nnc(*)s3)cc2)cc1,117.0,,,,,,,,,
3855,P373142,*SCC(=O)N/N=C/c1ccc(OCCCCCCCCCCOc2ccc(/C=N/NC(=O)CSc3nnc(*)s3)cc2OC)c(OC)c1,156.0,,,,,,,,,
3856,P373149,*c1ccc(Oc2ccc(P(=O)(c3ccccc3)c3ccc(Oc4ccc(-c5ccc(*)nc5)cc4)cc3)cc2)cc1,257.0,,,,,,,,,
3857,P373150,*Oc1c(F)c(F)c(-c2c(F)c(F)c(Oc3ccc(Cc4ccc(*)c(C=O)c4)cc3C=O)c(F)c2F)c(F)c1F,198.0,,,,,,,,,
3858,P373156,*CC(O)COC(=O)CCCCC(=O)OCC(O)COc1ccc(/C=C(\C)c2ccc(O*)cc2)cc1,33.0,,,,,,,,,
3859,P373157,*CC(O)COC(=O)CCCCCCCCC(=O)OCC(O)COc1ccc(/C=C(\C)c2ccc(O*)cc2)cc1,30.0,,,,,,,,,
3860,P373158,*CC(O)COC(=O)CCCCC(=O)OCC(O)COc1ccc(C(=O)Oc2ccc(O*)cc2)cc1,37.0,,,,,,,,,
3861,P373159,*CC(O)COC(=O)CCCCCCCCC(=O)OCC(O)COc1ccc(C(=O)Oc2ccc(O*)cc2)cc1,36.0,,,,,,,,,
3862,P373160,*CC(C)(CO*)COCCC#N,-52.0,,,,,,,,,
3863,P373161,*CC(C)(CO*)COCCOCCOCCOC,-18.0,,,,,,,,,
3864,P373162,*Oc1ccc(S(=O)(=O)c2ccc(Oc3ccc(C(C)(CCC(=O)O)c4ccc(*)cc4)cc3)cc2)cc1,163.0,,,,,,,,,
3865,P373173,*c1ccc(C(=O)c2ccc(C(=O)c3ccc(Oc4ccc(-c5nn(*)c(=O)c6ccccc56)c(F)c4)cc3)cc2)cc1,287.0,,,,,,,,,
3866,P373174,*c1ccc(C(=O)c2ccc(Oc3ccc(-c4nn(*)c(=O)c5ccccc45)c(F)c3)cc2)cc1,253.0,,,,,,,,,
3867,P373175,*c1ccc(S(=O)(=O)c2ccc(Oc3ccc(-c4nn(*)c(=O)c5ccccc45)c(F)c3)cc2)cc1,283.0,,,,,,,,,
3868,P373176,*c1c(F)c(F)c(-c2c(F)c(F)c(Oc3ccc(-c4nn(*)c(=O)c5ccccc45)c(F)c3)c(F)c2F)c(F)c1F,253.0,,,,,,,,,
3869,P373184,*CCOC(=O)Nc1ccc(Cc2ccc(NC(=O)OCCOc3ccc(C4(c5ccc(O*)cc5)c5ccccc5-c5ccccc54)cc3)cc2)cc1,152.0,,,,,,,,,
3870,P373185,*CCOC(=O)Nc1ccc(C)c(NC(=O)OCCOc2ccc(C3(c4ccc(O*)cc4)c4ccccc4-c4ccccc43)cc2)c1,175.0,,,,,,,,,
3871,P373186,*CCOC(=O)NCCCCCCNC(=O)OCCOc1ccc(C2(c3ccc(O*)cc3)c3ccccc3-c3ccccc32)cc1,61.0,,,,,,,,,
3872,P373187,*CCOC(=O)NC1CCC(CC2CCC(NC(=O)OCCOc3ccc(C4(c5ccc(O*)cc5)c5ccccc5-c5ccccc54)cc3)CC2)CC1,140.0,,,,,,,,,
3873,P373188,*CCOC(=O)C1CCC(C(=O)OCCOc2ccc(C3(c4ccc(O*)cc4)c4ccccc4-c4ccccc43)cc2)CC1,120.05,,,,,,,,,
3874,P373189,*CCOC(=O)Nc1ccc(Cc2ccc(NC(=O)OCCOc3ccc(C(C)(C)c4ccc(O*)cc4)cc3)cc2)cc1,127.0,,,,,,,,,
3875,P373190,*CCOC(=O)C1CCC(C(=O)OCCOc2ccc(C(C)(C)c3ccc(O*)cc3)cc2)CC1,57.0,,,,,,,,,
3876,P373191,*Oc1ccc(C(=O)Nc2cc(NC(=O)c3ccc(*)cc3)cc(C(=O)OCCOC(=O)/C=C/c3ccc(N(C)C)cc3)c2)cc1,182.0,,,,,,,,,
3877,P373192,*OC(=O)OCCCCCCOC(=O)OC1COC2C(*)COC12,27.5,,,,,,,,,
3878,P373193,*Oc1ccc(S(=O)(=O)c2ccc(OC3(F)C(*)(F)C(F)(F)C3(F)F)cc2)cc1,162.2,,,,,,,,,
3879,P373194,*OC(=O)OCC(OC)C(COC(=O)OC1COC2C(*)COC12)OC,61.0,,,,,,,,,
3880,P373195,*OC(=O)OCC(O)C(O)COC(=O)OC1COC2C(*)COC12,78.5,,,,,,,,,
3881,P373206,*OC(=O)OCC1OC(C)(C)OC1COC(=O)OC1COC2C(*)COC12,95.5,,,,,,,,,
3882,P373220,*=Nc1ccc(C(C)(C)c2ccc(C(C)(C)c3ccc(/N=C4/OC(=O)c5ccc(Oc6ccc7c(c6)C(=O)OC7=*)cc54)cc3)cc2)cc1,249.0,,,,,,,,,
3883,P373222,*Oc1ccc(C(=O)Nc2ccc(S(=O)(=O)c3ccc(NC(=O)c4ccc(Oc5nc(*)nc(Sc6ccccc6)n5)cc4)cc3)cc2)cc1,310.0,,,,,,,,,
3884,P373224,*Oc1ccc(C(=O)Nc2ccc(Cc3ccc(NC(=O)c4ccc(Oc5nc(*)nc(Sc6ccccc6)n5)cc4)cc3)cc2)cc1,302.0,,,,,,,,,
3885,P373225,*Oc1cccc(C(=O)Nc2ccc(-c3ccc(NC(=O)c4cccc(Oc5nc(*)nc(Sc6ccccc6)n5)c4)cc3)cc2)c1,279.0,,,,,,,,,
3886,P373226,*Oc1cccc(C(=O)Nc2ccc(S(=O)(=O)c3ccc(NC(=O)c4cccc(Oc5nc(*)nc(Sc6ccccc6)n5)c4)cc3)cc2)c1,304.0,,,,,,,,,
3887,P373231,*C(F)(F)C1(*)OC(F)(F)C(F)(C(F)(F)F)O1,133.6,,,,,,,,,
3888,P373235,*Oc1ccc(C(=O)Nc2cc(NC(=O)c3ccc(*)cc3)cc(-c3nc4ccccc4[nH]3)c2)cc1,335.0,,,,,,,,,
3889,P373236,*CCOc1ccc(C(=O)Nc2cc(NC(=O)c3ccc(O*)cc3)cc(-c3nc4ccccc4[nH]3)c2)cc1,275.0,,,,,,,,,
3890,P373237,*CCOCCOc1ccc(C(=O)Nc2cc(NC(=O)c3ccc(O*)cc3)cc(-c3nc4ccccc4[nH]3)c2)cc1,230.0,,,,,,,,,
3891,P373238,*CCOCCOCCOc1ccc(C(=O)Nc2cc(NC(=O)c3ccc(O*)cc3)cc(-c3nc4ccccc4[nH]3)c2)cc1,165.0,,,,,,,,,
3892,P373239,*CCOCCOCCOCCOc1ccc(C(=O)Nc2cc(NC(=O)c3ccc(O*)cc3)cc(-c3nc4ccccc4[nH]3)c2)cc1,163.0,,,,,,,,,
3893,P373240,*CCOCCOCCOCCOCCOc1ccc(C(=O)Nc2cc(NC(=O)c3ccc(O*)cc3)cc(-c3nc4ccccc4[nH]3)c2)cc1,145.0,,,,,,,,,
3894,P373241,*CCOCCOCCOCCOCCOCCOc1ccc(C(=O)Nc2cc(NC(=O)c3ccc(O*)cc3)cc(-c3nc4ccccc4[nH]3)c2)cc1,125.0,,,,,,,,,
3895,P373243,*Oc1ccc(Oc2ccc(C(=O)c3cccc(C(=O)c4ccc(*)cc4)c3)cc2)cc1S(=O)(=O)O,195.0,,,,,,,,,
3896,P373244,*Oc1ccc(Oc2ccc(C(=O)c3ccc(*)c(S(=O)(=O)O)c3)cc2S(=O)(=O)O)cc1S(=O)(=O)O,248.0,,,,,,,,,
3897,P373245,*Oc1ccc(Oc2ccc(C(=O)c3ccc(*)c(S(=O)(=O)O)c3)cc2S(=O)(=O)O)cc1,220.0,,,,,,,,,
3898,P373246,*Oc1ccc(-c2ccc(Oc3ccc(C(=O)c4ccc(*)c(S(=O)(=O)O)c4)cc3S(=O)(=O)O)cc2)cc1,225.0,,,,,,,,,
3899,P373247,*Oc1ccc(C(C)(C)c2ccc(Oc3ccc(C(=O)c4ccc(*)c(S(=O)(=O)O)c4)cc3S(=O)(=O)O)cc2)cc1,175.0,,,,,,,,,
3900,P373248,*Oc1ccc(S(=O)(=O)c2ccc(Oc3ccc(C(C)(C)c4ccc(*)cc4)cc3)c(S(=O)(=O)O)c2)cc1S(=O)(=O)O,188.0,,,,,,,,,
3901,P373250,*CCC(C)Oc1ccc(-c2ccc(C(=O)OCC(C)COC(=O)c3ccc(-c4ccc(O*)cc4)cc3)cc2)cc1,84.0,,,,,,,,,
3902,P373255,*Oc1c(C)cc(C(=O)c2ccc(*)cc2)cc1C,200.0,,,,,,,,,
3903,P373268,*Oc1c(F)c(F)c(S(=O)(=O)c2c(F)c(F)c(Oc3ccc(C(c4ccc(*)cc4)(C(F)(F)F)C(F)(F)F)cc3)c(F)c2F)c(F)c1F,182.0,,,,,,,,,
3904,P373274,*Oc1cc(C(C)(C)C)c(Oc2ccc(C(=O)Nc3ccc(C(C)(C)c4ccc(NC(=O)c5ccc(*)cc5)cc4)cc3)cc2)cc1C(C)(C)C,254.0,,,,,,,,,
3905,P373275,*Oc1cc(C(C)(C)C)c(Oc2ccc(C(=O)Nc3ccc(C(C)(C)c4ccc(NC(=O)c5ccc(*)cc5)c(C)c4)cc3C)cc2)cc1C(C)(C)C,275.0,,,,,,,,,
3906,P373276,*Oc1cc(C(C)(C)C)c(Oc2ccc(C(=O)Nc3c(C)cc(C(C)(C)c4cc(C)c(NC(=O)c5ccc(*)cc5)c(C)c4)cc3C)cc2)cc1C(C)(C)C,295.0,,,,,,,,,
3907,P373277,*Oc1cc(C(C)(C)C)c(Oc2ccc(C(=O)Nc3c(C)cc(Cc4cc(C)c(NC(=O)c5ccc(*)cc5)c(C(C)C)c4)cc3C(C)C)cc2)cc1C(C)(C)C,260.0,,,,,,,,,
3908,P373278,*Oc1cc(C(C)(C)C)c(Oc2ccc(C(=O)Nc3ccc(C(c4ccc(NC(=O)c5ccc(*)cc5)cc4)(C(F)(F)F)C(F)(F)F)cc3)cc2)cc1C(C)(C)C,268.0,,,,,,,,,
3909,P373280,*c1ccc(OCCCCCCCCCCCOc2ccc(-c3ccc4nc(-c5cccc(-c6cc(-c7ccccc7)c7cc(*)ccc7n6)c5)cc(-c5ccccc5)c4c3)cc2)cc1,133.5,,,,,,,,,
3910,P373292,*CCCCCCCCCCOc1ccc(/C=C/c2ccc(OCCCCCCCCCCOP(=O)(O*)OCCCCCCCCCCOc3ccc(/N=N/c4ccccc4)cc3)cc2)cc1,55.0,,,,,,,,,
3911,P373294,*CCCCCCCCCCOc1ccc(/C=C/c2ccc(OCCCCCCCCCCOP(=O)(O*)OCCCCCCCCCCOc3ccc(/N=N/c4ccc(Cl)cc4)cc3)cc2)cc1,60.0,,,,,,,,,
3912,P373296,*CCCCCCCCCCOc1ccc(/C=C/c2ccc(OCCCCCCCCCCOP(=O)(O*)OCCCCCCCCCCOc3ccc(/N=N/c4ccc(C#N)cc4)cc3)cc2)cc1,60.0,,,,,,,,,
3913,P373297,*CCCCCCCCCCOc1ccc(/C=C/c2ccc(OCCCCCCCCCCOP(=O)(O*)OCCCCCCCCCCOc3ccc(/N=N/c4ccc([N+](=O)[O-])cc4)cc3)cc2)cc1,50.0,,,,,,,,,
3914,P373299,*CCCCCCCCCCOc1ccc(/C=C/c2ccc(OCCCCCCCCCCOP(=O)(O*)OCCCCCCCCCCOc3ccc(/N=N/c4ccc(OC)cc4)cc3)cc2)cc1,58.0,,,,,,,,,
3915,P373300,*CCCCCCCCCCOc1ccc(/C=C/c2ccc(OCCCCCCCCCCOP(=O)(O*)OCCCCCCCCCCOc3ccc(/N=N/c4ccc(-c5ccccc5)cc4)cc3)cc2)cc1,50.0,,,,,,,,,
3916,P373302,*c1ccc(NC(=O)c2ccc(OCCOc3ccc(C(=O)Nc4ccc5[nH]c(*)nc5c4)cc3)cc2)cc1,225.0,,,,,,,,,
3917,P373303,*c1ccc(NC(=O)c2ccc(OCCOCCOc3ccc(C(=O)Nc4ccc5[nH]c(*)nc5c4)cc3)cc2)cc1,175.0,,,,,,,,,
3918,P373304,*c1ccc(NC(=O)c2ccc(OCCOCCOCCOc3ccc(C(=O)Nc4ccc5[nH]c(*)nc5c4)cc3)cc2)cc1,155.0,,,,,,,,,
3919,P373305,*c1ccc(NC(=O)c2ccc(OCCOCCOCCOCCOc3ccc(C(=O)Nc4ccc5[nH]c(*)nc5c4)cc3)cc2)cc1,140.0,,,,,,,,,
3920,P373306,*c1ccc(NC(=O)c2ccc(OCCOCCOCCOCCOCCOc3ccc(C(=O)Nc4ccc5[nH]c(*)nc5c4)cc3)cc2)cc1,125.0,,,,,,,,,
3921,P373307,*c1cccc(NC(=O)c2ccc(OCCOc3ccc(C(=O)Nc4ccc5[nH]c(*)nc5c4)cc3)cc2)c1,250.0,,,,,,,,,
3922,P373308,*c1cccc(NC(=O)c2ccc(OCCOCCOc3ccc(C(=O)Nc4ccc5[nH]c(*)nc5c4)cc3)cc2)c1,215.0,,,,,,,,,
3923,P373309,*c1cccc(NC(=O)c2ccc(OCCOCCOCCOc3ccc(C(=O)Nc4ccc5[nH]c(*)nc5c4)cc3)cc2)c1,180.0,,,,,,,,,
3924,P373310,*c1cccc(NC(=O)c2ccc(OCCOCCOCCOCCOc3ccc(C(=O)Nc4ccc5[nH]c(*)nc5c4)cc3)cc2)c1,155.0,,,,,,,,,
3925,P373311,*c1cccc(NC(=O)c2ccc(OCCOCCOCCOCCOCCOc3ccc(C(=O)Nc4ccc5[nH]c(*)nc5c4)cc3)cc2)c1,140.0,,,,,,,,,
3926,P373319,*OCCCCOC1COC2C(OC(=O)CCCCC(=O)OC3COC4C(*)COC34)COC12,114.0,,,,,,,,,
3927,P373321,*Oc1ccc(Oc2ccc(OC(=O)c3ccc(C(c4ccc(C(*)=O)cc4)(C(F)(F)F)C(F)(F)F)cc3)cc2)cc1,215.0,,,,,,,,,
3928,P373322,*Oc1ccc(Oc2ccc(OC(=O)c3ccccc3-c3ccccc3C(*)=O)cc2)cc1,147.0,,,,,,,,,
3929,P373339,*c1ccc(OCCN(CCOc2ccc(-c3nc4ccc(Oc5ccc6nc(*)c(-c7ccccc7)nc6c5)cc4nc3-c3ccccc3)cc2)c2ccc(/C=C/c3ccc([N+](=O)[O-])cc3)cc2)cc1,201.0,,,,,,,,,
3930,P373340,*c1ccc(OCCOc2ccc(/C=C/c3ccc([N+](=O)[O-])cc3)c(OCCOc3ccc(-c4nc5ccc(Oc6ccc7nc(*)c(-c8ccccc8)nc7c6)cc5nc4-c4ccccc4)cc3)c2)cc1,187.0,,,,,,,,,
3931,P373341,*c1ccc(OCCN(CCOc2ccc(-c3nc4ccc(Oc5ccc6nc(*)c(-c7ccccc7)nc6c5)cc4nc3-c3ccccc3)cc2)c2ccc(/N=N/c3ccc([N+](=O)[O-])cc3)cc2)cc1,199.0,,,,,,,,,
3932,P373342,*c1ccc(OCCN(CCOc2ccc(-c3nc4ccc(Oc5ccc6nc(*)c(-c7ccccc7)nc6c5)cc4nc3-c3ccccc3)cc2)c2ccc(/N=N/c3ccc([N+](=O)[O-])cc3C)cc2)cc1,188.0,,,,,,,,,
3933,P373343,*c1ccc(OCCN(C)c2ccc(/C=C/C3=C/C(=C4/C(=O)c5ccccc5C4=C(C#N)C#N)C=C(/C=C/c4ccc(N(C)CCOc5ccc(-c6nc7ccc(Oc8ccc9nc(*)c(-c%10ccccc%10)nc9c8)cc7nc6-c6ccccc6)cc5)cc4)O3)cc2)cc1,260.0,,,,,,,,,
3934,P373344,*c1ccc(C(=O)c2ccc(Oc3ccc(-c4nn(*)c(=O)c5ccccc45)cc3Br)cc2)cc1,254.0,,,,,,,,,
3935,P373350,*Oc1ccc(/N=C/c2ccc(Oc3ccc(C(C)(C)c4ccc(Oc5ccc(/C=N/c6ccc(Oc7ccc(-c8ccc(*)cc8)cc7)cc6)cc5)cc4)cc3)cc2)cc1,120.0,,,,,,,,,
3936,P373351,*Oc1ccc(/N=C/c2ccc(Oc3ccc(C(c4ccc(Oc5ccc(/C=N/c6ccc(Oc7ccc(-c8ccc(*)cc8)cc7)cc6)cc5)cc4)(C(F)(F)F)C(F)(F)F)cc3)cc2)cc1,128.0,,,,,,,,,
3937,P373352,*Oc1ccc(S(=O)(=O)c2ccc(Oc3ccc(/C=N/c4ccc(Oc5ccc(-c6ccc(Oc7ccc(/N=C/c8ccc(*)cc8)cc7)cc6)cc5)cc4)cc3)cc2)cc1,127.0,,,,,,,,,
3938,P373353,*Oc1ccc(S(=O)(=O)c2ccc(Oc3ccc(/C=N/c4ccc(Oc5ccc(/N=C/c6ccc(*)cc6)cc5)cc4)cc3)cc2)cc1,162.0,,,,,,,,,
3939,P373355,*Oc1ccc(S(=O)(=O)c2ccc(Oc3ccc(/N=C/c4ccc(*)cc4)cc3)cc2)cc1,110.0,,,,,,,,,
3940,P373357,*Oc1ccc(CNC(=O)c2ccc(C(=O)NCc3ccc(OC4COC5C(*)COC45)cc3)cc2)cc1,122.0,,,,,,,,,
3941,P373358,*Oc1ccc(CNC(=O)c2cccc(C(=O)NCc3ccc(OC4COC5C(*)COC45)cc3)c2)cc1,83.0,,,,,,,,,
3942,P373359,*Oc1ccc(CNC(=O)CCCCC(=O)NCc2ccc(OC3COC4C(*)COC34)cc2)cc1,116.0,,,,,,,,,
3943,P373361,*Oc1ccc(NC(=O)c2ccc(OC3COC4C(Oc5ccc(C(=O)Nc6ccc(OC7COC8C(*)COC78)cc6)cc5)COC34)cc2)cc1,165.0,,,,,,,,,
3944,P373367,*CC(COCOCC(C)([N+](=O)[O-])[N+](=O)[O-])O*,-15.0,,,,,,,,,
3945,P373368,*Oc1ccc(S(=O)(=O)c2ccc(Oc3ccc(C(C)(c4ccc(*)cc4)c4ccc(O)cc4)cc3)cc2)cc1,228.0,,,,,,,,,
3946,P373372,*Oc1ccc(Oc2ccc(C(=O)c3ccc(*)cc3)cc2)cc1-c1cc(C(F)(F)F)cc(C(F)(F)F)c1,146.0,,,,,,,,,
3947,P373373,*Oc1ccc(Oc2ccc(C(=O)c3ccc(*)cc3)cc2)cc1-c1cccc(C(F)(F)F)c1,134.0,,,,,,,,,
3948,P373374,*Oc1ccc(Oc2ccc(C(=O)c3ccc(*)cc3)cc2)cc1-c1cc(C)cc(C)c1,162.0,,,,,,,,,
3949,P373375,*Oc1ccc(Oc2ccc(C(=O)c3ccc(*)cc3)cc2)cc1-c1ccc(Oc2ccccc2)cc1,146.0,,,,,,,,,
3950,P373376,*Oc1ccc(Oc2ccc(C(=O)c3ccc(C(=O)c4ccc(*)cc4)cc3)cc2)cc1-c1cccc(C)c1,159.0,,,,,,,,,
3951,P373377,*Oc1ccc(Oc2ccc(C(=O)c3ccc(-c4ccc(C(=O)c5ccc(*)cc5)cc4)cc3)cc2)cc1-c1cccc(C)c1,170.0,,,,,,,,,
3952,P373378,*Oc1ccc(Oc2ccc(C(=O)c3ccc(C(=O)c4ccc(*)cc4)cc3)cc2)cc1-c1ccccc1,166.0,,,,,,,,,
3953,P373379,*Oc1ccc(Oc2ccc(C(=O)c3ccc(-c4ccc(C(=O)c5ccc(*)cc5)cc4)cc3)cc2)cc1-c1ccccc1,186.0,,,,,,,,,
3954,P373382,*Oc1ccc(Oc2ccc(C(=O)c3ccc(C(=O)c4ccc(*)cc4)cc3)cc2)cc1-c1ccc(S(=O)(=O)O)c(C)c1,167.0,,,,,,,,,
3955,P373383,*Oc1ccc(Oc2ccc(C(=O)c3ccc(-c4ccc(C(=O)c5ccc(*)cc5)cc4)cc3)cc2)cc1-c1ccc(S(=O)(=O)O)c(C)c1,182.0,,,,,,,,,
3956,P373384,*Oc1ccc(Oc2ccc(C(=O)c3ccc(C(=O)c4ccc(*)cc4)cc3)cc2)cc1-c1ccc(S(=O)(=O)O)cc1,174.0,,,,,,,,,
3957,P373386,*C(F)(F)C1(*)OC(F)(F)C(F)(C(F)(F)F)O1,135.0,,,,,,,,,
3958,P373387,*C(F)(F)C1(*)OC(F)(C(F)(F)F)C(F)(C(F)(F)F)O1,165.0,,,,,,,,,
3959,P373398,*CC(=O)Nc1ccc(NC(=O)COc2ccc3ccccc3c2Sc2c(O*)ccc3ccccc23)cc1,268.0,,,,,,,,,
3960,P373399,*CC(=O)Nc1cccc(NC(=O)COc2ccc3ccccc3c2Sc2c(O*)ccc3ccccc23)c1,254.0,,,,,,,,,
3961,P373400,*CC(=O)Nc1ccc(Cc2ccc(NC(=O)COc3ccc4ccccc4c3Sc3c(O*)ccc4ccccc34)cc2)cc1,241.0,,,,,,,,,
3962,P373401,*CC(=O)Nc1ccc(Oc2ccc(NC(=O)COc3ccc4ccccc4c3Sc3c(O*)ccc4ccccc34)cc2)cc1,245.0,,,,,,,,,
3963,P373402,*CC(=O)Nc1cccc2c(NC(=O)COc3ccc4ccccc4c3Sc3c(O*)ccc4ccccc34)cccc12,264.0,,,,,,,,,
3964,P373414,*Oc1cc(Oc2ccc(C(C)(C)c3ccc(*)cc3)cc2)cc(C(=O)Oc2ccc(/N=N/c3ccc(C#N)cc3)cc2)c1,163.0,,,,,,,,,
3965,P373415,*Oc1ccc(NC(=O)c2ccc(C(=O)Nc3ccc(OC4COC5C(*)COC45)cc3)cc2)cc1,57.0,,,,,,,,,
3966,P373416,*Oc1ccc(NC(=O)c2cccc(C(=O)Nc3ccc(OC4COC5C(*)COC45)cc3)c2)cc1,218.0,,,,,,,,,
3967,P373417,*Oc1ccc(NC(=O)CCCCC(=O)Nc2ccc(OC3COC4C(*)COC34)cc2)cc1,150.0,,,,,,,,,
3968,P373418,*Oc1ccc(NC(=O)CCCCCCC(=O)Nc2ccc(OC3COC4C(*)COC34)cc2)cc1,72.5,,,,,,,,,
3969,P373419,*Oc1ccc(Oc2ccc(C(=O)c3ccc(C(=O)c4ccc(*)cc4)c4ccccc34)cc2)cc1,200.025,,,,,,,,,
3970,P373421,*Oc1ccc(OC(=O)c2ccc(OCCCCCCCCCCCCOc3ccc(C(*)=O)cc3)cc2)cc1/C=C/c1ccncc1,94.3,,,,,,,,,
3971,P373422,*CCCCCCOC(=O)C(CCCCCOc1ccc(/N=N/c2ccncc2)cc1)C(=O)OCCCCCCOc1ccc(-c2ccc(O*)cc2)cc1,53.6,,,,,,,,,
3972,P373423,*OC(=O)OCCCCOC(=O)OC1COC2C(*)COC12,49.0,,,,,,,,,
3973,P373424,*OC(=O)OCCCCCCCCOC(=O)OC1COC2C(*)COC12,19.5,,,,,,,,,
3974,P373425,*OC(=O)OCCCCCCCCCCOC(=O)OC1COC2C(*)COC12,6.5,,,,,,,,,
3975,P373426,*OC(=O)OCCOCCOC(=O)OC1COC2C(*)COC12,46.5,,,,,,,,,
3976,P373427,*OC(=O)OCCOCCOCCOC(=O)OC1COC2C(*)COC12,17.0,,,,,,,,,
3977,P373428,*OC(=O)OCCOCCOCCOCCOC(=O)OC1COC2C(*)COC12,9.5,,,,,,,,,
3978,P373430,*CCNC(=O)c1ccc(O*)cc1,150.0,,,,,,,,,
3979,P373431,*CCNC(=O)c1cccc(O*)c1,106.0,,,,,,,,,
3980,P373432,*CCNC(=O)c1ccccc1O*,84.0,,,,,,,,,
3981,P373433,*/C=C/c1ccc(N(C)CCOC(=O)Nc2ccc(C)c(NC(=O)OCCN(C)c3ccc(/C=C/C4=CC(=C(C#N)C#N)C=C(*)O4)s3)c2)s1,183.0,,,,,,,,,
3982,P373434,*OC(=O)Nc1ccc(C)c(NC(=O)OC2CCN(c3ccc(/C=C/C4=CC(=C(C#N)C#N)C=C(/C=C/c5ccc(N6CCC(*)CC6)s5)O4)s3)CC2)c1,212.0,,,,,,,,,
3983,P373435,*/C=C/c1ccc(/N=N/c2ccc(N(C)CCOC(=O)Nc3ccc(C)c(NC(=O)OCCN(C)c4ccc(/N=N/c5ccc(/C=C/C6=CC(=C(C#N)C#N)C=C(*)O6)cc5)cc4)c3)cc2)cc1,196.0,,,,,,,,,
3984,P373440,*CCOc1ccc(/C=C2\CC/C(=C\c3ccc(OCCOP(=O)(O*)OC)c(OC)c3)C2=O)cc1OC,99.0,,,,,,,,,
3985,P373441,*CCCCOc1ccc(/C=C2\CC/C(=C\c3ccc(OCCCCOP(=O)(O*)OC)c(OC)c3)C2=O)cc1OC,75.0,,,,,,,,,
3986,P373442,*CCCCCCOc1ccc(/C=C2\CC/C(=C\c3ccc(OCCCCCCOP(=O)(O*)OC)c(OC)c3)C2=O)cc1OC,74.0,,,,,,,,,
3987,P373443,*CCCCCCCCOc1ccc(/C=C2\CC/C(=C\c3ccc(OCCCCCCCCOP(=O)(O*)OC)c(OC)c3)C2=O)cc1OC,73.0,,,,,,,,,
3988,P373444,*CCCCCCCCCCOc1ccc(/C=C2\CC/C(=C\c3ccc(OCCCCCCCCCCOP(=O)(O*)OC)c(OC)c3)C2=O)cc1OC,48.0,,,,,,,,,
3989,P373445,*CCOc1ccc(/C=C2\CC/C(=C\c3ccc(OCCOP(=O)(O*)OCC)c(OC)c3)C2=O)cc1OC,80.0,,,,,,,,,
3990,P373446,*CCCCOc1ccc(/C=C2\CC/C(=C\c3ccc(OCCCCOP(=O)(O*)OCC)c(OC)c3)C2=O)cc1OC,79.0,,,,,,,,,
3991,P373447,*CCCCCCOc1ccc(/C=C2\CC/C(=C\c3ccc(OCCCCCCOP(=O)(O*)OCC)c(OC)c3)C2=O)cc1OC,75.0,,,,,,,,,
3992,P373448,*CCCCCCCCOc1ccc(/C=C2\CC/C(=C\c3ccc(OCCCCCCCCOP(=O)(O*)OCC)c(OC)c3)C2=O)cc1OC,62.0,,,,,,,,,
3993,P373449,*CCCCCCCCCCOc1ccc(/C=C2\CC/C(=C\c3ccc(OCCCCCCCCCCOP(=O)(O*)OCC)c(OC)c3)C2=O)cc1OC,47.0,,,,,,,,,
3994,P373455,*Oc1ccc(C(=O)CNc2ccc(S(=O)(=O)c3ccc(NCC(=O)c4ccc(*)cc4)cc3)cc2)cc1,247.0,,,,,,,,,
3995,P373460,*Oc1ccc(NCC(=O)c2ccc(Sc3ccc(C(=O)CNc4ccc(*)cc4)cc3)cc2)cc1,208.0,,,,,,,,,
3996,P373470,*Oc1ccc(OC(C)COCCCCCCCOc2ccc(-c3ccc(C(*)=O)cc3)cc2)c([N+](=O)[O-])c1,50.0,,,,,,,,,
3997,P373479,*Oc1ccc(/N=C/c2ccc(N(c3ccccc3)c3ccc(/C=N/c4ccc(*)cc4)cc3)cc2)cc1,162.0,,,,,,,,,
3998,P373480,*Oc1cccc(Oc2ccc(/N=C/c3ccc(N(c4ccccc4)c4ccc(/C=N/c5ccc(*)cc5)cc4)cc3)cc2)c1,174.0,,,,,,,,,
3999,P373482,*Oc1ccc(S(=O)(=O)c2ccc(Oc3ccc(C(C)(C)c4ccc(*)c(C(O)(C(F)(F)F)C(F)(F)F)c4)cc3C(O)(C(F)(F)F)C(F)(F)F)cc2)cc1,167.0,,,,,,,,,
4000,P373483,*Oc1ccc(S(=O)(=O)c2ccc(Oc3ccc(C(C)(C)c4ccc(*)c(C(OC)(C(F)(F)F)C(F)(F)F)c4)cc3C(OC)(C(F)(F)F)C(F)(F)F)cc2)cc1,163.0,,,,,,,,,
4001,P373484,*Oc1ccc(S(=O)(=O)c2ccc(Oc3c(C)cc(C(C)(C)c4cc(C)c(*)c(C)c4)cc3C)cc2C(O)(C(F)(F)F)C(F)(F)F)c(C(O)(C(F)(F)F)C(F)(F)F)c1,187.0,,,,,,,,,
4002,P373485,*Oc1ccc(S(=O)(=O)c2ccc(Oc3ccc(C(c4ccc(*)cc4)(C(F)(F)F)C(F)(F)F)cc3)cc2C(O)(C(F)(F)F)C(F)(F)F)c(C(O)(C(F)(F)F)C(F)(F)F)c1,148.0,,,,,,,,,
4003,P373486,*Oc1ccc(S(=O)(=O)c2ccc(Oc3c(C)cc(C(c4cc(C)c(*)c(C)c4)(C(F)(F)F)C(F)(F)F)cc3C)cc2C(O)(C(F)(F)F)C(F)(F)F)c(C(O)(C(F)(F)F)C(F)(F)F)c1,196.0,,,,,,,,,
4004,P373487,*Oc1ccc(S(=O)(=O)c2ccc(Oc3c(C)cc(C(c4cc(C)c(*)c(C)c4)(C(F)(F)F)C(F)(F)F)cc3C)cc2C(OC)(C(F)(F)F)C(F)(F)F)c(C(OC)(C(F)(F)F)C(F)(F)F)c1,163.0,,,,,,,,,
4005,P373490,*c1ccc(NC(=O)c2cc(NC(=O)c3ccc(OC(C)=O)cc3)cc(C(=O)Nc3ccc(-c4nnc(*)o4)cc3)c2)cc1,280.0,,,,,,,,,
4006,P373491,*c1ccc(Oc2ccc(NC(=O)c3cc(NC(=O)c4ccc(OC(C)=O)cc4)cc(C(=O)Nc4ccc(Oc5ccc(-c6nnc(*)o6)cc5)cc4)c3)cc2)cc1,270.0,,,,,,,,,
4007,P373492,*c1ccc(Oc2cccc(NC(=O)c3cc(NC(=O)c4ccc(OC(C)=O)cc4)cc(C(=O)Nc4cccc(Oc5ccc(-c6nnc(*)o6)cc5)c4)c3)c2)cc1,270.0,,,,,,,,,
4008,P373493,*CC(COC(C)C)O*,-67.0,,,,,,,,,
4009,P373494,*CC(COC(C)(C)C)O*,-24.0,,,,,,,,,
4010,P373495,*C(F)(F)C1(*)OC(F)(F)C(F)(F)O1,108.0,,,,,,,,,
4011,P373500,*c1ccc(C(=O)OCCCCCCOc2ccc(/C=C3\CCC/C(=C\c4ccc(OCCCCCCOC(=O)c5ccc(-c6nnc(*)o6)cc5)cc4)C3=O)cc2)cc1,71.0,,,,,,,,,
4012,P373501,*c1ccc(C(=O)OCCCCCCCCOc2ccc(/C=C3\CCC/C(=C\c4ccc(OCCCCCCCCOC(=O)c5ccc(-c6nnc(*)o6)cc5)cc4)C3=O)cc2)cc1,59.0,,,,,,,,,
4013,P373504,*c1ccc(C(=O)OCCCCCCCCOc2ccc(/C=C3\CC/C(=C\c4ccc(OCCCCCCCCOC(=O)c5ccc(-c6nnc(*)o6)cc5)cc4)C3=O)cc2)cc1,99.0,,,,,,,,,
4014,P373505,*c1ccc(C(=O)OCCCCCCCCCCOc2ccc(/C=C3\CC/C(=C\c4ccc(OCCCCCCCCCCOC(=O)c5ccc(-c6nnc(*)o6)cc5)cc4)C3=O)cc2)cc1,58.0,,,,,,,,,
4015,P373517,*c1ccc(Oc2ccc(-c3csc(/N=C/c4ccc(OCCCCCCOc5ccc(/C=N/c6nc(*)cs6)cc5)cc4)n3)cc2)cc1,117.0,,,,,,,,,
4016,P373518,*c1ccc(Oc2ccc(-c3csc(/N=C/c4ccc(OCCCCCCCCOc5ccc(/C=N/c6nc(*)cs6)cc5)cc4)n3)cc2)cc1,150.0,,,,,,,,,
4017,P373527,*Oc1ccc(C(=O)OCCN(CCOC(=O)c2ccc(OC3(F)C(*)(F)C(F)(F)C3(F)F)cc2)c2ccc(/C=C/C3=CC(=C(C#N)C#N)CC(C)(C)C3)cc2)cc1,143.0,,,,,,,,,
4018,P373536,*CC(=O)c1ccc(Oc2ccc(C(=O)COc3ccc(/C=C4\CCC/C(=C\c5ccc(O*)c(OC)c5)C4=O)cc3OC)cc2)cc1,211.75,,,,,,,,,
4019,P373539,*CCCCCCOc1ccc(C(C)(C)c2ccc(O*)cc2)cc1,36.0,,,,,,,,,
4020,P373541,*CC(C)(CO*)COCCCCCCCCCCOc1ccc(-c2ccc(C#N)cc2)cc1,7.0,,,,,,,,,
4021,P373546,*Oc1ccc(Sc2ccc(Oc3ccc(-c4ccc(-c5ccc(*)c(C(F)(F)F)c5)cc4)cc3C(F)(F)F)cc2)cc1,164.5,,,,,,,,,
4022,P373547,*Oc1ccc(Sc2ccc(Oc3ccc(-c4ccc(-c5ccc(-c6ccc(*)c(C(F)(F)F)c6)cc5)cc4)cc3C(F)(F)F)cc2)cc1,176.5,,,,,,,,,
4023,P373548,*c1ccc(Oc2ccc(Sc3ccc(Oc4ccc(-c5cccc(*)n5)cc4C(F)(F)F)cc3)cc2)c(C(F)(F)F)c1,144.5,,,,,,,,,
4024,P373549,*c1ccc(Oc2ccc(Sc3ccc(Oc4ccc(-c5ccc(*)s5)cc4C(F)(F)F)cc3)cc2)c(C(F)(F)F)c1,142.0,,,,,,,,,
4025,P373555,*Oc1ccc(Oc2ccc(NC(=O)c3cc(C(=O)Nc4ccc(*)cc4)cc(C(C)(C)C)c3)cc2)cc1,195.5,,,,,,,,,
4026,P373556,*Oc1ccc(S(=O)(=O)c2ccc(Oc3ccc(NC(=O)c4cc(C(=O)Nc5ccc(*)cc5)cc(C(C)(C)C)c4)cc3)cc2)cc1,232.5,,,,,,,,,
4027,P373557,*Oc1ccc(Oc2ccc(Oc3ccc(NC(=O)c4cc(C(=O)Nc5ccc(*)cc5)cc(C(C)(C)C)c4)cc3)cc2)cc1,230.0,,,,,,,,,
4028,P373558,*CCCCCCOc1ccc(NC(=O)c2cc(C(=O)Nc3ccc(O*)cc3)cc(C(C)(C)C)c2)cc1,166.0,,,,,,,,,
4029,P373575,*CCCCCCCCOc1c(OC)cc(/C=C/c2ccc(/C=C/c3ccc(/C=C/c4cc(OC)c(O*)c(OC)c4)cc3)cc2)cc1OC,78.7,,,,,,,,,
4030,P373579,*CC(O)CN(CC(O)COc1ccc(C(C)(C)c2ccc(O*)cc2)cc1)c1ccc(/N=N/c2ccc([N+](=O)[O-])cc2)cc1,59.0,,,,,,,,,
4031,P373580,*c1ccc(C(=O)Nc2ccc(Oc3ccc(NC(=O)c4ccc(Oc5ccc(-c6nn(*)c(=O)c7ccccc67)cc5)cc4)cc3)cc2)cc1,280.0,,,,,,,,,
4032,P373581,*CC1CCC(COC(C)OC(=O)c2cccc(C(=O)OC(C)O*)c2)CC1,30.0,,,,,,,,,
4033,P373583,*CC1CCC(COC(C)OC(=O)c2ccc(C(=O)OC(C)O*)c3ccccc23)CC1,60.0,,,,,,,,,
4034,P373584,*CC1CCC(COC(C)OC(=O)c2ccc(C(=O)OC(C)O*)cc2)CC1,61.0,,,,,,,,,
4035,P373585,*O[Si](Oc1ccc(C2(c3ccc(*)c(C)c3)c3ccccc3-c3ccccc32)cc1C)(c1ccccc1)c1ccccc1,171.0,,,,,,,,,
4036,P373586,*O[Si](Oc1ccc(C2(c3ccc(*)cc3)c3ccccc3-c3ccccc32)cc1)(c1ccccc1)c1ccccc1,166.0,,,,,,,,,
4037,P373587,*CCOc1ccc(C2(c3ccc(OCCO[Si](O*)(c4ccccc4)c4ccccc4)cc3)c3ccccc3-c3ccccc32)cc1,97.0,,,,,,,,,
4038,P373596,*/C=C/c1sc(-c2ccc3c(c2)C(CCCCCC)(CCCCCC)c2cc(-c4sc(/C=C/C5=CC(=C(C#N)C#N)C=C(*)O5)c(CCCCCC)c4CCCCCC)ccc2-3)c(CCCCCC)c1CCCCCC,115.0,,,,,,,,,
4039,P373597,*c1ccc2c(c1)Sc1cc(-c3sc(/C=C/C4=CC(=C(C#N)C#N)C=C(/C=C/c5sc(*)c(CCCCCC)c5CCCCCC)O4)c(CCCCCC)c3CCCCCC)ccc1N2CCCCCC,130.0,,,,,,,,,
4040,P373598,*/C=C/c1sc(-c2ccc(-c3ccc(-c4sc(/C=C/C5=CC(=C(C#N)C#N)C=C(*)O5)c(CCCCCC)c4CCCCCC)s3)s2)c(CCCCCC)c1CCCCCC,112.0,,,,,,,,,
4041,P373599,*CCCCCCOc1ccc(/C=C2\CCC/C(=C\c3ccc(O*)cc3)C2=O)cc1,116.0,,,,,,,,,
4042,P373600,*CCCCCCCCOc1ccc(/C=C2\CCC/C(=C\c3ccc(O*)cc3)C2=O)cc1,90.0,,,,,,,,,
4043,P373601,*CCCCCCCCCCOc1ccc(/C=C2\CCC/C(=C\c3ccc(O*)cc3)C2=O)cc1,85.0,,,,,,,,,
4044,P373602,*CCCCCCOc1ccc(/C=C2\CCC/C(=C\c3ccc(O*)c(OC)c3)C2=O)cc1OC,80.0,,,,,,,,,
4045,P373603,*CCCCCCCCOc1ccc(/C=C2\CCC/C(=C\c3ccc(O*)c(OC)c3)C2=O)cc1OC,72.0,,,,,,,,,
4046,P373604,*CCCCCCCCCCOc1ccc(/C=C2\CCC/C(=C\c3ccc(O*)c(OC)c3)C2=O)cc1OC,60.0,,,,,,,,,
4047,P373605,*CCCCCCOc1c(OC)cc(/C=C2\CCC/C(=C\c3cc(OC)c(O*)c(OC)c3)C2=O)cc1OC,71.0,,,,,,,,,
4048,P373606,*CCCCCCCCOc1c(OC)cc(/C=C2\CCC/C(=C\c3cc(OC)c(O*)c(OC)c3)C2=O)cc1OC,62.0,,,,,,,,,
4049,P373607,*CCCCCCCCCCOc1c(OC)cc(/C=C2\CCC/C(=C\c3cc(OC)c(O*)c(OC)c3)C2=O)cc1OC,49.0,,,,,,,,,
4050,P373611,*Cc1cc2cc(C(=O)Nc3ccc(Oc4ccc(NC(=O)c5cc6cc(*)c(OC(=O)COc7ccc8ccc(=O)oc8c7)cc6oc5=O)cc4)cc3)c(=O)oc2cc1OC(=O)COc1ccc2ccc(=O)oc2c1,226.0,,,,,,,,,
4051,P373612,*Oc1ccc2cc(Oc3ccc(S(=O)(=O)c4ccc(*)cc4)cc3)ccc2c1,231.0,,,,,,,,,
4052,P373613,*c1ccc2oc(C3CCC(c4nc5cc(C(*)(C(F)(F)F)C(F)(F)F)ccc5o4)CC3)nc2c1,271.0,,,,,,,,,
4053,P373614,*c1nc2cc(S(=O)(=O)c3ccc4oc(C5CCC(*)CC5)nc4c3)ccc2o1,296.0,,,,,,,,,
4054,P373636,*CCOCCOC(=O)/C=C/C(=O)NCCCCCCNC(=O)/C=C/C(=O)O*,76.0,,,,,,,,,
4055,P373637,*CCOCCOCCOC(=O)/C=C/C(=O)NCCCCCCNC(=O)/C=C/C(=O)O*,65.0,,,,,,,,,
4056,P373638,*CCOCCOCCOCCOC(=O)/C=C/C(=O)NCCCCCCNC(=O)/C=C/C(=O)O*,52.0,,,,,,,,,
4057,P373646,*c1ccc(C(=O)Nc2ccc(NC(=O)c3ccc(Oc4ccc(-c5nn(*)c(=O)c6ccccc56)c5ccccc45)cc3)cc2)cc1,347.5,,,,,,,,,
4058,P373647,*c1ccc(C(=O)Nc2ccc(Oc3ccc(NC(=O)c4ccc(Oc5ccc(-c6nn(*)c(=O)c7ccccc67)c6ccccc56)cc4)cc3)cc2)cc1,317.5,,,,,,,,,
4059,P373648,*c1ccc(C(=O)Nc2ccc(Oc3ccc(Oc4ccc(NC(=O)c5ccc(Oc6ccc(-c7nn(*)c(=O)c8ccccc78)c7ccccc67)cc5)cc4)cc3)cc2)cc1,289.5,,,,,,,,,
4060,P373649,*c1ccc(C(=O)Nc2ccc(Oc3ccc(Oc4ccc(NC(=O)c5ccc(Oc6ccc(-c7nn(*)c(=O)c8ccccc78)c7ccccc67)cc5)cc4C(F)(F)F)cc3)c(C(F)(F)F)c2)cc1,281.5,,,,,,,,,
4061,P373650,*Nc1ccc(Oc2ccc(Nc3ccc4c(c3)c3cc(*)ccc3n4CC(CC)CCCC)cc2)cc1,220.0,,,,,,,,,
4062,P373651,*Oc1ccc(Nc2ccc(/N=N/c3ccc(Nc4ccc(*)cc4)cc3)cc2)cc1,169.0,,,,,,,,,
4063,P373652,*Oc1ccc(Nc2ccc(C(=O)c3ccc(C(=O)c4ccc(Nc5ccc(*)cc5)cc4)cc3)cc2)cc1,215.0,,,,,,,,,
4064,P373653,*Oc1ccc(NC(=O)c2cc(C(=O)Nc3ccc(*)cc3)cc(C(C)(C)C)c2)cc1,268.0,,,,,,,,,
4065,P373654,*Oc1ccc(C2(c3ccc(Oc4ccc(-c5ccc(NC(=O)c6cc(C(=O)Nc7ccc(-c8ccc(*)c(C(F)(F)F)c8)cc7)cc(C(C)(C)C)c6)cc5)cc4C(F)(F)F)cc3)c3ccccc3-c3ccccc32)cc1,278.0,,,,,,,,,
4066,P373655,*Oc1ccc(-c2ccc(NC(=O)c3cc(C(=O)Nc4ccc(-c5ccc(Oc6ccc(C(c7ccc(*)cc7)(C(F)(F)F)C(F)(F)F)cc6)c(C(F)(F)F)c5)cc4)cc(C(C)(C)C)c3)cc2)cc1C(F)(F)F,251.5,,,,,,,,,
4067,P373656,*Oc1ccc(-c2ccc(NC(=O)c3cc(C(=O)Nc4ccc(-c5ccc(Oc6ccc(C(C)(C)c7ccc(*)cc7)cc6)c(C(F)(F)F)c5)cc4)cc(C(C)(C)C)c3)cc2)cc1C(F)(F)F,248.5,,,,,,,,,
4068,P373657,*CCOC(=O)Nc1ccc(C)c(NC(=O)OCCOc2cc([N+](=O)[O-])ccc2/N=N/c2cn(*)c3ccc(-c4ccc5c(c4)c4ccccc4n5CCCC)cc23)c1,160.0,,,,,,,,,
4069,P373658,*CCOC(=O)Nc1ccc(C)c(NC(=O)OCCOc2cc([N+](=O)[O-])ccc2/N=N/c2cn(*)c3ccc(-c4ccccc4)cc23)c1,165.0,,,,,,,,,
4070,P373659,*CCOC(=O)Nc1ccc(C)c(NC(=O)OCCOc2cc([N+](=O)[O-])ccc2/N=N/c2cn(*)c3ccccc23)c1,150.0,,,,,,,,,
4071,P373661,*OC(=O)C1CCC(C(=O)OC2COC3C(*)COC23)CC1,121.0,,,,,,,,,
4072,P373662,*OC(=O)CCC(=O)OC1COC2C(*)COC12,77.0,,,,,,,,,
4073,P373664,*OC(=O)/C=C/C(=O)OC1COC2C(*)COC12,60.0,,,,,,,,,
4074,P373669,*/C=C/c1sc(-c2ccc(-c3sc(/C=C/C4=CC(=C(C#N)C#N)C=C(*)O4)c(CCCCCC)c3CCCCCC)s2)c(CCCCCC)c1CCCCCC,114.0,,,,,,,,,
4075,P373670,*/C=C/c1sc(-c2ccc(-c3ccc(-c4ccc(-c5sc(/C=C/C6=CC(=C(C#N)C#N)C=C(*)O6)c(CCCCCC)c5CCCCCC)s4)s3)s2)c(CCCCCC)c1CCCCCC,134.0,,,,,,,,,
4076,P373674,*c1ccc(C(=O)OCCCCCCOc2ccc(/C=C/C(=O)/C=C/c3ccc(OCCCCCCOC(=O)c4ccc(-c5nnc(*)o5)cc4)cc3)cc2)cc1,62.0,,,,,,,,,
4077,P373675,*c1ccc(C(=O)OCCCCCCCCOc2ccc(/C=C/C(=O)/C=C/c3ccc(OCCCCCCCCOC(=O)c4ccc(-c5nnc(*)o5)cc4)cc3)cc2)cc1,59.0,,,,,,,,,
4078,P373676,*c1ccc(C(=O)OCCCCCCCCCCOc2ccc(/C=C/C(=O)/C=C/c3ccc(OCCCCCCCCCCOC(=O)c4ccc(-c5nnc(*)o5)cc4)cc3)cc2)cc1,58.0,,,,,,,,,
4079,P373677,*c1ccc(C(=O)OCCCCCCOc2ccc(/C=C3\CCCC/C(=C\c4ccc(OCCCCCCOC(=O)c5ccc(-c6nnc(*)o6)cc5)cc4)C3=O)cc2)cc1,104.0,,,,,,,,,
4080,P373678,*c1ccc(C(=O)OCCCCCCCCOc2ccc(/C=C3\CCCC/C(=C\c4ccc(OCCCCCCCCOC(=O)c5ccc(-c6nnc(*)o6)cc5)cc4)C3=O)cc2)cc1,98.0,,,,,,,,,
4081,P373679,*c1ccc(C(=O)OCCCCCCCCCCOc2ccc(/C=C3\CCCC/C(=C\c4ccc(OCCCCCCCCCCOC(=O)c5ccc(-c6nnc(*)o6)cc5)cc4)C3=O)cc2)cc1,74.0,,,,,,,,,
4082,P373688,*Cc1ccc2oc(=O)c(C(=O)Nc3ccc(Oc4ccc(NC(=O)c5cc6cc(*)ccc6oc5=O)cc4)cc3)cc2c1,312.0,,,,,,,,,
4083,P373689,*Cc1ccc2oc(=O)c(C(=O)Nc3ccc(Oc4ccc(Oc5ccc(NC(=O)c6cc7cc(*)ccc7oc6=O)cc5)cc4)cc3)cc2c1,290.0,,,,,,,,,
4084,P373690,*Cc1ccc2oc(=O)c(C(=O)Nc3ccc(Oc4ccc(C(c5ccc(Oc6ccc(NC(=O)c7cc8cc(*)ccc8oc7=O)cc6)cc5)(C(F)(F)F)C(F)(F)F)cc4)cc3)cc2c1,283.0,,,,,,,,,
4085,P373692,*/C=N/c1ccc(C(=O)OCCCCOCCCCOCCCCOC(=O)c2ccc(/N=C/c3ccc(*)s3)cc2)cc1,25.0,,,,,,,,,
4086,P373693,*/C=N/c1ccc(C(=O)OCCCCOCCCCOCCCCOC(=O)c2ccc(/N=C/c3ccc4c(c3)c3cc(*)ccc3n4CC(CC)CCCC)cc2)cc1,5.2,,,,,,,,,
4087,P373694,*CCCCOCCCCOCCCCOC(=O)c1ccc(/N=C/c2cc(OCCCCCC)c(/C=C/c3cc(OCCCCCC)c(/C=C/c4cc(OCCCCCC)c(/C=N/c5ccc(C(=O)O*)cc5)cc4OCCCCCC)cc3OCCCCCC)cc2OCCCCCC)cc1,14.3,,,,,,,,,
4088,P373695,*CCCCOCCCCOCCCCOC(=O)c1ccc(/N=C/c2ccc(/C=N/c3ccc(C(=O)O*)cc3)cc2)cc1,-13.2,,,,,,,,,
4089,P373696,*CCCCOCCCCOCCCCOC(=O)c1ccc(/N=C/c2cc(OCCC(C)CCCC(C)C)c(/C=N/c3ccc(C(=O)O*)cc3)cc2OCCC(C)CCCC(C)C)cc1,-4.8,,,,,,,,,
4090,P373700,*Oc1ccc(-c2ccc(Oc3c(F)c(F)c(COC(c4cccc(C(OCc5c(F)c(F)c(*)c(F)c5F)(C(F)(F)F)C(F)(F)F)c4)(C(F)(F)F)C(F)(F)F)c(F)c3F)cc2)cc1,110.0,,,,,,,,,
4091,P373701,*Oc1c(F)c(F)c(COC(c2cccc(C(OCc3c(F)c(F)c(Oc4ccc(Cc5ccc(*)cc5)cc4)c(F)c3F)(C(F)(F)F)C(F)(F)F)c2)(C(F)(F)F)C(F)(F)F)c(F)c1F,94.0,,,,,,,,,
4092,P373702,*Oc1ccc(C(C)(C)c2ccc(Oc3c(F)c(F)c(COC(c4cccc(C(OCc5c(F)c(F)c(*)c(F)c5F)(C(F)(F)F)C(F)(F)F)c4)(C(F)(F)F)C(F)(F)F)c(F)c3F)cc2)cc1,98.0,,,,,,,,,
4093,P373703,*Oc1ccc(C(c2ccc(Oc3c(F)c(F)c(COC(c4cccc(C(OCc5c(F)c(F)c(*)c(F)c5F)(C(F)(F)F)C(F)(F)F)c4)(C(F)(F)F)C(F)(F)F)c(F)c3F)cc2)(C(F)(F)F)C(F)(F)F)cc1,113.0,,,,,,,,,
4094,P373705,*Oc1ccc(NC(=O)NC2CC(C)(C)CC(C)(CNC(=O)Nc3ccc(*)c(-c4ccc(Oc5ccccc5)cc4)c3)C2)cc1-c1ccc(Oc2ccccc2)cc1,281.0,,,,,,,,,
4095,P373706,*Oc1ccc(NC(=O)Nc2cc(NC(=O)Nc3ccc(*)c(-c4ccc(Oc5ccccc5)cc4)c3)ccc2C)cc1-c1ccc(Oc2ccccc2)cc1,279.0,,,,,,,,,
4096,P373707,*Oc1ccc(NC(=O)NC2CC(C)(C)CC(C)(CNC(=O)Nc3ccc(*)cc3)C2)cc1,274.0,,,,,,,,,
4097,P373708,*Oc1ccc(NC(=O)Nc2cc(NC(=O)Nc3ccc(*)cc3)ccc2C)cc1,269.0,,,,,,,,,
4098,P373709,*COc1ccc(C(C)(C)c2ccc(Oc3ccc(*)n3-c3ccc(C#N)cc3)cc2)cc1,73.13,,,,,,,,,
4099,P373710,*COc1ccc(C(C)(C)c2ccc(Oc3ccc(*)n3-c3ccc([N+](=O)[O-])cc3)cc2)cc1,76.75,,,,,,,,,
4100,P373712,*Oc1ccc(NC(=O)c2cc(NC(=O)C34CC5CC(CC(C5)C3)C4)cc(C(=O)Nc3ccc(*)cc3)c2)cc1,335.0,,,,,,,,,
4101,P373713,*Oc1cc(Oc2ccc(NC(=O)c3cc(NC(=O)C45CC6CC(CC(C6)C4)C5)cc(C(=O)Nc4ccc(*)cc4)c3)cc2)ccc1C12CC3CC(CC(C3)C1)C2,345.0,,,,,,,,,
4102,P373714,*CCOCCOCCOC(=O)C1CCC(C(=O)O*)CC1,-25.0,,,,,,,,,
4103,P373716,*Oc1cccc(Oc2cccc(NC(=O)c3cc(Oc4ccc(C(=O)O)c(C(=O)Nc5cccc(*)c5)c4)ccc3C(=O)O)c2)c1,176.4,,,,,,,,,
4104,P373717,*Oc1cc(Oc2cccc(NC(=O)c3cc(Oc4ccc(C(=O)O)c(C(=O)Nc5cccc(*)c5)c4)ccc3C(=O)O)c2)ccc1C#N,195.8,,,,,,,,,
4105,P373718,*Oc1cccc(Oc2cccc(NC(=O)c3cc(Oc4ccc(C(=O)O)c(C(=O)Nc5cccc(*)c5)c4)ccc3C(=O)O)c2)c1C#N,200.1,,,,,,,,,
4106,P373735,*Oc1c([2H])c([2H])c(S(=O)(=O)c2c([2H])c([2H])c(Oc3c([2H])c([2H])c(C(c4c([2H])c([2H])c(*)c([2H])c4[2H])(C([2H])([2H])[2H])C([2H])([2H])[2H])c([2H])c3[2H])c([2H])c2[2H])c([2H])c1[2H],175.0,,,,,,,,,
4107,P373740,*CCCOC(=O)C(C)O*,-33.0,,,,,,,,,
4108,P373744,*CCCCOc1ccc(C(=O)Nc2cccc(P(=O)(c3ccccc3)c3cccc(NC(=O)c4ccc(O*)cc4)c3)c2)cc1,191.0,,,,,,,,,
4109,P373758,*Oc1ccc(Oc2c(F)c(F)c(-c3c(F)c(F)c(*)c(F)c3F)c(F)c2F)cc1S(=O)(=O)O,120.0,,,,,,,,,
4110,P373763,*Oc1ccc(Oc2ccc(Nc3ccc(S(=O)(=O)c4ccc(Nc5ccc(*)cc5)cc4)cc3)cc2)cc1,144.6,,,,,,,,,
4111,P373764,*Oc1ccc(Nc2ccc(S(=O)(=O)c3ccc(Nc4ccc(Oc5ccc(C(C)(C)c6ccc(*)cc6)cc5)cc4)cc3)cc2)cc1,145.0,,,,,,,,,
4112,P373765,*OC(=O)c1cccc(OCCCCCCOc2cccc(C(=O)OC3COC4C(*)COC34)c2)c1,43.5,,,,,,,,,
4113,P373766,*OC(=O)c1cccc(OCCCCCCCCOc2cccc(C(=O)OC3COC4C(*)COC34)c2)c1,33.0,,,,,,,,,
4114,P373767,*OC(=O)c1cccc(OCCCCCCCCCCOc2cccc(C(=O)OC3COC4C(*)COC34)c2)c1,30.0,,,,,,,,,
4115,P373770,*O[Si](Oc1ccc(-c2ccc(*)cc2)cc1)(c1ccccc1)c1ccccc1,132.25,,,,,,,,,
4116,P373771,*Oc1ccc(C2(c3ccc(Oc4ccc(C(=O)c5ccc(*)cc5)cc4)cc3)CCC3CCCCC3C2)cc1,214.0,,,,,,,,,
4117,P373772,*Oc1ccc(C2(c3ccc(Oc4ccc(C(=O)c5ccc(*)cc5)cc4)c(C)c3)CCC3CCCCC3C2)cc1C,201.0,,,,,,,,,
4118,P373773,*Oc1c(C)cc(C2(c3cc(C)c(Oc4ccc(C(=O)c5ccc(*)cc5)cc4)c(C)c3)CCC3CCCCC3C2)cc1C,251.0,,,,,,,,,
4119,P373774,*Oc1ccc(C2(c3ccc(Oc4ccc(C(=O)c5cccc(C(=O)c6ccc(*)cc6)c5)cc4)cc3)CCC3CCCCC3C2)cc1,194.0,,,,,,,,,
4120,P373775,*Oc1ccc(C2(c3ccc(Oc4ccc(C(=O)c5cccc(C(=O)c6ccc(*)cc6)c5)cc4)c(C)c3)CCC3CCCCC3C2)cc1C,185.0,,,,,,,,,
4121,P373776,*Oc1c(C)cc(C2(c3cc(C)c(Oc4ccc(C(=O)c5cccc(C(=O)c6ccc(*)cc6)c5)cc4)c(C)c3)CCC3CCCCC3C2)cc1C,224.0,,,,,,,,,
4122,P373778,*Oc1ccc(C(C)(C)c2ccc(OP3(Oc4ccc(C(=O)OC)cc4)=NP(Oc4ccc(C(=O)OC)cc4)(Oc4ccc(C(=O)OC)cc4)=NP(*)(Oc4ccc(C(=O)OC)cc4)=N3)cc2)cc1,73.0,,,,,,,,,
4123,P373779,*Oc1ccc(C(C)(C)c2ccc(OP3(Oc4ccc(C(=O)OCCC)cc4)=NP(Oc4ccc(C(=O)OCCC)cc4)(Oc4ccc(C(=O)OCCC)cc4)=NP(*)(Oc4ccc(C(=O)OCCC)cc4)=N3)cc2)cc1,26.0,,,,,,,,,
4124,P373780,*Oc1ccc(C(c2ccc(OP3(Oc4ccc(C(=O)OC)cc4)=NP(Oc4ccc(C(=O)OC)cc4)(Oc4ccc(C(=O)OC)cc4)=NP(*)(Oc4ccc(C(=O)OC)cc4)=N3)cc2)(C(F)(F)F)C(F)(F)F)cc1,78.0,,,,,,,,,
4125,P373781,*Oc1ccc(C(c2ccc(OP3(Oc4ccc(C(=O)OCCC)cc4)=NP(Oc4ccc(C(=O)OCCC)cc4)(Oc4ccc(C(=O)OCCC)cc4)=NP(*)(Oc4ccc(C(=O)OCCC)cc4)=N3)cc2)(C(F)(F)F)C(F)(F)F)cc1,34.0,,,,,,,,,
4126,P373786,*Oc1c(C)cc(-c2cc(C)c(Oc3ccc(C(=O)c4ccc(*)cc4)cc3)c(CBr)c2)cc1CBr,158.17,,,,,,,,,
4127,P373787,*Oc1c(C)cc(-c2cc(CBr)c(Oc3ccc(C(=O)c4ccc(*)cc4)cc3)c(CBr)c2)cc1CBr,163.67,,,,,,,,,
4128,P373796,*CCCCCCOC(=O)NC1CCC(CC2CCC(NC(=O)OCCCCCCOc3ccc(CCc4ccc(O*)cc4)cc3)CC2)CC1,40.3,,,,,,,,,
4129,P374137,*O[Si](*)(C)C,-122.8,,,,,,,,,
4130,P374138,*Oc1ccc(C(C)(C)C)cc1Oc1ccc(S(=O)(=O)c2ccc(*)cc2)cc1,180.5,,,,,,,,,
4131,P380027,*c1ccc(*)s1,89.35,,,,,,,,,
4132,P380029,*c1cc(C)c(*)s1,114.2,,,,,,,,,
4133,P380030,*CC(=O)NCCCCCCNC(=O)CS*,-7.0,,,,,,,,,
4134,P380048,*C1C=C(CCCCCC)C(*)S1,58.05,,,,,,,,,
4135,P380053,*CC(CC)(CC)CS*,-36.25,,,,,,,,,
4136,P380054,*Sc1ccc(P(=O)(c2ccccc2)c2ccc(Sc3ccc(-c4ccc(*)cc4)cc3)cc2)cc1,232.0,,,,,,,,,
4137,P380060,*c1cc(CCCCCCCCCCCC)c(*)s1,-18.5,,,,,,,,,
4138,P380065,*c1cc(CCCCCCCCCC)c(*)s1,-33.0,,,,,,,,,
4139,P380066,*c1cc(CCCCCC)c(*)s1,20.3,,,,,,,,,
4140,P380067,*c1cc(CCCCCCCC)c(*)s1,-9.2,,,,,,,,,
4141,P380079,*c1ccc(Sc2ccc(Sc3ccc(Sc4ccc(S(*)=O)cc4)cc3)cc2)cc1,133.0,,,,,,,,,
4142,P380080,*c1ccc(Sc2cccc(Sc3ccc(S(*)=O)cc3)c2)cc1,121.0,,,,,,,,,
4143,P380085,*Sc1ccc(C(=O)c2ccc(C(c3ccc(C(=O)c4ccc(*)cc4)cc3)(C(F)(F)F)C(F)(F)F)cc2)cc1,175.0,,,,,,,,,
4144,P380086,*Sc1ccc(C(=O)c2ccc(C(C)(C)c3ccc(C(=O)c4ccc(*)cc4)cc3)cc2)cc1,175.0,,,,,,,,,
4145,P380091,*c1ccc(-c2ccc(-c3ccc(-c4ccc(*)n4CCCCCCCCCCCC)s3)s2)s1,52.0,,,,,,,,,
4146,P380092,*c1ccc(-c2ccc(-c3ccc(-c4ccc(-c5ccc(*)n5CCCCCCCCCCCC)s4)s3)s2)s1,54.0,,,,,,,,,
4147,P380093,*c1ccc([Si](*)(C)C)s1,21.0,,,,,,,,,
4148,P380094,*c1ccc([Si](C)(C)[Si](*)(C)C)s1,15.0,,,,,,,,,
4149,P380095,*c1ccc([Si](CCCC)(CCCC)[Si](*)(CCCC)CCCC)s1,-53.0,,,,,,,,,
4150,P380096,*c1ccc(-c2ccc([Si](*)(C)C)s2)s1,45.0,,,,,,,,,
4151,P380097,*c1ccc(-c2ccc([Si](C)(C)[Si](*)(C)C)s2)s1,45.0,,,,,,,,,
4152,P380098,*c1ccc(-c2ccc([Si](*)(CCCC)CCCC)s2)s1,-10.0,,,,,,,,,
4153,P380099,*c1ccc(-c2ccc([Si](CCCC)(CCCC)[Si](*)(CCCC)CCCC)s2)s1,-20.0,,,,,,,,,
4154,P380100,*c1ccc(-c2ccc(-c3ccc([Si](*)(C)C)s3)s2)s1,45.0,,,,,,,,,
4155,P380101,*c1ccc(-c2ccc(-c3ccc([Si](C)(C)[Si](*)(C)C)s3)s2)s1,45.0,,,,,,,,,
4156,P380102,*c1ccc(-c2ccc(-c3ccc([Si](*)(CCCC)CCCC)s3)s2)s1,30.0,,,,,,,,,
4157,P380103,*c1ccc(-c2ccc(-c3ccc([Si](CCCC)(CCCC)[Si](*)(CCCC)CCCC)s3)s2)s1,-5.0,,,,,,,,,
4158,P380104,*c1ccc(-c2cc(CCCCCCCC)c(-c3ccc(-c4ccc(-c5sc(-c6ccc([Si](*)(C)C)s6)cc5CCCCCCCC)s4)s3)s2)s1,31.0,,,,,,,,,
4159,P380105,*c1ccc(-c2cc(CCCCCCCC)c(-c3ccc(-c4ccc(-c5sc(-c6ccc([Si](C)(C)[Si](*)(C)C)s6)cc5CCCCCCCC)s4)s3)s2)s1,12.0,,,,,,,,,
4160,P380106,*c1ccc(-c2cc(CCCCCCCC)c(-c3ccc(-c4ccc(-c5sc(-c6ccc([Si](C)(C)[Si](C)(C)[Si](C)(C)[Si](*)(C)C)s6)cc5CCCCCCCC)s4)s3)s2)s1,6.0,,,,,,,,,
4161,P380107,*c1ccc(-c2cc(CCCCCCCC)c(-c3ccc(-c4ccc(-c5sc(-c6ccc([Si](C)(C)[Si](C)(C)[Si](C)(C)[Si](C)(C)[Si](C)(C)[Si](C)(C)[Si](C)(C)[Si](*)(C)C)s6)cc5CCCCCCCC)s4)s3)s2)s1,13.0,,,,,,,,,
4162,P380108,*c1ccc(-c2cc(CCCCCCCC)c(-c3ccc(-c4ccc(-c5sc(-c6ccc([Si](*)(CCCC)CCCC)s6)cc5CCCCCCCC)s4)s3)s2)s1,-1.0,,,,,,,,,
4163,P380109,*c1ccc(-c2cc(CCCCCCCC)c(-c3ccc(-c4ccc(-c5sc(-c6ccc([Si](CCCC)(CCCC)[Si](*)(CCCC)CCCC)s6)cc5CCCCCCCC)s4)s3)s2)s1,-10.0,,,,,,,,,
4164,P380127,*c1ccc(-c2ccc(-c3ccc(-c4ccc([Si](*)(CCCC)CCCC)s4)s3)s2)s1,1.0,,,,,,,,,
4165,P380128,*c1ccc(-c2ccc(-c3ccc(-c4ccc([Si](CCCC)(CCCC)[Si](*)(CCCC)CCCC)s4)s3)s2)s1,-1.0,,,,,,,,,
4166,P380131,*c1ccc(Sc2ccc(S(*)(=O)=O)cc2)cc1,215.0,,,,,,,,,
4167,P380140,*c1cc(CCCC)c(*)s1,59.0,,,,,,,,,
4168,P380154,*N=P(N=P(/N=S(/*)Oc1ccc(C(C)(C)C)cc1)(Oc1ccc(-c2ccccc2)cc1)Oc1ccc(-c2ccccc2)cc1)(Oc1ccc(-c2ccccc2)cc1)Oc1ccc(-c2ccccc2)cc1,54.0,,,,,,,,,
4169,P380156,*N=P(Cl)(N=P(Cl)(/N=S(/*)Oc1ccccc1-c1ccccc1)Oc1ccccc1-c1ccccc1)Oc1ccccc1-c1ccccc1,79.0,,,,,,,,,
4170,P380157,*N=P(Cl)(N=P(/N=S(/*)Oc1cccc(-c2ccccc2)c1)(Oc1cccc(-c2ccccc2)c1)Oc1cccc(-c2ccccc2)c1)Oc1cccc(-c2ccccc2)c1,32.0,,,,,,,,,
4171,P380158,*N=P(N=P(/N=S(/*)Oc1ccc(-c2ccccc2)cc1)(Oc1ccc(-c2ccccc2)cc1)Oc1ccc(-c2ccccc2)cc1)(Oc1ccc(-c2ccccc2)cc1)Oc1ccc(-c2ccccc2)cc1,69.0,,,,,,,,,
4172,P382006,*c1cc(CCOC(=O)NCCCC)c(*)s1,67.5,,,,,,,,,
4173,P382032,*Oc1ccc(Sc2ccc(OC(=O)OC3C(C)(C)C(OC(*)=O)C3(C)C)cc2)cc1,107.0,,,,,,,,,
4174,P382033,*CCOC(=O)CCSCCC(=O)O*,-43.0,,,,,,,,,
4175,P382045,*SSc1ccc(/N=C/Nc2ccc(*)cc2)cc1,98.0,,,,,,,,,
4176,P382046,*c1ccc(/C=N/c2cccc(/N=C/c3ccc(-c4ccc(*)s4)cc3)c2)cc1,150.0,,,,,,,,,
4177,P382047,*c1ccc(/C=N/c2ccc(C(c3ccccc3)c3ccc(/N=C/c4ccc(-c5ccc(*)s5)cc4)cc3)cc2)cc1,129.0,,,,,,,,,
4178,P382077,*c1ccc(-c2sc(-c3cc(CCCC)c(*)s3)cc2CCCC)cc1,122.3,,,,,,,,,
4179,P382078,*c1ccc(-c2sc(-c3cc(CCCCCCCC)c(*)s3)cc2CCCCCCCC)cc1,50.4,,,,,,,,,
4180,P382079,*c1ccc(-c2sc(-c3cc(CCCCCCCCCCCC)c(*)s3)cc2CCCCCCCCCCCC)cc1,59.6,,0.41300000000000003,,,,,,,
4181,P382100,*Sc1ccc(Nc2ccc(Nc3ccc(*)cc3)cc2)cc1,114.0,,,,,,,,,
4182,P382101,*c1cc(CCCCBr)c(*)s1,19.0,,,,,,,,,
4183,P382106,*CCSCc1ccc(Cc2ccc(CSCCOC(=O)CSCc3ccc(Cc4ccc(CSCC(=O)O*)cc4)cc3)cc2)cc1,14.0,,,,,,,,,
4184,P382107,*CCSCc1ccc(Cc2ccc(CSCCOC(=O)CCSCc3ccc(Cc4ccc(CSCCC(=O)O*)cc4)cc3)cc2)cc1,12.0,,,,,,,,,
4185,P382123,*c1ccc(Sc2ccc(-c3nn(-c4ccc(S(=O)(=O)c5ccc(-n6nc(*)c7ccccc7c6=O)cc5)cc4)c(=O)c4ccccc34)cc2)cc1,279.0,,,,,,,,,
4186,P382124,*c1ccc(C(=O)c2ccc(-n3nc(-c4ccc(Sc5ccc(-c6nn(*)c(=O)c7ccccc67)cc5)cc4)c4ccccc4c3=O)cc2)cc1,281.0,,,,,,,,,
4187,P382134,*c1ccc(C(=O)OCCCCCCOC(=O)c2ccc(-c3nnc(*)s3)cc2)cc1,125.0,,,,,,,,,
4188,P382135,*c1ccc(C(=O)OCCCCCCCCOC(=O)c2ccc(-c3nnc(*)s3)cc2)cc1,86.0,,,,,,,,,
4189,P382136,*c1ccc(C(=O)OCCCCCCCCCOC(=O)c2ccc(-c3nnc(*)s3)cc2)cc1,72.0,,,,,,,,,
4190,P382137,*c1ccc(C(=O)OCCCCCCCCCCOC(=O)c2ccc(-c3nnc(*)s3)cc2)cc1,79.0,,,,,,,,,
4191,P382138,*c1ccc(C(=O)OCCCCCCCCCCCCOC(=O)c2ccc(-c3nnc(*)s3)cc2)cc1,68.0,,,,,,,,,
4192,P382185,*/C(=C/c1cc(OCCCCCCCC)c(/C=C(\c2ccccc2)c2ccc3c(c2)Sc2ccc(*)cc2S3)cc1OCCCCCCCC)c1ccccc1,93.0,,,,,,,,,
4193,P382195,*c1ccc(NC(=O)c2ccc(NC(=O)c3ccc([Si](C)(C)c4ccc(C(=O)Nc5ccc(C(=O)Nc6ccc(-c7sc(*)c(-c8ccccc8)c7-c7ccccc7)cc6)cc5)cc4)cc3)cc2)cc1,337.0,,,,,,,,,
4194,P382197,*/C=C(\C#N)C(=O)NC1CCCCC1NC(=O)/C(C#N)=C/c1ccc(/C=C/c2ccc(N(CC)Cc3ccccc3CN(CC)c3ccc(/C=C/c4ccc(*)s4)cc3)cc2)s1,195.0,,,,,,,,,
4195,P382198,*/C=C(\C#N)C(=O)NC1CCCCC1NC(=O)/C(C#N)=C/c1ccc(/C=C/c2ccc(N(CC)Cc3cccc(CN(CC)c4ccc(/C=C/c5ccc(*)s5)cc4)c3)cc2)s1,157.0,,,,,,,,,
4196,P382199,*/C=C(\C#N)c1cccc(/C(C#N)=C/c2ccc(/C=C/c3ccc(N(CC)Cc4ccccc4CN(CC)c4ccc(/C=C/c5ccc(*)s5)cc4)cc3)s2)c1,178.0,,,,,,,,,
4197,P382200,*/C=C(\C#N)C(=O)NC1CCCCC1NC(=O)/C(C#N)=C/c1ccc(/C=C/c2ccc(N(c3ccccc3)c3ccc(N(c4ccccc4)c4ccc(/C=C/c5ccc(*)s5)cc4)cc3)cc2)s1,240.0,,,,,,,,,
4198,P382201,*/C=C(\C#N)c1cccc(/C(C#N)=C/c2ccc(/C=C/c3ccc(N(c4ccccc4)c4ccc(N(c5ccccc5)c5ccc(/C=C/c6ccc(*)s6)cc5)cc4)cc3)s2)c1,178.0,,,,,,,,,
4199,P382203,*/C=C/c1ccc(N(CC)Cc2ccccc2CN(CC)c2ccc(/C=C/c3ccc(/C=C(\C#N)S(=O)(=O)/C(C#N)=C/c4ccc(*)s4)s3)cc2)cc1,178.0,,,,,,,,,
4200,P382204,*/C=C(\C#N)C(=O)Nc1cc(-c2ccc(O)c(NC(=O)/C(C#N)=C/c3ccc(/C=C/c4ccc(N(c5ccccc5)c5ccc(N(c6ccccc6)c6ccc(/C=C/c7ccc(*)s7)cc6)cc5)cc4)s3)c2)ccc1O,221.0,,,,,,,,,
4201,P382205,*CC(SS*)c1ccccc1,4.8,,,,,,,,,
4202,P382207,*c1ccc(CC(=O)Nc2ccc(NC(=O)Cc3ccc(-c4sc(*)c(-c5ccccc5)c4-c4ccccc4)cc3)cc2)cc1,251.0,,,,,,,,,
4203,P382208,*c1ccc(CC(=O)Nc2cccc(NC(=O)Cc3ccc(-c4sc(*)c(-c5ccccc5)c4-c4ccccc4)cc3)c2)cc1,228.0,,,,,,,,,
4204,P382209,*c1ccc(CC(=O)Nc2ccc(-c3ccc(NC(=O)Cc4ccc(-c5sc(*)c(-c6ccccc6)c5-c5ccccc5)cc4)cc3)cc2)cc1,272.0,,,,,,,,,
4205,P382210,*c1ccc(CC(=O)Nc2ccc(Cc3ccc(NC(=O)Cc4ccc(-c5sc(*)c(-c6ccccc6)c5-c5ccccc5)cc4)cc3)cc2)cc1,227.0,,,,,,,,,
4206,P382211,*c1ccc(CC(=O)Nc2ccc(S(=O)(=O)c3ccc(NC(=O)Cc4ccc(-c5sc(*)c(-c6ccccc6)c5-c5ccccc5)cc4)cc3)cc2)cc1,252.0,,,,,,,,,
4207,P382212,*c1ccc(CC(=O)Nc2cccc3c(NC(=O)Cc4ccc(-c5sc(*)c(-c6ccccc6)c5-c5ccccc5)cc4)cccc23)cc1,255.0,,,,,,,,,
4208,P382213,*c1ccc(NC(=O)Cc2ccc(-c3sc(-c4ccc(CC(=O)Nc5ccc(-c6sc(*)c(-c7ccccc7)c6-c6ccccc6)cc5)cc4)c(-c4ccccc4)c3-c3ccccc3)cc2)cc1,273.0,,,,,,,,,
4209,P382223,*c1cc(C(=O)OCCCCCCCCCCOc2ccc(-c3ccc(OC(=O)c4ccc(OCC(F)CCCCCC)cc4)cc3)cc2)c(*)s1,151.0,,,,,,,,,
4210,P382226,*Sc1ccc(Sc2ccc(Sc3ccc(P(=O)(c4ccccc4)c4ccc(*)cc4)cc3)cc2)cc1,175.0,,,,,,,,,
4211,P382227,*c1cc(-c2ccc(C(=C3C=C(C(C)(C)C)C(=O)C(C(C)(C)C)=C3)c3cc(C(C)(C)C)c(OC(C)=O)c(C(C)(C)C)c3)cc2)c(*)s1,-4.3,,,,,,,,,
4212,P382228,*c1cc(-c2ccc(C(=C3C=C(C(C)(C)C)C(=O)C(C(C)(C)C)=C3)c3cc(C(C)(C)C)c(O)c(C(C)(C)C)c3)cc2)c(*)s1,-12.6,,,,,,,,,
4213,P382233,*Sc1ccc(Nc2ccc(*)cc2)cc1,145.0,,,,,,,,,
4214,P382238,*c1ccc2c(c1)C(CCCCCCCC)(CCCCCCCC)c1cc(-c3ccc(*)c4nsnc34)ccc1-2,114.5,,,,,,,,,
4215,P382253,*c1ccc(-c2sc(-c3ccc(-c4cc(SCCCC)c(*)s4)cc3)cc2SCCCC)cc1,26.4,,,,,,,,,
4216,P382254,*c1ccc(-c2sc(-c3ccc(-c4cc(SCCCCCCCC)c(*)s4)cc3)cc2SCCCCCCCC)cc1,-38.8,,,,,,,,,
4217,P382256,*c1ccc(-c2sc(-c3cc(SCCCC)c(*)s3)cc2SCCCC)cc1,129.0,,,,,,,,,
4218,P382257,*c1ccc(-c2sc(-c3cc(SCCCCCCCC)c(*)s3)cc2SCCCCCCCC)cc1,55.3,,,,,,,,,
4219,P382258,*c1ccc(-c2sc(-c3cc(SCCCCCCCCCCCC)c(*)s3)cc2SCCCCCCCCCCCC)cc1,65.4,,0.349,,,,,,,
4220,P382259,*c1ccc(-c2sc(-c3ccc(-c4cc(CCCC)c(*)s4)cc3)cc2CCCC)cc1,58.3,,,,,,,,,
4221,P382260,*c1ccc(-c2sc(-c3ccc(-c4cc(CCCCCCCC)c(*)s4)cc3)cc2CCCCCCCC)cc1,-4.0,,,,,,,,,
4222,P382261,*c1ccc(-c2sc(-c3ccc(-c4cc(CCCCCCCCCCCC)c(*)s4)cc3)cc2CCCCCCCCCCCC)cc1,-19.2,,,,,,,,,
4223,P382266,*c1cc(SCCCCCC)c(*)s1,32.0,,,,,,,,,
4224,P382267,*c1cc(SCCCCCCCCCCCC)c(*)s1,33.0,,,,,,,,,
4225,P382283,*/C=C/c1sc(/C=C/c2ccc3c4ccc(*)cc4n(CC(CC)CCCC)c3c2)c(CC(CC)CCCC)c1CC(CC)CCCC,60.0,,,,,,,,,
4226,P382285,*c1sc(*)c(CCCCCCN(CC)c2ccc(/N=N/c3ccc([N+](=O)[O-])cc3)cc2)c1CCCCCC,17.0,,,,,,,,,
4227,P382286,*c1cc(CC(=O)OCCN(CC)c2ccc(/N=N/c3ccc([N+](=O)[O-])cc3)cc2)c(*)s1,102.0,,,,,,,,,
4228,P382287,*c1cc(CCOc2ccc(/N=N/c3ccc(C#N)cc3)cc2)c(*)s1,73.0,,,,,,,,,
4229,P382288,*c1cc(CC(=O)OCCCCCCOc2ccc(/N=N/c3ccc(C#N)cc3)cc2)c(*)s1,64.0,,,,,,,,,
4230,P382295,*c1ccc(Sc2ccc(Sc3ccc(Sc4ccc(S(*)(=O)=O)cc4S(=O)(=O)O)cc3)cc2)c(S(=O)(=O)O)c1,202.0,,,,,,,,,
4231,P382296,*C(=O)OCC(COc1ccc(/N=N/c2ccc(C#N)cc2)cc1)OC(=O)c1ccc(*)s1,119.0,,,,,,,,,
4232,P382303,*c1cc(-c2sc(-c3cc(CCCC)c(*)s3)cc2CCCC)c2cccccc1-2,124.0,,,,,,,,,
4233,P382304,*c1cc(-c2sc(-c3cc(CCCCCCC)c(*)s3)cc2CCCCCCC)c2cccccc1-2,56.0,,,,,,,,,
4234,P382305,*c1cc(-c2sc(-c3cc(CCCCCCCCCC)c(*)s3)cc2CCCCCCCCCC)c2cccccc1-2,22.5,,,,,,,,,
4235,P382306,*c1cc(-c2sc(-c3cc(CCCCCCCCCCCCCC)c(*)s3)cc2CCCCCCCCCCCCCC)c2cccccc1-2,-10.0,,0.316,,,,,,,
4236,P382307,*c1cc(C(=O)OCC(F)(F)C(F)(F)C(F)(F)F)c(*)s1,129.0,,,,,,,,,
4237,P382308,*c1ccc(-c2cc(CCCCCCCC)c(-c3ccc(-c4sc(*)cc4CCCCCCCC)cc3)s2)cn1,16.2,,,,,,,,,
4238,P382309,*c1ccc(-c2ccc(-c3cc(CCCCCCCC)c(-c4ccc(-c5sc(*)cc5CCCCCCCC)cc4)s3)cc2)cc1,0.6,,,,,,,,,
4239,P382318,*/C=C/c1cc(OCCCCCCCC)c(/C=C/c2ccc(*)c3nsnc23)cc1OCCCCCCCC,153.0,,,,,,,,,
4240,P382319,*c1ccc(-c2ccc(-c3ccc4c(c3)C(CCCCCCCC)(CCCCCCCC)c3cc(-c5ccc(*)s5)ccc3-4)s2)cn1,127.5,,,,,,,,,
4241,P382331,*c1cc(CC(=O)OCC)c(*)s1,56.7,,,,,,,,,
4242,P382346,*c1cc(CCCCCCOC(=O)COC)c(*)s1,37.0,,,,,,,,,
4243,P382347,*c1cc(CCCCCCOC(=O)Cc2ccccc2)c(*)s1,45.0,,,,,,,,,
4244,P382348,*c1cc(CCCCCCOC(=O)COc2ccccc2)c(*)s1,50.0,,,,,,,,,
4245,P382349,*c1ccc(-c2cc(CCCCCCBr)c(*)s2)s1,51.0,,,,,,,,,
4246,P382350,*c1ccc(-c2cc(CCCCCCOC(=O)COc3ccccc3)c(*)s2)s1,79.0,,,,,,,,,
4247,P382351,*c1cc(CCCCCCO[Si](C)(C)C)c(*)s1,10.0,,,,,,,,,
4248,P382371,*Sc1ccc(C(=O)CNCCCCCCCCNCC(=O)c2ccc(*)cc2)cc1,231.0,,,,,,,,,
4249,P382373,*c1ccc2cc3cc(-c4sc(-c5cc(CCCCCCCCCCCC)c(*)s5)cc4CCCCCCCCCCCC)ccc3cc2c1,158.0,,,,,,,,,
4250,P382384,*Cc1ccccc1CSS*,39.0,,,,,,,,,
4251,P382385,*CCCCSS*,-55.0,,,,,,,,,
4252,P382387,*/C=C/c1cccc(OC(=O)CCCCCCCCC(=O)Oc2ccc(-c3nnc(*)s3)cc2)c1,55.0,,,,,,,,,
4253,P382388,*/C=C/c1ccc(OC(=O)CCCCCCCCC(=O)Oc2cccc(-c3nnc(*)s3)c2)cc1,37.0,,,,,,,,,
4254,P382389,*/C=C/c1ccc(OC(=O)CCCCCCCCC(=O)Oc2ccc(-c3nnc(*)s3)cc2)cc1,30.0,,,,,,,,,
4255,P382391,*c1ccc2c3ccc(-c4ccc(-c5ccc(-c6ccc(*)s6)c6nccnc56)s4)cc3n(C(CCCCCCCC)CCCCCCCC)c2c1,116.0,,,,,,,,,
4256,P382392,*c1ccc2c3ccc(-c4ccc(-c5ccc(-c6ccc(*)s6)c6nsnc56)s4)cc3n(C(CCCCCCCC)CCCCCCCC)c2c1,126.0,,,,,,,,,
4257,P382393,*/C=C/c1cccc(OC(=O)CCCCCCCCC(=O)Oc2cccc(-c3nnc(*)s3)c2)c1,41.0,,,,,,,,,
4258,P382394,*c1cc(CCOC(=O)C(C)Br)c(*)s1,49.0,,,,,,,,,
4259,P382395,*CCCCOC(=O)CCSCCCCCCSCCC(=O)O*,-73.0,,,,,,,,,
4260,P382410,*c1cc(C(C(=O)OC)C(=O)OC)c(*)s1,-20.1,,,,,,,,,
4261,P382411,*Sc1ccc(Sc2ccc(Sc3ccc4c(c3)Sc3ccc(*)cc3S4)cc2)cc1,154.0,,,,,,,,,
4262,P382412,*Sc1ccc2c(c1)Sc1ccc(*)cc1S2,209.9,,,,,,,,,
4263,P382415,*c1ccc2c(c1)Sc1cc(-c3ccc(-c4ccc(*)s4)s3)ccc1N2CCCCCC,140.0,,,,,,,,,
4264,P382416,*c1ccc2c(c1)Sc1cc(-c3ccc(-c4ccc(*)s4)s3)ccc1N2CCCCCCCCCC,142.0,,,,,,,,,
4265,P382417,*c1ccc2c(c1)Sc1cc(-c3ccc(-c4ccc(*)s4)s3)ccc1N2CCCCCCCCCCCC,150.0,,,,,,,,,
4266,P382418,*c1ccc2c(c1)Sc1cc(-c3sc4cc(*)sc4c3CCCCC)ccc1N2CCCCCC,126.0,,,,,,,,,
4267,P382419,*c1ccc2c(c1)Sc1cc(-c3sc4cc(*)sc4c3CCCCC)ccc1N2CCCCCCCCCC,131.0,,,,,,,,,
4268,P382420,*c1ccc2c(c1)Sc1cc(-c3sc4cc(*)sc4c3CCCCC)ccc1N2CCCCCCCCCCCC,136.0,,,,,,,,,
4269,P382432,*c1cc(C(=O)Oc2cccc3cccnc23)c(*)s1,154.0,,,,,,,,,
4270,P382439,*/C=C/c1ccc2c(c1)Sc1cc(*)ccc1N2c1ccc(OCCCCCCCCCCCC)cc1,129.0,,,,,,,,,
4271,P382440,*/C=C/c1ccc(/C=C/c2ccc3c(c2)Sc2cc(*)ccc2N3c2ccc(OCCCCCCCCCCCC)cc2)cc1,167.0,,,,,,,,,
4272,P382441,*/C=C/c1ccc(/C=C/c2ccc3c(c2)Sc2cc(*)ccc2N3c2ccc(OCCCCCCCCCCCC)cc2)s1,155.0,,,,,,,,,
4273,P382447,*c1cc(CCCCCC)c(-c2ccc3c4ccc(-c5sc(-c6sc(*)c7nc(CC)c(CC)nc67)cc5CCCCCC)cc4n(CCCCCCCCCCCC)c3c2)s1,89.0,,,,,,,,,
4274,P382457,*Nc1cnc(*)s1,139.0,,,,,,,,,
4275,P382548,*Sc1cccc(Sc2ccc(Sc3ccc(*)cc3)cc2)c1,69.0,,,,,,,,,
4276,P390004,*Oc1ccc(C(C)(C)c2ccc(OC(=O)c3ccc(C(C)(C)c4ccc(C(*)=O)cc4)cc3)cc2)cc1,230.0,,,,,,,,,
4277,P390005,*Oc1ccc(C(C)(C)c2ccc(OC(=O)c3ccc(Cc4ccc(C(*)=O)cc4)cc3)cc2)cc1,205.0,,,,,,,,,
4278,P390006,*Oc1ccc(OC(=O)c2cccc(C(*)=O)c2)cc1,186.0,,,,,,,,,
4279,P390007,*Oc1ccc(S(=O)(=O)c2ccc(OC(=O)c3cc(CCCCC)cc(C(*)=O)c3)cc2)cc1,170.0,,,,,,,,,
4280,P390008,*OS(=O)(=O)c1cccc(C(=O)Oc2ccc(C(C)(C)c3ccc(*)cc3)cc2)c1,133.0,,,,,,,,,
4281,P390009,*CCN(CCOC(=O)c1cccc(C(=O)O*)c1)c1ccccc1,60.0,,,,,,,,,
4282,P390011,*Oc1ccc(C2(c3ccc(OC(=O)c4ccc(C(*)=O)cc4)cc3)CCCCC2)cc1,275.0,,,,,,,,,
4283,P390012,*Oc1ccc(C(CC)(c2ccccc2)c2ccc(OC(=O)CCCCCCCCC(*)=O)cc2)cc1,88.0,,,,,,,,,
4284,P390013,*Oc1ccc(C(CC)(c2ccccc2)c2ccc(OC(=O)c3ccc(C(*)=O)cc3)cc2)cc1,243.0,,,,,,,,,
4285,P390015,*Oc1ccc(C(c2ccccc2)(c2ccccc2)c2ccc(OC(=O)c3ccc(C(*)=O)cc3)cc2)cc1,210.0,,,,,,,,,
4286,P390018,*Oc1ccc(C2(c3ccc(OC(=O)CCC(*)=O)cc3)c3ccccc3-c3ccccc32)cc1,234.0,,,,,,,,,
4287,P390019,*Oc1ccc(C2(c3ccc(OC(=O)CCCC(*)=O)cc3)c3ccccc3-c3ccccc32)cc1,207.0,,,,,,,,,
4288,P390020,*Oc1ccc(C2(c3ccc(OC(=O)CCCCC(*)=O)cc3)c3ccccc3-c3ccccc32)cc1,166.0,,,,,,,,,
4289,P390021,*Oc1ccc(C2(c3ccc(OC(=O)CCCCCCC(*)=O)cc3)c3ccccc3-c3ccccc32)cc1,158.0,,,,,,,,,
4290,P390022,*Oc1ccc(C2(c3ccc(OC(=O)CCCCCCCC(*)=O)cc3)c3ccccc3-c3ccccc32)cc1,150.0,,,,,,,,,
4291,P390023,*Oc1ccc(C2(c3ccc(OC(=O)CCCCCCCCCC(*)=O)cc3)c3ccccc3-c3ccccc32)cc1,136.0,,,,,,,,,
4292,P390024,*Oc1ccc(C2(c3ccc(OC(=O)CCCCCCCCCCC(*)=O)cc3)c3ccccc3-c3ccccc32)cc1,117.0,,,,,,,,,
4293,P390031,*Oc1ccc(C2(c3ccc(OC(=O)c4ccc(C(*)=O)cc4)cc3)c3ccccc3C(=O)c3ccccc32)cc1,400.0,,,,,,,,,
4294,P390033,*Oc1ccc(C2(c3ccc(OC(=O)CCCCCCCCC(*)=O)cc3)c3ccccc3Cc3ccccc32)cc1,134.0,,,,,,,,,
4295,P390034,*Oc1ccc(C2(c3ccc(OC(=O)c4ccc(C(*)=O)cc4)cc3)c3ccccc3Cc3ccccc32)cc1,342.0,,,,,,,,,
4296,P390035,*CCC(C)(C)CC(C)COC(=O)CCCCC(=O)O*,-70.0,,,,,,,,,
4297,P390036,*CCC(C)(C)CC(C)COC(=O)c1ccc(C(=O)O*)cc1,-9.0,,,,,,,,,
4298,P390037,*C/C=C/COC(=O)CCCCCCCCC(=O)O*,-40.0,,,,,,,,,
4299,P390038,*C/C=C/COC(=O)CCCCCCCCC(=O)O*,-41.0,,,,,,,,,
4300,P390039,*O[Sn](CCCC)(CCCC)OC(=O)/C=C/C(*)=O,186.0,,,,,,,,,
4301,P390040,*Oc1ccc(C(CC)(CC)c2ccc(OC(=O)c3ccc(C(*)=O)cc3)cc2)cc1,180.0,,,,,,,,,
4302,P390045,*Oc1ccc(C(C)(c2ccccc2)c2ccc(OC(=O)c3cccc(C(*)=O)c3)cc2)cc1,202.0,,,,,,,,,
4303,P390046,*Oc1ccc(C(c2ccccc2)(c2ccccc2)c2ccc(OC(=O)c3cccc(C(*)=O)c3)cc2)cc1,229.0,,,,,,,,,
4304,P390050,*Oc1ccc(C(C)(C)c2ccc(OC(=O)c3ccc(C(=O)c4ccc(C(*)=O)cc4)cc3)cc2)cc1,194.0,,,,,,,,,
4305,P390051,*Oc1ccc(C(=O)c2ccc(OC(=O)c3ccc(C(C)(C)c4ccc(C(*)=O)cc4)cc3)cc2)cc1,130.0,,,,,,,,,
4306,P390052,*Oc1ccc(Cc2ccc(OC(=O)c3ccc(C(C)(C)c4ccc(C(*)=O)cc4)cc3)cc2)cc1,140.0,,,,,,,,,
4307,P390055,*CC1CC(COC(=O)c2ccc(C(=O)O*)cc2)CC(C(C)(C)C)C1,118.0,,,,,,,,,
4308,P390056,*CC1CCCC(COC(=O)c2ccc(C(=O)O*)cc2)C1,75.0,,,,,,,,,
4309,P390058,*CCOC(=O)Cc1ccc(C(=O)O*)cc1,24.0,,,,,,,,,
4310,P390059,*Oc1ccc(C(C)(C)c2ccc(OC(=O)c3ccc(CC(*)=O)cc3)cc2)cc1,85.0,,,,,,,,,
4311,P390060,*Cc1ccc(COC(=O)Cc2ccc(C(=O)O*)cc2)cc1,47.0,,,,,,,,,
4312,P390061,*CC(C)(C)COC(=O)Cc1ccc(C(=O)O*)cc1,33.0,,,,,,,,,
4313,P390062,*CCCCCCCCCCOC(=O)c1ccccc1C(=O)O*,-14.0,,,,,,,,,
4314,P390071,*Oc1ccc(C(C)(C)c2ccc(OC(=O)CC(C)CCC(*)=O)cc2)cc1,56.0,,,,,,,,,
4315,P390072,*Oc1ccc(C(C)(C)c2ccc(OC(=O)CCCCC(*)=O)c(C)c2)cc1C,33.5,,,,,,,,,
4316,P390134,*CC(C)(CC)COC(=O)CCCCCCCCC(=O)O*,-69.0,,,,,,,,,
4317,P390135,*OC(C)CCC(C)OC(=O)CCCCCCCCC(*)=O,-66.0,,,,,,,,,
4318,P390184,*CCCCCCCCOC(=O)c1cccc(C(=O)O*)c1,-9.0,,,,,,,,,
4319,P390192,*Oc1ccc(C2(c3ccc(OC(=O)c4cccc(C(*)=O)c4)c(C)c3)c3ccccc3-c3ccccc32)cc1C,287.0,,,,,,,,,
4320,P390193,*Oc1c(C)cc(C2(c3cc(C)c(OC(=O)c4cccc(C(*)=O)c4)c(C)c3)c3ccccc3-c3ccccc32)cc1C,315.0,,,,,,,,,
4321,P390201,*CCCCOC(=O)/C=C/C(=O)O*,-22.0,,,,,,,,,
4322,P390202,*CCCCOC(=O)/C=C/C(=O)O*,93.0,,,,,,,,,
4323,P390203,*Oc1ccc2c(c1)C(C)(c1ccc(OC(=O)c3cccc(C(*)=O)c3)cc1)CC2(C)C,230.5,,,,,,,,,
4324,P390204,*Oc1ccc2c(c1)C(C)(c1ccc(OC(=O)c3ccc(C(*)=O)cc3)cc1)CC2(C)C,252.5,,,,,,,,,
4325,P390214,*c1ccc(C(=O)NNC(=O)c2ccc(C(=O)NNC(=O)c3ccc(C4(*)OC(=O)c5ccccc54)cc3)cc2)cc1,237.0,,,,,,,,,
4326,P390216,*Oc1c(OC)cc(-c2cc(OC)c(OC(=O)c3cccc(C(*)=O)c3)c(OC)c2)cc1OC,252.0,,,,,,,,,
4327,P390217,*Oc1c(OC)cc(-c2cc(OC)c(OC(=O)CCCCCCCCC(*)=O)c(OC)c2)cc1OC,94.0,,,,,,,,,
4328,P390218,*Oc1ccc(-c2ccc(OC(=O)c3ccc(C(*)=O)cc3)cc2)cc1,267.0,,,,,,,,,
4329,P390219,*Oc1ccc(OC(=O)c2ccc(C(*)=O)cc2Oc2ccc3ccccc3c2)cc1,102.0,,,,,,,,,
4330,P390220,*Oc1ccc(OC(=O)c2ccc(C(*)=O)cc2Sc2ccc3ccccc3c2)cc1,148.0,,,,,,,,,
4331,P390221,*Oc1ccc(-c2ccc(OC(=O)c3ccc(C(*)=O)cc3Sc3ccc4ccccc4c3)cc2)cc1,141.0,,,,,,,,,
4332,P390222,*Oc1ccc(OC(=O)c2ccc(C(*)=O)cc2Sc2ccccc2)cc1,181.0,,,,,,,,,
4333,P390223,*Oc1ccc(OC(=O)c2ccc(C(*)=O)cc2Sc2ccc(C)cc2)cc1,134.0,,,,,,,,,
4334,P390224,*Oc1ccc(OC(=O)c2ccc(C(*)=O)cc2Sc2ccc(Cl)cc2)cc1,140.0,,,,,,,,,
4335,P390225,*OC(C)(CC(*)=O)C(F)(F)F,27.0,,,,,,,,,
4336,P390226,*OC(C)CCOC(=O)C(CCCCCCOc1ccc(/N=C/c2ccc([N+](=O)[O-])cc2)cc1)C(*)=O,3.0,,,,,,,,,
4337,P390227,*Oc1ccc(OC(=O)c2ccc(C(*)=O)cc2Sc2ccccc2)cc1C,130.0,,,,,,,,,
4338,P390228,*Oc1ccc(OC(=O)c2ccc(C(*)=O)cc2Sc2ccccc2)cc1-c1ccccc1,130.0,,,,,,,,,
4339,P390233,*OC(C)C(=O)OCC(*)=O,43.0,,,,,,,,,
4340,P390234,*Oc1ccc(-c2ccc(OC(=O)c3ccc(-c4ccc(C(*)=O)cc4)cc3-c3ccccc3)cc2)cc1,168.0,,,,,,,,,
4341,P390235,*Oc1ccc(OC(=O)c2ccc(-c3ccc(C(*)=O)cc3)cc2-c2ccccc2)cc1,140.0,,,,,,,,,
4342,P390236,*Oc1ccc(OC(=O)c2ccc(-c3ccc(C(*)=O)cc3)cc2-c2ccccc2)c2ccccc12,165.0,,,,,,,,,
4343,P390237,*Oc1ccc(OC(=O)c2ccc(-c3ccc(C(*)=O)cc3)cc2-c2ccccc2)cc1C,133.0,,,,,,,,,
4344,P390238,*Oc1ccc(OC(=O)c2ccc(-c3ccc(C(*)=O)cc3)cc2-c2ccccc2)cc1-c1ccccc1,148.0,,,,,,,,,
4345,P390239,*Oc1ccc(OC(=O)c2ccc(-c3ccc(C(*)=O)cc3)cc2-c2ccccc2)cc1C(C)(C)c1ccccc1,146.0,,,,,,,,,
4346,P390240,*Oc1ccc2cc(OC(=O)c3ccc(-c4ccc(C(*)=O)cc4)cc3-c3ccccc3)ccc2c1,125.0,,,,,,,,,
4347,P390242,*OC(COc1ccccc1)CC(*)=O,20.0,,,,,,,,,
4348,P390243,*OC(CCOc1ccccc1)CC(*)=O,20.0,,,,,,,,,
4349,P390244,*Oc1ccc(C(C)(C)c2ccc(OC(=O)c3ccccc3-c3ccccc3C(*)=O)cc2)cc1,161.0,,,,,,,,,
4350,P390245,*CC(C)(CC)COC(=O)c1ccc(C(=O)O*)cc1,63.0,,,,,,,,,
4351,P390248,*CCCCCCCCCCn1c2ccccc2c2cc(/C=C(\C#N)C(=O)OCCCCCCOC(=O)/C(C#N)=C/c3ccc4c(c3)c3ccccc3n4*)ccc21,94.5,,,,,,,,,
4352,P390249,*CCCCCCCCCn1c2ccccc2c2cc(/C=C(\C#N)C(=O)OCCCCCCOC(=O)/C(C#N)=C/c3ccc4c(c3)c3ccccc3n4*)ccc21,96.4,,,,,,,,,
4353,P390250,*CCCCCCCCn1c2ccccc2c2cc(/C=C(\C#N)C(=O)OCCCCCCOC(=O)/C(C#N)=C/c3ccc4c(c3)c3ccccc3n4*)ccc21,96.7,,,,,,,,,
4354,P390251,*CCCCCCCn1c2ccccc2c2cc(/C=C(\C#N)C(=O)OCCCCCCOC(=O)/C(C#N)=C/c3ccc4c(c3)c3ccccc3n4*)ccc21,107.8,,,,,,,,,
4355,P390252,*CCCCCCn1c2ccccc2c2cc(/C=C(\C#N)C(=O)OCCCCCCOC(=O)/C(C#N)=C/c3ccc4c(c3)c3ccccc3n4*)ccc21,117.7,,,,,,,,,
4356,P390257,*OC(CCCCCCC=C)CC(*)=O,-50.0,,,,,,,,,
4357,P390258,*OC(CCc1ccccc1)CC(*)=O,18.0,,,,,,,,,
4358,P390259,*OC(CCCCC)CC(*)=O,-33.0,,,,,,,,,
4359,P390281,*Oc1ccc(C(=O)OCCCCCCCOC(=O)c2ccc(OC(=O)c3ccc(C(*)=O)cc3)cc2)cc1,70.0,,,,,,,,,
4360,P390283,*Oc1ccc2cc(C(*)=O)ccc2c1,147.0,,,,,,,,,
4361,P390284,*Oc1ccc(OC(=O)c2ccc(OC(=O)c3ccc(C(=O)Oc4ccc(C(*)=O)cc4)cc3)cc2)cc1,283.0,,,,,,,,,
4362,P390312,*Oc1ccc(C(*)=O)cc1CCCCC,50.0,,,,,,,,,
4363,P390319,*CCOC(=O)c1ccc(-c2ccc(-c3ccc(C(=O)O*)cc3)cc2)cc1,180.0,,,,,,,,,
4364,P390320,*CCCCOC(=O)c1ccc(-c2ccc(-c3ccc(C(=O)O*)cc3)cc2)cc1,180.0,,,,,,,,,
4365,P390321,*CCCCCOC(=O)c1ccc(-c2ccc(-c3ccc(C(=O)O*)cc3)cc2)cc1,40.0,,,,,,,,,
4366,P390322,*CCCCCCOC(=O)c1ccc(-c2ccc(-c3ccc(C(=O)O*)cc3)cc2)cc1,60.0,,,,,,,,,
4367,P390323,*CCCCCCCCCCOC(=O)c1ccc(-c2ccc(-c3ccc(C(=O)O*)cc3)cc2)cc1,50.0,,,,,,,,,
4368,P390324,*CC(CC)(CC)COC(=O)c1ccc(-c2ccc(-c3ccc(C(=O)O*)cc3)cc2)cc1,-20.0,,,,,,,,,
4369,P390325,*CC(C)(C)COC(=O)c1ccc(-c2ccc(-c3ccc(C(=O)O*)cc3)cc2)cc1,100.0,,,,,,,,,
4370,P390326,*CCCCCOC(=O)c1ccc(/C=C/c2ccc(C(=O)O*)cc2)cc1,60.0,,,,,,,,,
4371,P390329,*CC(C)(C)COC(=O)c1ccc(/C=C/c2ccc(C(=O)O*)cc2)cc1,80.0,,,,,,,,,
4372,P390332,*CCCS(=O)(=O)CCCCS(=O)(=O)CCCOC(=O)c1ccccc1C(=O)O*,49.0,,,,,,,,,
4373,P390333,*CCCS(=O)(=O)CCCS(=O)(=O)CCCOC(=O)c1ccccc1C(=O)O*,52.0,,,,,,,,,
4374,P390334,*CCCS(=O)(=O)CCCCS(=O)(=O)CCCOC(=O)c1cccc(C(=O)O*)c1,65.0,,,,,,,,,
4375,P390335,*CCCS(=O)(=O)CCCS(=O)(=O)CCCOC(=O)c1cccc(C(=O)O*)c1,67.0,,,,,,,,,
4376,P390338,*CC#CC#CCOC(=O)c1ccc(C(=O)O*)cc1,143.0,,,,,,,,,
4377,P390342,*CCC(C)CC(=O)O*,-71.5,,,,,,,,,
4378,P390363,*C(=O)OCCOC(=O)c1ccc(C(=O)OCCOC(=O)N2CCN(*)CC2)cc1,53.0,,,,,,,,,
4379,P390365,*Oc1ccc(OC(=O)c2ccc(C(*)=O)cc2Oc2ccccc2)cc1,105.0,,,,,,,,,
4380,P390366,*Oc1ccc(OC(=O)c2ccc(C(*)=O)cc2Oc2ccc(Cl)cc2)cc1,107.0,,,,,,,,,
4381,P390367,*Oc1ccc(OC(=O)c2ccc(C(*)=O)cc2Oc2ccc(-c3ccccc3)cc2)cc1,117.0,,,,,,,,,
4382,P390375,*Oc1ccc(OC(=O)c2ccc(C(*)=O)cc2Oc2ccc(Br)cc2)cc1,108.0,,,,,,,,,
4383,P390376,*Oc1ccc(OC(=O)c2ccc(C(*)=O)cc2Oc2ccc(F)cc2)cc1,106.0,,,,,,,,,
4384,P390377,*Oc1ccc(OC(=O)c2ccc(C(*)=O)cc2Oc2ccc(C(C)(C)c3ccccc3)cc2)cc1,93.0,,,,,,,,,
4385,P390378,*Oc1ccc(OC(=O)c2ccc(C(*)=O)cc2Oc2ccc(Oc3ccccc3)cc2)cc1,83.0,,,,,,,,,
4386,P390379,*Oc1ccc(OC(=O)c2ccc(C(*)=O)cc2Oc2ccc(C3CCCCC3)cc2)cc1,113.0,,,,,,,,,
4387,P390380,*Oc1ccc(OC(=O)Oc2ccc(C(*)=O)cc2)cc1,74.0,,,,,,,,,
4388,P390393,*OC1CCC(OC(=O)C(*)=O)CC1,139.6,,,,,,,,,
4389,P390399,*Oc1ccc(-c2ccc(OC(=O)c3cc(OCCCCCC)c(C(*)=O)cc3OCCCCCC)cc2)cc1,113.0,,,,,,,,,
4390,P390400,*Oc1ccc(C(=O)Nc2ccc(C(c3ccc(NC(=O)c4ccc(OC(=O)c5ccc(C(*)=O)cc5)cc4)cc3)(C(F)(F)F)C(F)(F)F)cc2)cc1,266.0,,,,,,,,,
4391,P390401,*Oc1ccc(C(=O)Nc2ccc(C(c3ccc(NC(=O)c4ccc(OC(=O)c5cccc(C(*)=O)c5)cc4)cc3)(C(F)(F)F)C(F)(F)F)cc2)cc1,227.0,,,,,,,,,
4392,P390402,*Oc1ccc(C(=O)Nc2cc(C(c3ccc(C)c(NC(=O)c4ccc(OC(=O)c5ccc(C(*)=O)cc5)cc4)c3)(C(F)(F)F)C(F)(F)F)ccc2C)cc1,213.0,,,,,,,,,
4393,P390403,*Oc1ccc(C(=O)Nc2cc(C(c3ccc(C)c(NC(=O)c4ccc(OC(=O)c5cccc(C(*)=O)c5)cc4)c3)(C(F)(F)F)C(F)(F)F)ccc2C)cc1,214.0,,,,,,,,,
4394,P390404,*Oc1ccc(C(C)(C)c2ccc(OC(=O)c3ccc4c(c3)C(C)(c3ccc(C(*)=O)cc3)CC4(C)C)cc2)cc1,265.0,,,,,,,,,
4395,P390405,*Oc1ccc(C2(c3ccc(OC(=O)c4ccc(C(*)=O)cc4)cc3)CC3CC2C2CCCC32)cc1,322.0,,,,,,,,,
4396,P390411,*Oc1c(Br)cc(C(C)(C)c2cc(Br)c(OC(=O)c3cccc(C(*)=O)c3)c(Br)c2)cc1Br,115.0,,,,,,,,,
4397,P390414,*c1cc(Br)c(OC(=O)c2ccc(C(=O)Oc3c(Br)cc(C4(*)OC(=O)c5ccccc54)cc3Br)cc2)c(Br)c1,319.0,,,,,,,,,
4398,P390415,*CCCCCCS(=O)(=O)c1ccc(/N=N/c2ccc(N(C)CCCCCC(=O)O*)cc2)cc1,60.5,,,,,,,,,
4399,P390416,*CCCS(=O)(=O)c1ccc(/N=N/c2ccc(N(CCCC)CC(=O)O*)cc2)cc1,92.4,,,,,,,,,
4400,P390426,*Oc1ccc(/C=C2\CC/C(=C\c3ccc(OC(=O)c4ccc(/N=C/c5ccc(/C=N/c6ccc(C(*)=O)cc6)cc5)cc4)cc3)C2=O)cc1,205.0,,,,,,,,,
4401,P390427,*Oc1ccc(/C=C2\CC/C(=C\c3ccc(OC(=O)c4ccc(/N=C/c5ccc(/C=N/c6ccc(C(*)=O)cc6)cc5)cc4)c(OC)c3)C2=O)cc1OC,140.0,,,,,,,,,
4402,P390430,*Oc1ccc(C(C)(c2ccccc2)c2ccc(OC(=O)c3ccccc3-c3ccccc3C(*)=O)cc2)cc1,172.0,,,,,,,,,
4403,P390445,*CCOC(=O)c1ccc(/C(C#N)=C(\c2ccc(OC)cc2)N2CCC(*)CC2)cc1,167.0,,,,,,,,,
4404,P390446,*COC(=O)c1ccc(/C(C#N)=C(\c2ccc(OC)cc2)N2CCCC(*)C2)cc1,176.0,,,,,,,,,
4405,P390447,*/C(=C(\C#N)c1ccc(C(=O)OC2CCN(*)CC2)cc1)c1ccc(OC)cc1,183.0,,,,,,,,,
4406,P392013,*CCCCCCCCCCOC(=O)CC/C=C/CCC(=O)O*,-15.0,,,,,,,,,
4407,P392014,*CCCCCCCCCCCCCCCCOC(=O)CC/C=C/CCC(=O)O*,-18.0,,0.304,,,,,,,
4408,P392015,*CCCCCCCCCCCCCCCCOC(=O)C/C=C/CC(=O)O*,-22.0,,0.315,,,,,,,
4409,P392033,*CC(CCCCCCOc1ccc(/N=N/c2ccc(C#N)cc2)cc1)COC(=O)CCCCCCCCCCCCC(=O)O*,21.5,,,,,,,,,
4410,P392038,*Oc1ccc(C2(c3ccc(OC(=O)CCC(*)=O)cc3)c3cc(N(C)C)ccc3-c3ccc([N+](=O)[O-])cc32)cc1,215.0,,,,,,,,,
4411,P392039,*Oc1ccc(C2(c3ccc(OC(=O)CCCC(*)=O)cc3)c3cc(N(C)C)ccc3-c3ccc([N+](=O)[O-])cc32)cc1,181.0,,,,,,,,,
4412,P392040,*Oc1ccc(C2(c3ccc(OC(=O)CCCCC(*)=O)cc3)c3cc(N(C)C)ccc3-c3ccc([N+](=O)[O-])cc32)cc1,150.0,,,,,,,,,
4413,P392041,*Oc1ccc(C2(c3ccc(OC(=O)CCC(*)=O)cc3)c3cc(OC)ccc3-c3ccc([N+](=O)[O-])cc32)cc1,230.0,,,,,,,,,
4414,P392042,*Oc1ccc(C2(c3ccc(OC(=O)CCCC(*)=O)cc3)c3cc(OC)ccc3-c3ccc([N+](=O)[O-])cc32)cc1,197.0,,,,,,,,,
4415,P392043,*Oc1cc(C(C)(C)c2ccccc2)c(OC(=O)c2cccc(C(*)=O)c2)cc1C(C)(C)c1ccccc1,180.0,,,,,,,,,
4416,P392044,*Oc1cc(C(C)(C)c2ccccc2)c(OC(=O)c2ccc(C(*)=O)cc2)cc1C(C)(C)c1ccccc1,170.0,,,,,,,,,
4417,P392045,*Oc1ccc2c(c1)C1(CC2(C)C)CC(C)(C)c2ccc(OC(=O)c3ccc(C(*)=O)cc3)cc21,290.0,,,,,,,,,
4418,P392046,*Oc1ccc2c(c1)C1(CC2(C)C)CC(C)(C)c2ccc(OC(=O)c3cccc(C(*)=O)c3)cc21,245.0,,,,,,,,,
4419,P392056,*Oc1ccc(/C=C2\CCC/C(=C\c3ccc(OC(=O)c4cccc(C(*)=O)c4)c(OC)c3)C2=O)cc1OC,57.86,,,,,,,,,
4420,P392059,*Oc1ccc(/C=C2\CCC/C(=C\c3ccc(OC(=O)CCCCCCCCC(*)=O)c(OC)c3)C2=O)cc1OC,48.05,,,,,,,,,
4421,P392068,*Oc1ccc(CC(NC(=O)CCc2ccc(OC(=O)CCCCC(*)=O)cc2)C(=O)OCC)cc1,61.0,,,,,,,,,
4422,P392069,*Oc1ccc(CC(NC(=O)CCc2ccc(OC(=O)CCCCC(*)=O)cc2)C(=O)OCCCCCC)cc1,37.725,,,,,,,,,
4423,P392070,*Oc1ccc(CC(NC(=O)CCc2ccc(OC(=O)CCCCC(*)=O)cc2)C(=O)OCCCCCCCC)cc1,28.0,,,,,,,,,
4424,P392071,*Oc1ccc(CC(NC(=O)CCc2ccc(OC(=O)CCC(*)=O)cc2)C(=O)OCCCCCC)cc1,53.0,,,,,,,,,
4425,P392072,*Oc1ccc(CC(NC(=O)CCc2ccc(OC(=O)CCCCCCCCC(*)=O)cc2)C(=O)OCCCCCC)cc1,22.0,,,,,,,,,
4426,P392077,*CCCCOC(=O)c1ccc(N/C=N/c2ccc(C(=O)O*)cc2)cc1,91.0,,,,,,,,,
4427,P392078,*Oc1ccc(C(C)(C)c2ccc(OC(=O)c3ccc([Si](C)(C)c4ccc(C(*)=O)cc4)cc3)cc2)cc1,180.0,,,,,,,,,
4428,P392079,*Oc1ccc(S(=O)(=O)c2ccc(OC(=O)c3ccc([Si](C)(C)c4ccc(C(*)=O)cc4)cc3)cc2)cc1,235.0,,,,,,,,,
4429,P392080,*c1ccc(OC(=O)c2ccc([Si](C)(C)c3ccc(C(=O)Oc4ccc(C5(*)OC(=O)c6ccccc65)cc4)cc3)cc2)cc1,214.0,,,,,,,,,
4430,P392081,*Oc1ccc(C(C)(C)c2ccc(OC(=O)c3ccc([Si](c4ccccc4)(c4ccccc4)c4ccc(C(*)=O)cc4)cc3)cc2)cc1,295.0,,,,,,,,,
4431,P392082,*Oc1ccc(S(=O)(=O)c2ccc(OC(=O)c3ccc([Si](c4ccccc4)(c4ccccc4)c4ccc(C(*)=O)cc4)cc3)cc2)cc1,250.0,,,,,,,,,
4432,P392083,*c1ccc(OC(=O)c2ccc([Si](c3ccccc3)(c3ccccc3)c3ccc(C(=O)Oc4ccc(C5(*)OC(=O)c6ccccc65)cc4)cc3)cc2)cc1,250.0,,,,,,,,,
4433,P392084,*Oc1ccc(NC(=O)c2ccc([Si](C)(C)c3ccc(C(*)=O)cc3)cc2)cc1,220.0,,,,,,,,,
4434,P392085,*Oc1cccc(NC(=O)c2ccc([Si](C)(C)c3ccc(C(*)=O)cc3)cc2)c1,220.0,,,,,,,,,
4435,P392086,*Oc1ccc(NC(=O)c2ccc([Si](c3ccccc3)(c3ccccc3)c3ccc(C(*)=O)cc3)cc2)cc1,235.0,,,,,,,,,
4436,P392090,*Oc1cccc(OC(=O)c2ccc(OC(=O)c3cccc(C(=O)Oc4ccc(C(*)=O)cc4)c3)cc2)c1,158.0,,,,,,,,,
4437,P392092,*C(=O)Oc1ccc(C(=O)Oc2cccc(OC(=O)c3ccc(OC(=O)c4ccc(*)nc4)cc3)c2)cc1,110.0,,,,,,,,,
4438,P392093,*c1ccc(OC(=O)c2ccc([Si](C)(C)c3ccc(C(=O)Oc4ccc(C5(*)c6ccccc6C(=O)N5c5ccccc5)cc4)cc3)cc2)cc1,255.0,,,,,,,,,
4439,P392096,*Oc1ccc(OC(=O)c2cc(OCCCc3ccccc3)c(C(*)=O)cc2OCCCc2ccccc2)cc1C,91.0,,,,,,,,,
4440,P392097,*Oc1ccc(-c2ccc(OC(=O)c3cc(OCCCc4ccccc4)c(C(*)=O)cc3OCCCc3ccccc3)cc2)cc1,72.0,,,,,,,,,
4441,P392098,*Oc1ccc(OC(=O)c2cc(OCCCCCCCCCCCC)c(C(*)=O)cc2OCCCCCCCCCCCC)cc1C,112.0,,,,,,,,,
4442,P392099,*Oc1ccc(OC(=O)c2cc(OCCCCCCCCCCCC)c(C(*)=O)cc2OCCCCCCCCCCCC)cc1-c1ccccc1,96.0,,,,,,,,,
4443,P392102,*Oc1ccc(-c2ccc(OC(=O)c3ccc(C(=O)c4ccc(C(*)=O)cc4)cc3)c(-c3ccccc3)c2)cc1-c1ccccc1,184.5,,,,,,,,,
4444,P392103,*Oc1ccc(C(C)(C)c2ccc(OC(=O)c3ccc(C(c4ccc(C(*)=O)cc4)(C(F)(F)F)C(F)(F)F)cc3)cc2)cc1,124.0,,,,,,,,,
4445,P392104,*Oc1ccc(C(c2ccc(OC(=O)c3ccc(C(c4ccc(C(*)=O)cc4)(C(F)(F)F)C(F)(F)F)cc3)cc2)(C(F)(F)F)C(F)(F)F)cc1,135.0,,,,,,,,,
4446,P392105,*Oc1ccc(CC(NC(=O)CCc2ccc(OC(=O)CCC(*)=O)cc2)C(=O)OCC)cc1,78.0,,,,,,,,,
4447,P392106,*Oc1ccc(CC(NC(=O)CCc2ccc(OC(=O)CCC(*)=O)cc2)C(=O)OCCCC)cc1,67.0,,,,,,,,,
4448,P392107,*Oc1ccc(CC(NC(=O)CCc2ccc(OC(=O)CCC(*)=O)cc2)C(=O)OCCCCCCCC)cc1,48.0,,,,,,,,,
4449,P392108,*Oc1ccc(CC(NC(=O)CCc2ccc(OC(=O)CCCCC(*)=O)cc2)C(=O)OCCCC)cc1,46.0,,,,,,,,,
4450,P392109,*Oc1ccc(CC(NC(=O)CCc2ccc(OC(=O)CCCCCCC(*)=O)cc2)C(=O)OCC)cc1,50.0,,,,,,,,,
4451,P392110,*Oc1ccc(CC(NC(=O)CCc2ccc(OC(=O)CCCCCCC(*)=O)cc2)C(=O)OCCCC)cc1,37.0,,,,,,,,,
4452,P392111,*Oc1ccc(CC(NC(=O)CCc2ccc(OC(=O)CCCCCCC(*)=O)cc2)C(=O)OCCCCCC)cc1,27.0,,,,,,,,,
4453,P392112,*Oc1ccc(CC(NC(=O)CCc2ccc(OC(=O)CCCCCCC(*)=O)cc2)C(=O)OCCCCCCCC)cc1,22.0,,,,,,,,,
4454,P392113,*Oc1ccc(CC(NC(=O)CCc2ccc(OC(=O)CCCCCCCCC(*)=O)cc2)C(=O)OCC)cc1,44.0,,,,,,,,,
4455,P392114,*Oc1ccc(CC(NC(=O)CCc2ccc(OC(=O)CCCCCCCCC(*)=O)cc2)C(=O)OCCCC)cc1,30.0,,,,,,,,,
4456,P392115,*Oc1ccc(CC(NC(=O)CCc2ccc(OC(=O)CCCCCCCCC(*)=O)cc2)C(=O)OCCCCCCCC)cc1,15.5,,,,,,,,,
4457,P392116,*/C=C/c1c(OC(=O)c2ccc(C(=O)Oc3ccc4ccccc4c3/C=C/c3cccc(*)n3)cc2)ccc2ccccc12,145.0,,,,,,,,,
4458,P392117,*/C=C/c1c(OC(=O)c2ccc(C(=O)Oc3cccc4ccc(*)nc34)cc2)ccc2ccccc12,175.0,,,,,,,,,
4459,P392118,*/C=C/c1ccc(OC(=O)c2ccc(C(=O)Oc3cccc4ccc(*)nc34)cc2)cc1,112.0,,,,,,,,,
4460,P392119,*CCN(CCOC(=O)c1ccc([Si](C)(C)c2ccc(C(=O)O*)cc2)cc1)c1ccc(/C=C/c2ccc([N+](=O)[O-])cc2)cc1,127.0,,,,,,,,,
4461,P392120,*Oc1ccc(CC(NC(=O)CCc2ccc(OC(=O)CCC(*)=O)cc2)C(=O)OC)cc1,91.5,,,,,,,,,
4462,P392121,*Oc1ccc(CC(NC(=O)CCc2ccc(OC(=O)CCC(*)=O)cc2)C(=O)OCCCCCCCCCCCC)cc1,40.0,,,,,,,,,
4463,P392122,*Oc1ccc(CC(NC(=O)CCc2ccc(OC(=O)CCCC(*)=O)cc2)C(=O)OC)cc1,76.0,,,,,,,,,
4464,P392123,*Oc1ccc(CC(NC(=O)CCc2ccc(OC(=O)CCCC(*)=O)cc2)C(=O)OCC)cc1,70.0,,,,,,,,,
4465,P392124,*Oc1ccc(CC(NC(=O)CCc2ccc(OC(=O)CCCC(*)=O)cc2)C(=O)OCCCC)cc1,56.0,,,,,,,,,
4466,P392125,*Oc1ccc(CC(NC(=O)CCc2ccc(OC(=O)CCCC(*)=O)cc2)C(=O)OCCCCCC)cc1,43.0,,,,,,,,,
4467,P392126,*Oc1ccc(CC(NC(=O)CCc2ccc(OC(=O)CCCC(*)=O)cc2)C(=O)OCCCCCCCC)cc1,32.5,,,,,,,,,
4468,P392127,*Oc1ccc(CC(NC(=O)CCc2ccc(OC(=O)CCCC(*)=O)cc2)C(=O)OCCCCCCCCCCCC)cc1,27.5,,,,,,,,,
4469,P392128,*Oc1ccc(CC(NC(=O)CCc2ccc(OC(=O)CCCCC(*)=O)cc2)C(=O)OC)cc1,70.0,,,,,,,,,
4470,P392129,*Oc1ccc(CC(NC(=O)CCc2ccc(OC(=O)CCCCC(*)=O)cc2)C(=O)OCCCCCCCCCCCC)cc1,22.0,,,,,,,,,
4471,P392130,*Oc1ccc(CC(NC(=O)CCc2ccc(OC(=O)CCCCCCC(*)=O)cc2)C(=O)OC)cc1,55.5,,,,,,,,,
4472,P392131,*Oc1ccc(CC(NC(=O)CCc2ccc(OC(=O)CCCCCCC(*)=O)cc2)C(=O)OCCCCCCCCCCCC)cc1,15.0,,,,,,,,,
4473,P392132,*Oc1ccc(CC(NC(=O)CCc2ccc(OC(=O)CCCCCCCCC(*)=O)cc2)C(=O)OC)cc1,47.0,,,,,,,,,
4474,P392133,*Oc1ccc(CC(NC(=O)CCc2ccc(OC(=O)CCCCCCCCC(*)=O)cc2)C(=O)OCCCCCCCCCCCC)cc1,12.5,,,,,,,,,
4475,P392135,*CCN(CCOC(=O)CCCCC(=O)O*)c1ccc(/C=N/N(c2ccccc2)c2ccccc2)cc1,54.0,,,,,,,,,
4476,P392153,*CCCCCCCCCOC(=O)c1ccc(-c2ccc(C(=O)O*)cc2)cc1,50.5,,,,,,,,,
4477,P392154,*CCCCCCCCCCCOC(=O)c1ccc(-c2ccc(C(=O)O*)cc2)cc1,49.0,,,,,,,,,
4478,P392155,*CCCCCCCCCCCCOC(=O)c1ccc(-c2ccc(C(=O)O*)cc2)cc1,50.5,,,,,,,,,
4479,P392156,*CCCCCCCOC(=O)c1ccc2cc(C(=O)O*)ccc2c1,52.5,,,,,,,,,
4480,P392157,*CCCCCCCCOC(=O)c1ccc2cc(C(=O)O*)ccc2c1,60.0,,,,,,,,,
4481,P392158,*CCCCCCCCCOC(=O)c1ccc2cc(C(=O)O*)ccc2c1,50.0,,,,,,,,,
4482,P392159,*CCCCCCCCCCCOC(=O)c1ccc2cc(C(=O)O*)ccc2c1,43.0,,,,,,,,,
4483,P392160,*CCCCCCCCCCCCOC(=O)c1ccc2cc(C(=O)O*)ccc2c1,45.0,,,,,,,,,
4484,P392166,*Oc1ccc(OC(=O)c2ccc(C(*)=O)cc2)cc1C1CCCCCCC1,213.0,,,,,,,,,
4485,P392169,*CC(=O)NC(C)C(=O)O*,54.6,,,,,,,,,
4486,P392170,*OC(C)C(=O)NC(C)C(*)=O,57.65,,,,,,,,,
4487,P392176,*Oc1ccc(-c2ccc(OC(=O)c3ccc(-c4ccc(C(*)=O)cc4C(F)(F)F)c(C(F)(F)F)c3)cc2C(=O)OCCCCCCCCCCCOc2ccc(-c3ccc(C#N)cc3)cc2)c(C(=O)OCCCCCCCCCCCOc2ccc(-c3ccc(C#N)cc3)cc2)c1,50.0,,,,,,,,,
4488,P392187,*Oc1ccc(C(=O)NNC(=O)c2ccc(C(=O)NNC(=O)c3ccc(OC(=O)c4cccc(C(*)=O)c4)cc3)cc2)cc1,175.0,,,,,,,,,
4489,P392188,*Oc1ccc(C(=O)NNC(=O)c2cccc(C(=O)NNC(=O)c3ccc(OC(=O)c4cccc(C(*)=O)c4)cc3)c2)cc1,180.0,,,,,,,,,
4490,P392190,*Oc1ccc(C(=O)NNC(=O)c2ccc(C(=O)NNC(=O)c3ccc(OC(=O)c4cccc(C(*)=O)c4)cc3)cc2Oc2ccccc2)cc1,160.0,,,,,,,,,
4491,P392193,*CCOC(=O)C1C2C=CC(C2)C1C(=O)O*,0.0,,,,,,,,,
4492,P392196,*CC#C/C(C#CCOC(=O)CCCCCCCCC(=O)O*)=C\c1ccc(C#Cc2ccc(C=C(C#Cc3ccccc3)C#Cc3ccccc3)cc2)cc1,60.0,,,,,,,,,
4493,P392197,*CC#C/C(C#CCOC(=O)CCCCCCCCC(=O)O*)=C\c1ccc(C#Cc2ccccc2)cc1,60.0,,,,,,,,,
4494,P392198,*CC#C/C(C#CCOC(=O)CCCCCCCCC(=O)O*)=C\c1ccc(C#Cc2ccc([N+](=O)[O-])cc2)cc1,60.0,,,,,,,,,
4495,P392199,*Oc1ccc(/N=N/c2ccc(Cc3ccc(/N=N/c4ccc(OC(=O)c5ccc(C(*)=O)cc5)cc4)cc3[N+](=O)[O-])c([N+](=O)[O-])c2)cc1,198.0,,,,,,,,,
4496,P392200,*Oc1ccc(/N=N/c2c(C)cc(Cc3cc(C)c(/N=N/c4ccc(OC(=O)c5ccc(C(*)=O)cc5)cc4)c(C)c3[N+](=O)[O-])c([N+](=O)[O-])c2C)cc1,203.0,,,,,,,,,
4497,P392201,*Oc1ccc(CC(NC(=O)CCc2ccc(OC(=O)CCC(*)=O)cc2)C(=O)OCc2ccccc2)cc1,78.0,,,,,,,,,
4498,P392202,*Oc1ccc(CC(NC(=O)CCc2ccc(OC(=O)CCC(*)=O)cc2)C(=O)OCCOCCOCC)cc1,34.0,,,,,,,,,
4499,P392203,*Oc1ccc(CC(NC(=O)CCc2ccc(OC(=O)CCC(*)=O)cc2)C(=O)OCC(C)C)cc1,75.0,,,,,,,,,
4500,P392204,*Oc1ccc(CC(NC(=O)CCc2ccc(OC(=O)CCC(*)=O)cc2)C(=O)OC(C)C)cc1,82.0,,,,,,,,,
4501,P392205,*Oc1ccc(CC(NC(=O)CCc2ccc(OC(=O)CCC(*)=O)cc2)C(=O)OC(C)CC)cc1,75.0,,,,,,,,,
4502,P392206,*Oc1ccc(CC(NC(=O)CCc2ccc(OC(=O)CCCCCCCCC(*)=O)cc2)C(=O)OCc2ccccc2)cc1,42.0,,,,,,,,,
4503,P392207,*Oc1ccc(CC(NC(=O)CCc2ccc(OC(=O)CCCCCCCCC(*)=O)cc2)C(=O)OCCOCCOCC)cc1,2.0,,,,,,,,,
4504,P392208,*Oc1ccc(CC(NC(=O)CCc2ccc(OC(=O)CCCCCCCCC(*)=O)cc2)C(=O)OCC(C)C)cc1,33.0,,,,,,,,,
4505,P392209,*Oc1ccc(CC(NC(=O)CCc2ccc(OC(=O)CCCCCCCCC(*)=O)cc2)C(=O)OC(C)C)cc1,44.0,,,,,,,,,
4506,P392210,*Oc1ccc(CC(NC(=O)CCc2ccc(OC(=O)CCCCCCCCC(*)=O)cc2)C(=O)OC(C)CC)cc1,36.0,,,,,,,,,
4507,P392211,*Oc1ccc(CC(NC(=O)CCc2ccc(OC(=O)CCCC(*)=O)cc2)C(=O)OCc2ccccc2)cc1,66.0,,,,,,,,,
4508,P392212,*Oc1ccc(CC(NC(=O)CCc2ccc(OC(=O)CCCC(*)=O)cc2)C(=O)OCCOCCOCC)cc1,21.0,,,,,,,,,
4509,P392213,*Oc1ccc(CC(NC(=O)CCc2ccc(OC(=O)CCCC(*)=O)cc2)C(=O)OCC(C)C)cc1,62.0,,,,,,,,,
4510,P392214,*Oc1ccc(CC(NC(=O)CCc2ccc(OC(=O)CCCC(*)=O)cc2)C(=O)OC(C)C)cc1,68.0,,,,,,,,,
4511,P392215,*Oc1ccc(CC(NC(=O)CCc2ccc(OC(=O)CCCC(*)=O)cc2)C(=O)OC(C)CC)cc1,52.0,,,,,,,,,
4512,P392216,*Oc1ccc(CC(NC(=O)CCc2ccc(OC(=O)CCCCC(*)=O)cc2)C(=O)OCc2ccccc2)cc1,54.5,,,,,,,,,
4513,P392217,*Oc1ccc(CC(NC(=O)CCc2ccc(OC(=O)CCCCC(*)=O)cc2)C(=O)OCCOCCOCC)cc1,15.0,,,,,,,,,
4514,P392218,*Oc1ccc(CC(NC(=O)CCc2ccc(OC(=O)CCCCC(*)=O)cc2)C(=O)OCC(C)C)cc1,56.0,,,,,,,,,
4515,P392219,*Oc1ccc(CC(NC(=O)CCc2ccc(OC(=O)CCCCC(*)=O)cc2)C(=O)OC(C)C)cc1,56.5,,,,,,,,,
4516,P392220,*Oc1ccc(CC(NC(=O)CCc2ccc(OC(=O)CCCCC(*)=O)cc2)C(=O)OC(C)CC)cc1,50.0,,,,,,,,,
4517,P392221,*Oc1ccc(CC(NC(=O)CCc2ccc(OC(=O)CCCCCCC(*)=O)cc2)C(=O)OCc2ccccc2)cc1,47.0,,,,,,,,,
4518,P392222,*Oc1ccc(CC(NC(=O)CCc2ccc(OC(=O)CCCCCCC(*)=O)cc2)C(=O)OCCOCCOCC)cc1,6.0,,,,,,,,,
4519,P392223,*Oc1ccc(CC(NC(=O)CCc2ccc(OC(=O)CCCCCCC(*)=O)cc2)C(=O)OCC(C)C)cc1,42.0,,,,,,,,,
4520,P392224,*Oc1ccc(CC(NC(=O)CCc2ccc(OC(=O)CCCCCCC(*)=O)cc2)C(=O)OC(C)C)cc1,46.0,,,,,,,,,
4521,P392225,*Oc1ccc(CC(NC(=O)CCc2ccc(OC(=O)CCCCCCC(*)=O)cc2)C(=O)OC(C)CC)cc1,46.0,,,,,,,,,
4522,P392226,*Oc1ccc(CC(NC(=O)Cc2ccc(OC(=O)CCC(*)=O)cc2)C(=O)OCC)cc1,75.5,,,,,,,,,
4523,P392227,*Oc1ccc(CC(NC(=O)Cc2ccc(OC(=O)CCC(*)=O)cc2)C(=O)OCCCCCC)cc1,59.0,,,,,,,,,
4524,P392228,*Oc1ccc(CC(NC(=O)Cc2ccc(OC(=O)CCC(*)=O)cc2)C(=O)OCCCCCCCC)cc1,51.0,,,,,,,,,
4525,P392229,*Oc1ccc(CC(NC(=O)Cc2ccc(OC(=O)CCCCC(*)=O)cc2)C(=O)OCC)cc1,63.0,,,,,,,,,
4526,P392230,*Oc1ccc(CC(NC(=O)Cc2ccc(OC(=O)CCCCC(*)=O)cc2)C(=O)OCCCCCC)cc1,36.0,,,,,,,,,
4527,P392231,*Oc1ccc(CC(NC(=O)Cc2ccc(OC(=O)CCCCC(*)=O)cc2)C(=O)OCCCCCCCC)cc1,28.0,,,,,,,,,
4528,P392232,*Oc1ccc(CC(NC(=O)Cc2ccc(OC(=O)CC(C)CCC(*)=O)cc2)C(=O)OCC)cc1,63.0,,,,,,,,,
4529,P392233,*Oc1ccc(CC(NC(=O)Cc2ccc(OC(=O)CC(C)CCC(*)=O)cc2)C(=O)OCCCCCC)cc1,38.0,,,,,,,,,
4530,P392234,*Oc1ccc(CC(NC(=O)Cc2ccc(OC(=O)CC(C)CCC(*)=O)cc2)C(=O)OCCCCCCCC)cc1,30.0,,,,,,,,,
4531,P392235,*Oc1ccc(CC(NC(=O)Cc2ccc(OC(=O)CCCCCCC(*)=O)cc2)C(=O)OCC)cc1,54.0,,,,,,,,,
4532,P392236,*Oc1ccc(CC(NC(=O)Cc2ccc(OC(=O)CCCCCCC(*)=O)cc2)C(=O)OCCCCCC)cc1,27.0,,,,,,,,,
4533,P392237,*Oc1ccc(CC(NC(=O)Cc2ccc(OC(=O)CCCCCCC(*)=O)cc2)C(=O)OCCCCCCCC)cc1,22.0,,,,,,,,,
4534,P392238,*Oc1ccc(CC(NC(=O)Cc2ccc(OC(=O)CCCCCCCCC(*)=O)cc2)C(=O)OCC)cc1,43.0,,,,,,,,,
4535,P392239,*Oc1ccc(CC(NC(=O)Cc2ccc(OC(=O)CCCCCCCCC(*)=O)cc2)C(=O)OCCCCCC)cc1,23.0,,,,,,,,,
4536,P392240,*Oc1ccc(CC(NC(=O)Cc2ccc(OC(=O)CCCCCCCCC(*)=O)cc2)C(=O)OCCCCCCCC)cc1,16.0,,,,,,,,,
4537,P392241,*Oc1ccc(CC(NC(=O)Cc2ccc(OC(=O)CCCC(*)=O)cc2)C(=O)OCC)cc1,65.0,,,,,,,,,
4538,P392242,*Oc1ccc(CC(NC(=O)Cc2ccc(OC(=O)CCCC(*)=O)cc2)C(=O)OCCCCCC)cc1,42.0,,,,,,,,,
4539,P392243,*Oc1ccc(CC(NC(=O)Cc2ccc(OC(=O)CCCC(*)=O)cc2)C(=O)OCCCCCCCC)cc1,38.0,,,,,,,,,
4540,P392244,*Oc1ccc(CCNC(=O)c2cccc(C(=O)NCCc3ccc(OC(=O)c4cccc(C(*)=O)c4)cc3)c2)cc1,147.0,,,,,,,,,
4541,P392245,*Oc1ccc(CCNC(=O)c2cccc(C(*)=O)c2)cc1,152.0,,,,,,,,,
4542,P392246,*CCN(CCOC(=O)c1ccc(C(=O)O*)cc1)c1ccc(C=C(C#N)C#N)cc1,127.0,,,,,,,,,
4543,P392247,*CCN(CCOC(=O)c1ccc(C(=O)O*)c(OCCC)c1)c1ccc(-c2nc3ccc([N+](=O)[O-])cc3o2)cc1,119.0,,,,,,,,,
4544,P392248,*CCN(CCOC(=O)c1ccc(C(=O)O*)cc1)c1ccc(-c2nc3ccc([N+](=O)[O-])cc3o2)cc1,208.0,,,,,,,,,
4545,P392249,*CCN(CCOC(=O)c1ccc(C(=O)O*)c(OCCC)c1)c1ccc(C=C(C#N)C#N)cc1,94.0,,,,,,,,,
4546,P392252,*OC(C)C#CC#CC(C)OC(=O)c1ccc(C(*)=O)cc1,133.0,,,,,,,,,
4547,P392257,*Oc1ccc(OC(=O)c2cc(OCCCCOCC3CCCN3c3ccc([N+](=O)[O-])cc3)c(C(*)=O)cc2OCCCCOCC2CCCN2c2ccc([N+](=O)[O-])cc2)cc1,68.0,,,,,,,,,
4548,P392258,*Oc1ccc(OC(=O)c2cc(OCCCCCOCC3CCCN3c3ccc([N+](=O)[O-])cc3)c(C(*)=O)cc2OCCCCCOCC2CCCN2c2ccc([N+](=O)[O-])cc2)cc1,63.0,,,,,,,,,
4549,P392259,*Oc1ccc(OC(=O)c2cc(OCCCCCCOCC3CCCN3c3ccc([N+](=O)[O-])cc3)c(C(*)=O)cc2OCCCCCCOCC2CCCN2c2ccc([N+](=O)[O-])cc2)cc1,56.0,,,,,,,,,
4550,P392260,*Oc1ccc(OC(=O)c2cc(OCCCCCCCOCC3CCCN3c3ccc([N+](=O)[O-])cc3)c(C(*)=O)cc2OCCCCCCCOCC2CCCN2c2ccc([N+](=O)[O-])cc2)cc1,50.0,,,,,,,,,
4551,P392261,*Oc1ccc(OC(=O)c2cc(OCCCCCCCCOCC3CCCN3c3ccc([N+](=O)[O-])cc3)c(C(*)=O)cc2OCCCCCCCCOCC2CCCN2c2ccc([N+](=O)[O-])cc2)cc1,41.0,,,,,,,,,
4552,P392262,*Oc1ccc(OC(=O)c2cc(OCCCCCCCCCOCC3CCCN3c3ccc([N+](=O)[O-])cc3)c(C(*)=O)cc2OCCCCCCCCCOCC2CCCN2c2ccc([N+](=O)[O-])cc2)cc1,34.0,,,,,,,,,
4553,P392263,*Oc1ccc(OC(=O)c2cc(OCCCCCCCCCCOCC3CCCN3c3ccc([N+](=O)[O-])cc3)c(C(*)=O)cc2OCCCCCCCCCCOCC2CCCN2c2ccc([N+](=O)[O-])cc2)cc1,30.0,,,,,,,,,
4554,P392285,*OC(C)COC(=O)/C=C/C(*)=O,-14.0,,,,,,,,,
4555,P392327,*Oc1cc(OC(=O)c2ccc(OC)cc2)c(OC(=O)CCCCCCCCCCCCCCC(*)=O)cc1OC(=O)c1ccc(OC)cc1,33.0,,,,,,,,,
4556,P392328,*Oc1cc(OC(=O)c2ccc(OCC)cc2)c(OC(=O)CCCCCCCCCCCCCCC(*)=O)cc1OC(=O)c1ccc(OCC)cc1,31.0,,,,,,,,,
4557,P392329,*Oc1cc(OC(=O)c2ccc(OCCC)cc2)c(OC(=O)CCCCCCCCCCCCCCC(*)=O)cc1OC(=O)c1ccc(OCCC)cc1,18.0,,,,,,,,,
4558,P392332,*Oc1cc(OC(=O)c2ccc(OCCCC)cc2)c(OC(=O)CCCCCCCC(*)=O)cc1OC(=O)c1ccc(OCCCC)cc1,38.0,,,,,,,,,
4559,P392333,*Oc1cc(OC(=O)c2ccc(OCCCC)cc2)c(OC(=O)CCCCCC(*)=O)cc1OC(=O)c1ccc(OCCCC)cc1,45.0,,,,,,,,,
4560,P392334,*Oc1cc(OC(=O)c2ccc(OCCCC)cc2)c(OC(=O)CCCC(*)=O)cc1OC(=O)c1ccc(OCCCC)cc1,59.0,,,,,,,,,
4561,P392335,*Oc1cc(OC(=O)c2ccc(OC)cc2)c(OC(=O)CCCC(*)=O)cc1OC(=O)c1ccc(OC)cc1,88.0,,,,,,,,,
4562,P392336,*Oc1cc(OC(=O)c2ccc(OCC)cc2)c(OC(=O)CCCC(*)=O)cc1OC(=O)c1ccc(OCC)cc1,71.0,,,,,,,,,
4563,P392337,*Oc1cc(OC(=O)c2ccc(OCCC)cc2)c(OC(=O)CCCC(*)=O)cc1OC(=O)c1ccc(OCCC)cc1,72.0,,,,,,,,,
4564,P392338,*Oc1cc(OC(=O)c2ccc(OCCCCC)cc2)c(OC(=O)CCCC(*)=O)cc1OC(=O)c1ccc(OCCCCC)cc1,44.0,,,,,,,,,
4565,P392339,*Oc1cc(OC(=O)c2ccc(OCCCCCCCCCCCC)cc2)c(OC(=O)CCCC(*)=O)cc1OC(=O)c1ccc(OCCCCCCCCCCCC)cc1,23.0,,,,,,,,,
4566,P392340,*Oc1cc(OC(=O)c2ccc(OCC(C)CC)cc2)c(OC(=O)CCCC(*)=O)cc1OC(=O)c1ccc(OCC(C)CC)cc1,60.0,,,,,,,,,
4567,P392341,*Oc1cc(OC(=O)c2ccc(C)cc2)c(OC(=O)CCCCCCCCCCCCCCC(*)=O)cc1OC(=O)c1ccc(C)cc1,27.0,,,,,,,,,
4568,P392342,*Oc1cc(OC(=O)c2ccc(OCCCC)cc2)c(OC(=O)C(C)CCC(*)=O)cc1OC(=O)c1ccc(OCCCC)cc1,55.0,,,,,,,,,
4569,P392343,*Oc1cc(OC(=O)c2ccc(OCCCC)cc2)c(OC(=O)C(C)(C)CCC(*)=O)cc1OC(=O)c1ccc(OCCCC)cc1,61.0,,,,,,,,,
4570,P392344,*CCCOC(=O)c1cc(/N=N/c2ccc(OCC)cc2)ccc1-c1ccc(/N=N/c2ccc(OCC)cc2)cc1C(=O)O*,101.0,,,,,,,,,
4571,P392345,*CCCCCCOC(=O)c1cc(/N=N/c2ccc(OCC)cc2)ccc1-c1ccc(/N=N/c2ccc(OCC)cc2)cc1C(=O)O*,83.0,,,,,,,,,
4572,P392346,*Oc1ccc(OC(=O)c2cc(/N=N/c3ccc(OCC)cc3)ccc2-c2ccc(/N=N/c3ccc(OCC)cc3)cc2C(*)=O)cc1,170.0,,,,,,,,,
4573,P392347,*Oc1ccc(-c2ccc(OC(=O)c3cc(/N=N/c4ccc(OCC)cc4)ccc3-c3ccc(/N=N/c4ccc(OCC)cc4)cc3C(*)=O)cc2)cc1,165.0,,,,,,,,,
4574,P392348,*CCN(CCOC(=O)/C=C/c1ccc(/C=C/C(=O)O*)cc1)c1ccc(/N=N/c2ccc([N+](=O)[O-])cc2)cc1,120.0,,,,,,,,,
4575,P392355,*CCC(C)CCOC(=O)CCCCC(=O)O*,-78.6,,,,,,,,,
4576,P392362,*Oc1cc(OC(=O)c2ccc(C(*)=O)cc2)cc(C(=O)OCCN(CC)c2ccc(/N=N/c3ccc([N+](=O)[O-])cc3)cc2)c1,130.0,,,,,,,,,
4577,P392370,*CCN(CCOC(=O)c1cc(OCCN(C)c2ccc(S(=O)(=O)C(F)(F)C(F)(F)C(F)(F)C(F)(F)C(F)(F)C(F)(F)C(F)(F)C(F)(F)F)cc2)cc(C(=O)O*)c1)c1ccc(S(=O)(=O)C(F)(F)C(F)(F)C(F)(F)C(F)(F)C(F)(F)C(F)(F)C(F)(F)C(F)(F)F)cc1,83.0,,,,,,,,,
4578,P392371,*CCN(CCOC(=O)c1cc(OC2CCN(c3ccc(S(=O)(=O)C(F)(F)C(F)(F)C(F)(F)C(F)(F)C(F)(F)C(F)(F)C(F)(F)C(F)(F)F)cc3)CC2)cc(C(=O)O*)c1)c1ccc(S(=O)(=O)C(F)(F)C(F)(F)C(F)(F)C(F)(F)C(F)(F)C(F)(F)C(F)(F)C(F)(F)F)cc1,99.0,,,,,,,,,
4579,P392372,*CCN(CCOC(=O)c1cc(OCCC2CCN(c3ccc(S(=O)(=O)C(F)(F)C(F)(F)C(F)(F)C(F)(F)C(F)(F)C(F)(F)C(F)(F)C(F)(F)F)cc3)CC2)cc(C(=O)O*)c1)c1ccc(S(=O)(=O)C(F)(F)C(F)(F)C(F)(F)C(F)(F)C(F)(F)C(F)(F)C(F)(F)C(F)(F)F)cc1,86.0,,,,,,,,,
4580,P392373,*CCN(CCOC(=O)c1cc(OCCN(C)c2ccc(S(=O)(=O)CCCCCCCC)cc2)cc(C(=O)O*)c1)c1ccc(S(=O)(=O)C(F)(F)C(F)(F)C(F)(F)C(F)(F)C(F)(F)C(F)(F)C(F)(F)C(F)(F)F)cc1,80.0,,,,,,,,,
4581,P392378,*/C=C(\C#N)C(=O)OCCCCCCCCCCOC(=O)/C(C#N)=C/c1ccc2c(c1)c1cc(*)ccc1n2CCCCCCCCCCCCCC,35.0,,,,,,,,,
4582,P392379,*/C=C(\C#N)C(=O)OCCCCCCOC(=O)/C(C#N)=C/c1ccc2c(c1)c1cc(*)ccc1n2CCCCCCCCCCCCCC,53.0,,,,,,,,,
4583,P392380,*/C=C(\C#N)C(=O)OCCCCCCCCCCOC(=O)/C(C#N)=C/c1ccc2c(c1)c1cc(*)ccc1n2CCCCCCC,59.0,,,,,,,,,
4584,P392381,*/C=C(\C#N)C(=O)OCCCCCCOC(=O)/C(C#N)=C/c1ccc2c(c1)c1cc(*)ccc1n2CCCCCCC,87.0,,,,,,,,,
4585,P392382,*/C=C(\C#N)C(=O)OCCCCCCOC(=O)/C(C#N)=C/c1ccc2c(c1)c1cc(*)ccc1n2CCCCCCCCCCCn1c2ccccc2c2ccccc21,63.0,,,,,,,,,
4586,P392383,*/C=C(\C#N)C(=O)OCCCCCCOC(=O)/C(C#N)=C/c1ccc2c(c1)c1cc(*)ccc1n2CCCCCCCCCCCOc1ccc(/C=C/c2ccc([N+](=O)[O-])cc2)cc1,87.0,,,,,,,,,
4587,P392390,*OC(CC)C(*)=O,15.0,,,,,,,,,
4588,P392391,*CCC[Sn](C)(C)CCCOC(=O)C(CCCCCCOc1ccc(-c2ccc(OCc3ccc([N+](=O)[O-])cc3)cc2)cc1)C(=O)O*,40.5,,,,,,,,,
4589,P392392,*OC(CCl)COC(=O)C1=C(C(=O)OCC(CCl)OC(=O)c2ccc(C(*)=O)cc2)C2C=CC1C2,72.0,,,,,,,,,
4590,P392393,*OC(COC(=O)C1=C(C(=O)OCC(COC(=O)C2=C(c3ccccc3)C3C=CC2C3)OC(=O)c2ccc(C(*)=O)cc2)C2C=CC1C2)COC(=O)C1=C(c2ccccc2)C2C=CC1C2,74.0,,,,,,,,,
4591,P392394,*OC1CCC(OC(=O)c2ccc(C(*)=O)cc2)CC1,94.3,,,,,,,,,
4592,P392399,*OC(CCCCCC)CC(*)=O,-47.0,,,,,,,,,
4593,P392401,*Oc1ccc(CC(NC(=O)CCc2ccc(OC(=O)CCC(C)CC(*)=O)cc2)C(=O)OCc2ccccc2)cc1,55.0,,,,,,,,,
4594,P392411,*Oc1ccc(CC(NC(=O)CCc2ccc(OC(=O)CCC(C)CC(*)=O)cc2)C(=O)OC)cc1,53.0,,,,,,,,,
4595,P392418,*Oc1ccc(CC(NC(=O)CCc2ccc(OC(=O)CC(C)CCC(*)=O)cc2)C(=O)OC(C)CC)cc1,45.0,,,,,,,,,
4596,P392423,*CCCCOC(=O)CCCCCCCCCCCCCCCCCCCCCCCCCCCCCCCCCCC(=O)O*,-55.0,,0.49475,,,,,,,
4597,P392429,*CC(C)COC(=O)c1ccc(C(=O)O*)cc1,55.0,,,,,,,,,
4598,P392430,*CCOC(=O)CCC(=O)OCCOC(=O)c1ccc(C(=O)O*)cc1,24.0,,,,,,,,,
4599,P392431,*CCOC(=O)CCCCC(=O)OCCOC(=O)c1ccc(C(=O)O*)cc1,8.0,,,,,,,,,
4600,P392432,*CCOC(=O)CCCCCCC(=O)OCCOC(=O)c1ccc(C(=O)O*)cc1,-1.0,,,,,,,,,
4601,P392433,*CCOC(=O)CCCCCCCCC(=O)OCCOC(=O)c1ccc(C(=O)O*)cc1,-6.5,,,,,,,,,
4602,P392434,*CCOC(=O)CCCCCCCCCCC(=O)OCCOC(=O)c1ccc(C(=O)O*)cc1,-8.0,,,,,,,,,
4603,P392436,*CCCCOC(=O)CCCCC(=O)OCCCCOC(=O)c1ccc(C(=O)O*)cc1,-20.0,,,,,,,,,
4604,P392450,*CCc1ccc(NC(=O)c2cccc(C(=O)Nc3ccc(CCOC(=O)c4cccc(C(=O)O*)c4)cc3)c2)cc1,142.0,,,,,,,,,
4605,P392451,*CCN(CCOC(=O)c1ccc(C(=O)O*)c(OCCC)c1)c1ccc(/N=N/c2ccc(-c3nc4ccccc4o3)cc2)cc1,117.0,,,,,,,,,
4606,P392458,*Oc1ccc(/N=N/c2ccc(Cc3ccc(/N=N/c4ccc(OC(=O)c5ccc(/N=N/c6ccc(C(*)=O)cc6)cc5)cc4)cc3[N+](=O)[O-])c([N+](=O)[O-])c2)cc1,160.0,,,,,,,,,
4607,P392459,*Oc1ccc(/N=N/c2ccc(S(=O)(=O)c3ccc(/N=N/c4ccc(OC(=O)c5ccc(/N=N/c6ccc(C(*)=O)cc6)cc5)cc4)cc3[N+](=O)[O-])c([N+](=O)[O-])c2)cc1,150.0,,,,,,,,,
4608,P392460,*CCN(CCOC(=O)CCC#CC#CCCC(=O)O*)c1ccc([N+](=O)[O-])cc1,30.0,,,,,,,,,
4609,P392461,*CCN(CCOC(=O)CCC#CC#CCCC(=O)O*)c1ccc(/N=N/c2c(C)cc(/N=N/c3ccc(C#N)cc3)cc2C)cc1,63.0,,,,,,,,,
4610,P392462,*O[Ca]OC(=O)c1ccccc1C(=O)OCCCCCOC(=O)NCCCCCCNC(=O)OCCCCCOC(=O)c1ccccc1C(*)=O,-2.4,,,,,,,,,
4611,P392463,*CCCCCOC(=O)c1ccccc1C(=O)O[Cd]OC(=O)c1ccccc1C(=O)OCCCCCOC(=O)NCCCCCCNC(=O)O*,-6.8,,,,,,,,,
4612,P392464,*CCCCCOC(=O)c1ccccc1C(=O)O[Pb]OC(=O)c1ccccc1C(=O)OCCCCCOC(=O)NCCCCCCNC(=O)O*,-19.2,,,,,,,,,
4613,P392465,*O[Zn]OC(=O)c1ccccc1C(=O)OCCCCCOC(=O)NCCCCCCNC(=O)OCCCCCOC(=O)c1ccccc1C(*)=O,-4.3,,,,,,,,,
4614,P392466,*O[Ca]OC(=O)c1ccccc1C(=O)OCCCCCOC(=O)Nc1cc(NC(=O)OCCCCCOC(=O)c2ccccc2C(*)=O)ccc1C,5.1,,,,,,,,,
4615,P392467,*CCCCCOC(=O)c1ccccc1C(=O)O[Cd]OC(=O)c1ccccc1C(=O)OCCCCCOC(=O)Nc1ccc(C)c(NC(=O)O*)c1,2.3,,,,,,,,,
4616,P392468,*CCCCCOC(=O)c1ccccc1C(=O)O[Pb]OC(=O)c1ccccc1C(=O)OCCCCCOC(=O)Nc1ccc(C)c(NC(=O)O*)c1,-11.3,,,,,,,,,
4617,P392469,*O[Zn]OC(=O)c1ccccc1C(=O)OCCCCCOC(=O)Nc1cc(NC(=O)OCCCCCOC(=O)c2ccccc2C(*)=O)ccc1C,4.2,,,,,,,,,
4618,P392490,*CCOC(=O)C1=CCCCC(N2CCCC2)=C1C(=O)O*,352.5,,,,,,,,,
4619,P392491,*Oc1ccc(OC(=O)c2cc(OCCCCCCCCCCC(F)(F)C(F)(F)C(F)(F)C(F)(F)C(F)(F)C(F)(F)C(F)(F)C(F)(F)C(F)(F)C(F)(F)F)cc(C(*)=O)c2)cc1,137.0,,,,,,,,,
4620,P392501,*CCOC(=O)NCC1(C)CC(NC(=O)O*)CC(C)(C)C1,84.0,,,,,,,,,
4621,P392505,*Oc1cc(OCCOC)c(OC(=O)c2ccc(C(*)=O)cc2OCCOCC)cc1OCCOC,99.0,,,,,,,,,
4622,P392509,*Oc1ccc(CC(NC(=O)CCc2ccc(OC(=O)CC(C)CCC(*)=O)cc2)C(=O)OCCCC)cc1,35.0,,,,,,,,,
4623,P392512,*CC(=O)NCC(=O)O*,67.0,,,,,,,,,
4624,P392534,*O[Si](C)(C)CCCC(=O)Oc1ccc(/C=N/c2ccc(/N=C/c3ccc(OC(=O)CCC[Si](*)(C)C)cc3)cc2)cc1,60.0,,,,,,,,,
4625,P392535,*O[Si](C)(C)CCCC(=O)Oc1ccc(/C=N/c2ccc(Cc3ccc(/N=C/c4ccc(OC(=O)CCC[Si](*)(C)C)cc4)cc3)cc2)cc1,68.0,,,,,,,,,
4626,P392536,*Oc1cc(OCCOC)c(OC(=O)c2ccc(C(*)=O)cc2-c2ccccc2)cc1OCCOC,92.0,,,,,,,,,
4627,P392542,*C(=O)OC1CC(*)N(C(=O)OCc2ccccc2)C1,78.0,,,,,,,,,
4628,P392543,*CC(CCCCCCOc1ccc(/N=N/c2ccc(OC)cc2)cc1)COC(=O)CCCCC(=O)O*,22.0,,,,,,,,,
4629,P392544,*CC(CCCCCCOc1ccc(/N=N/c2ccc(C(F)(F)F)cc2)cc1)COC(=O)CCCCC(=O)O*,44.0,,,,,,,,,
4630,P392545,*CC(CCCCCCOc1ccc(/N=N/c2ccc(C)cc2)cc1)COC(=O)CCCCC(=O)O*,29.0,,,,,,,,,
4631,P392546,*CC(CCCCCCOc1ccc(/N=N/c2ccc(Cl)cc2)cc1)COC(=O)CCCCC(=O)O*,9.0,,,,,,,,,
4632,P392547,*CC(CCCCCCOc1ccc(/N=N/c2ccc(Br)cc2)cc1)COC(=O)CCCCC(=O)O*,24.0,,,,,,,,,
4633,P392548,*CCOC(=O)c1cc(C(=O)O*)cc(C(C)(C)C)c1,94.0,,,,,,,,,
4634,P392551,*OC(COC(=O)C12CC3CC(CC(C(*)=O)(C3)C1)C2)COc1ccc(/N=N/c2ccc(C#N)cc2)cc1,105.0,,,,,,,,,
4635,P392552,*OC(COC(=O)C1CCC(C(*)=O)CC1)COc1ccc(/N=N/c2ccc(C#N)cc2)cc1,106.0,,,,,,,,,
4636,P392553,*OC(COC(=O)c1ccccc1C(*)=O)COc1ccc(/N=N/c2ccc(C#N)cc2)cc1,105.0,,,,,,,,,
4637,P392554,*OC(COC(=O)c1ccc(C)cc1C(*)=O)COc1ccc(/N=N/c2ccc(C#N)cc2)cc1,124.0,,,,,,,,,
4638,P392556,*C(=O)OCC(COc1ccc(/N=N/c2ccc(C#N)cc2)cc1)OC(=O)c1ncccc1*,130.0,,,,,,,,,
4639,P392558,*OC(COC(=O)c1cccc(C(*)=O)c1)COc1ccc(/N=N/c2ccc(C#N)cc2)cc1,119.0,,,,,,,,,
4640,P392559,*OC(COC(=O)c1cc(C(*)=O)cc(C(C)(C)C)c1)COc1ccc(/N=N/c2ccc(C#N)cc2)cc1,137.0,,,,,,,,,
4641,P392560,*OC(COC(=O)c1ccc(C(*)=O)cc1)COc1ccc(/N=N/c2ccc(C#N)cc2)cc1,122.0,,,,,,,,,
4642,P392561,*OC(COC(=O)c1ccc(C(*)=O)c(OC)c1)COc1ccc(/N=N/c2ccc(C#N)cc2)cc1,120.0,,,,,,,,,
4643,P392563,*OC(COC(=O)c1ccc(C(*)=O)c2ccccc12)COc1ccc(/N=N/c2ccc(C#N)cc2)cc1,117.0,,,,,,,,,
4644,P392564,*OC(COC(=O)c1ccc2cc(C(*)=O)ccc2c1)COc1ccc(/N=N/c2ccc(C#N)cc2)cc1,138.0,,,,,,,,,
4645,P392565,*OC(COC(=O)c1ccccc1-c1ccccc1C(*)=O)COc1ccc(/N=N/c2ccc(C#N)cc2)cc1,120.0,,,,,,,,,
4646,P392566,*OC(COC(=O)c1ccc(-c2ccc(C(*)=O)cc2)cc1)COc1ccc(/N=N/c2ccc(C#N)cc2)cc1,141.0,,,,,,,,,
4647,P392567,*OC(COC(=O)c1cccc(-c2ccc(C(*)=O)cc2)c1)COc1ccc(/N=N/c2ccc(C#N)cc2)cc1,135.0,,,,,,,,,
4648,P392569,*OC(COC(=O)c1c(F)c(F)c(-c2c(F)c(F)c(C(*)=O)c(F)c2F)c(F)c1F)COc1ccc(/N=N/c2ccc(C#N)cc2)cc1,112.0,,,,,,,,,
4649,P392570,*OC(COC(=O)c1ccc(-c2cc(CCCCCCCC)c(-c3ccc(C(*)=O)c(F)c3F)cc2CCCCCCCC)c(F)c1F)COc1ccc(/N=N/c2ccc(C#N)cc2)cc1,61.0,,,,,,,,,
4650,P392571,*CCCCCCNC(=O)CCCC(=O)O*,-18.0,,,,,,,,,
4651,P392572,*Oc1ccc(C2(c3ccc(OC(=O)c4ccc(C(*)=O)cc4)cc3)CCC(C(C)(C)C)CC2)cc1,210.0,,,,,,,,,
4652,P392600,*Oc1ccc(-c2ccc(/N=N/c3ccc(C(*)=O)cc3)cc2)cc1,147.0,,,,,,,,,
4653,P392623,*CCCCOC(=O)C(Cc1ccccc1)NC(=O)/C=C/C(=O)NC(Cc1ccccc1)C(=O)O*,103.0,,,,,,,,,
4654,P392624,*CCCCCCOC(=O)C(Cc1ccccc1)NC(=O)/C=C/C(=O)NC(Cc1ccccc1)C(=O)O*,92.0,,,,,,,,,
4655,P392625,*C/C=C/COC(=O)C(Cc1ccccc1)NC(=O)/C=C/C(=O)NC(Cc1ccccc1)C(=O)O*,109.0,,,,,,,,,
4656,P392626,*C/C=C/COC(=O)C(Cc1ccccc1)NC(=O)CCCCC(=O)NC(Cc1ccccc1)C(=O)O*,61.0,,,,,,,,,
4657,P392627,*C/C=C/COC(=O)C(Cc1ccccc1)NC(=O)CCCCCCCCC(=O)NC(Cc1ccccc1)C(=O)O*,46.0,,,,,,,,,
4658,P392635,*CCN(CCOC(=O)c1ccc(C(=O)O*)c(OCCC)c1)c1ccc(/N=N/c2ccc(-c3nc4cc([N+](=O)[O-])ccc4[nH]3)cc2)cc1,152.0,,,,,,,,,
4659,P392636,*CCN(CCOC(=O)c1ccc(C(=O)O*)c(OCCC)c1)c1ccc(/N=N/c2nc(C#N)c(C#N)[nH]2)cc1,152.0,,,,,,,,,
4660,P392637,*CCN(CCOC(=O)c1ccc(C(=O)O*)c(OCCCCC)c1)c1ccc(/N=N/c2nc(C#N)c(C#N)[nH]2)cc1,131.0,,,,,,,,,
4661,P392641,*Oc1ccc(C(c2ccc(OC(=O)c3ccccc3-c3ccccc3C(*)=O)cc2)(C(F)(F)F)C(F)(F)F)cc1,162.0,,,,,,,,,
4662,P392642,*CC(C)(C)COC(=O)c1ccc(-c2ccc(C(=O)O*)cc2)cc1,101.0,,,,,,,,,
4663,P392643,*CC(C)(CC)COC(=O)c1ccc(-c2ccc(C(=O)O*)cc2)cc1,99.0,,,,,,,,,
4664,P392644,*CC(C)(CCC)COC(=O)c1ccc(-c2ccc(C(=O)O*)cc2)cc1,95.0,,,,,,,,,
4665,P392645,*Oc1ccccc1C(=O)OC(=O)c1ccccc1OC(=O)CCCC(*)=O,50.0,,,,,,,,,
4666,P392646,*Oc1ccccc1C(=O)OC(=O)c1ccccc1OC(=O)CCCCC(*)=O,55.0,,,,,,,,,
4667,P392647,*Oc1ccccc1C(=O)OC(=O)c1ccccc1OC(=O)CCCCCC(*)=O,40.0,,,,,,,,,
4668,P392648,*Oc1ccccc1C(=O)OC(=O)c1ccccc1OC(=O)CCCCCCC(*)=O,28.0,,,,,,,,,
4669,P392649,*Oc1ccccc1C(=O)OC(=O)c1ccccc1OC(=O)CCCCCCCC(*)=O,25.0,,,,,,,,,
4670,P392650,*Oc1ccccc1C(=O)OC(=O)c1ccccc1OC(=O)CCCCCCCCC(*)=O,28.0,,,,,,,,,
4671,P392651,*Oc1ccccc1C(=O)OC(=O)c1ccccc1OC(=O)c1ccc(C(*)=O)cc1,120.0,,,,,,,,,
4672,P392652,*Oc1ccccc1C(=O)OC(=O)c1ccccc1OC(=O)c1cccc(C(*)=O)c1,105.0,,,,,,,,,
4673,P392653,*Oc1ccccc1C(=O)OC(=O)c1ccccc1OC(=O)C(C)C(C)C(*)=O,45.0,,,,,,,,,
4674,P392654,*Oc1ccccc1C(=O)OC(=O)c1ccccc1OC(=O)C(CC)C(CC)C(*)=O,23.0,,,,,,,,,
4675,P392660,*CCCCCCCCCOC(=O)C(O)C(O)C(=O)O*,-11.0,,,,,,,,,
4676,P392661,*CCCCCCCCCOC(=O)CCC(=O)O*,31.0,,,,,,,,,
4677,P392662,*Oc1ccc(OC(=O)c2ccc(C(*)=O)cc2)cc1-c1cccc(C(F)(F)F)c1,155.8,,,,,,,,,
4678,P392664,*CCN(CCOC(=O)c1cc(OCc2cc(OCc3ccccc3)cc(OCc3ccccc3)c2)cc(C(=O)O*)c1)c1ccc(/C=C/c2ccc(/C=C/C3=C(C#N)C(=C(C#N)C#N)OC3(c3ccccc3)C(F)(F)F)s2)cc1,130.0,,,,,,,,,
4679,P392665,*CCN(CCOC(=O)c1cc(OCc2c(F)c(F)c(OC)c(F)c2F)cc(C(=O)O*)c1)c1ccc(/C=C/c2ccc(/C=C/C3=C(C#N)C(=C(C#N)C#N)OC3(c3ccccc3)C(F)(F)F)s2)cc1,140.0,,,,,,,,,
4680,P392667,*CC(=O)NCCCCCCNC(=O)COC(=O)CCC(=O)O*,30.0,,,,,,,,,
4681,P392668,*CC(=O)NCCCCCCNC(=O)COC(=O)CCCCC(=O)O*,19.0,,,,,,,,,
4682,P392669,*CC(=O)NCCCCCCNC(=O)COC(=O)CCCCCCC(=O)O*,8.0,,,,,,,,,
4683,P392670,*CC(=O)NCCCCCCNC(=O)COC(=O)CCCCCCCCC(=O)O*,2.0,,,,,,,,,
4684,P392671,*CC(=O)NCCCCCCNC(=O)COC(=O)CCCCCCCCCCC(=O)O*,0.9,,,,,,,,,
4685,P392677,*CCC[Sn](C)(C)CCCOC(=O)C(CCCCCCCCOc1ccc(-c2ccc(OCc3ccc(C#N)cc3)cc2)cc1)C(=O)O*,22.0,,,,,,,,,
4686,P392681,*Oc1ccc(OC(=O)c2ccc(C(*)=O)cc2)cc1C(F)(F)F,159.3,,,,,,,,,
4687,P392698,*CC#CCOC(=O)CCCCCCC(=O)O*,-38.0,,,,,,,,,
4688,P392699,*CC#CCOC(=O)CCCCCCCCCCC(=O)O*,-27.0,,,,,,,,,
4689,P392703,*Oc1ccc(/C(=C/c2ccc(-c3ccc(/C=C(\c4ccccc4)c4ccc(OC(=O)c5ccc(C(*)=O)cc5)cc4)cc3)cc2)c2ccccc2)cc1,236.0,,,,,,,,,
4690,P392704,*Oc1ccc(/C(=C/c2ccc(-c3ccc(/C=C(\c4ccccc4)c4ccc(OC(=O)c5cccc(C(*)=O)c5)cc4)cc3)cc2)c2ccccc2)cc1,224.0,,,,,,,,,
4691,P392705,*Oc1ccc(/C(=C/c2ccc(-c3ccc(/C=C(\c4ccccc4)c4ccc(OC(=O)CCCCC(*)=O)cc4)cc3)cc2)c2ccccc2)cc1,128.0,,,,,,,,,
4692,P392706,*Oc1ccc(/C(=C/c2ccc(-c3ccc(/C=C(\c4ccccc4)c4ccc(OC(=O)CCCCCCCCC(*)=O)cc4)cc3)cc2)c2ccccc2)cc1,111.0,,,,,,,,,
4693,P392709,*CCN(CCOC(=O)c1ccc(C(=O)O*)cc1)c1ccc(/N=N/c2ccc(-c3nc4ccc([N+](=O)[O-])cc4n3CC)cc2)cc1,149.0,,,,,,,,,
4694,P392710,*CCN(CCOC(=O)c1cccc(C(=O)O*)c1)c1ccc(/N=N/c2ccc(-c3nc4ccc([N+](=O)[O-])cc4n3CC)cc2)cc1,147.0,,,,,,,,,
4695,P392711,*CCN(CCOC(=O)c1ccc(C(=O)O*)c(OC)c1)c1ccc(/N=N/c2ccc(-c3nc4ccc([N+](=O)[O-])cc4n3CC)cc2)cc1,146.0,,,,,,,,,
4696,P392712,*CCN(CCOC(=O)c1ccc(C(=O)O*)c(OC)c1)c1ccc(/N=N/c2ccc(/C=C/c3nc4ccc([N+](=O)[O-])cc4n3CC)cc2)cc1,173.0,,,,,,,,,
4697,P392718,*Cc1cc2cc(C(=O)Nc3ccc(NC(=O)c4cc5cc(*)c(OC(=O)COc6ccc7ccc(=O)oc7c6)cc5oc4=O)cc3)c(=O)oc2cc1OC(=O)COc1ccc2ccc(=O)oc2c1,252.0,,,,,,,,,
4698,P392719,*Cc1cc2cc(C(=O)Nc3ccc(-c4ccc(NC(=O)c5cc6cc(*)c(OC(=O)COc7ccc8ccc(=O)oc8c7)cc6oc5=O)cc4)cc3)c(=O)oc2cc1OC(=O)COc1ccc2ccc(=O)oc2c1,248.0,,,,,,,,,
4699,P392720,*Cc1cc2cc(C(=O)Nc3ccc(Cc4ccc(NC(=O)c5cc6cc(*)c(OC(=O)COc7ccc8ccc(=O)oc8c7)cc6oc5=O)cc4)cc3)c(=O)oc2cc1OC(=O)COc1ccc2ccc(=O)oc2c1,221.0,,,,,,,,,
4700,P392721,*Cc1cc2cc(C(=O)Nc3ccc(S(=O)(=O)c4ccc(NC(=O)c5cc6cc(*)c(OC(=O)COc7ccc8ccc(=O)oc8c7)cc6oc5=O)cc4)cc3)c(=O)oc2cc1OC(=O)COc1ccc2ccc(=O)oc2c1,233.0,,,,,,,,,
4701,P392722,*Cc1cc2cc(C(=O)Nc3ccc(C(c4ccc(NC(=O)c5cc6cc(*)c(OC(=O)COc7ccc8ccc(=O)oc8c7)cc6oc5=O)cc4)(C(F)(F)F)C(F)(F)F)cc3)c(=O)oc2cc1OC(=O)COc1ccc2ccc(=O)oc2c1,257.0,,,,,,,,,
4702,P392723,*Cc1cc2cc(C(=O)Nc3cccc(NC(=O)c4cc5cc(*)c(OC(=O)COc6ccc7ccc(=O)oc7c6)cc5oc4=O)c3)c(=O)oc2cc1OC(=O)COc1ccc2ccc(=O)oc2c1,240.0,,,,,,,,,
4703,P392727,*CCOC(=O)/C=C/C(=O)NCCCCCCNC(=O)/C=C/C(=O)O*,89.0,,,,,,,,,
4704,P392731,*c1ccc(OC(=O)c2cccc(C(=O)Oc3ccc(-c4nc5ccccc5nc4*)cc3)c2)cc1,245.0,,,,,,,,,
4705,P392732,*c1ccc(OC(=O)c2ccc(C(=O)Oc3ccc(-c4nc5ccccc5nc4*)cc3)cc2)cc1,232.0,,,,,,,,,
4706,P392733,*c1ccc2cc(OC(=O)c3cccc(C(=O)Oc4ccc5cc(-c6nc7ccccc7nc6*)ccc5c4)c3)ccc2c1,151.0,,,,,,,,,
4707,P392734,*c1ccc2cc(OC(=O)c3ccc(C(=O)Oc4ccc5cc(-c6nc7ccccc7nc6*)ccc5c4)cc3)ccc2c1,136.0,,,,,,,,,
4708,P392737,*Oc1ccc(C2(c3ccc(OC(=O)c4ccc(C(*)=O)cc4)cc3)CCC3CCCCC3C2)cc1,275.0,,,,,,,,,
4709,P392738,*Oc1ccc(C2(c3ccc(OC(=O)c4cccc(C(*)=O)c4)cc3)CCC3CCCCC3C2)cc1,248.0,,,,,,,,,
4710,P392739,*Oc1ccc(C2(c3ccc(OC(=O)c4ccc(C(*)=O)cc4)c(C)c3)CCC3CCCCC3C2)cc1C,247.0,,,,,,,,,
4711,P392740,*Oc1ccc(C2(c3ccc(OC(=O)c4cccc(C(*)=O)c4)c(C)c3)CCC3CCCCC3C2)cc1C,207.0,,,,,,,,,
4712,P392741,*Oc1c(C)cc(C2(c3cc(C)c(OC(=O)c4ccc(C(*)=O)cc4)c(C)c3)CCC3CCCCC3C2)cc1C,287.0,,,,,,,,,
4713,P392742,*Oc1c(C)cc(C2(c3cc(C)c(OC(=O)c4cccc(C(*)=O)c4)c(C)c3)CCC3CCCCC3C2)cc1C,261.0,,,,,,,,,
4714,P392743,*Cc1ccc2oc(=O)c(C(=O)Nc3ccc(C(c4ccc(NC(=O)c5cc6cc(*)ccc6oc5=O)cc4)(C(F)(F)F)C(F)(F)F)cc3)cc2c1,329.0,,,,,,,,,
4715,P392744,*Oc1ccc(C2(c3ccc(OC(=O)C45CC6CC(CC(C(*)=O)(C6)C4)C5)cc3)c3ccccc3-c3ccccc32)cc1,335.0,,,,,,,,,
4716,P392746,*Oc1ccc(NC(=O)/C=C/C(=O)NNC(=O)/C=C/C(=O)Nc2ccc(OC(=O)/C=C/C(=O)NNC(=O)/C=C/C(*)=O)cc2)cc1,265.0,,,,,,,,,
4717,P392747,*Oc1ccc(NC(=O)/C=C/C(=O)NNC(=O)/C=C/C(=O)Nc2ccc(OC(=O)c3ccccc3C(=O)NNC(=O)c3ccccc3C(*)=O)cc2)cc1,240.0,,,,,,,,,
4718,P392748,*O/C(=C/CC)C(CC)C(*)=O,-15.9,,,,,,,,,
4719,P400002,*Nc1ccc(-c2ccc(NC(=O)c3cccc(C(*)=O)c3)c(S)c2)cc1S,395.0,,,,,,,,,
4720,P400011,*CCC(CC)CC(C)CNC(=O)c1ccc(C(=O)N*)cc1,139.0,,,,,,,,,
4721,P400013,*CCCP(CCCCCCCC)CCCNC(=O)CCCCC(=O)N*,12.0,,,,,,,,,
4722,P400018,*CCCCCCCCCCCCCCC(=O)N*,-7.0,,0.389,,,,,,,
4723,P400019,*Cc1c(C)c(C)c(CNC(=O)CCCCCC(C)CC(=O)N*)c(C)c1C,211.0,,,,,,,,,
4724,P400020,*Cc1c(C)c(C)c(CNC(=O)CCCC(=O)N*)c(C)c1C,192.0,,,,,,,,,
4725,P400026,*CCCCCCCCCCOC(=O)NNC(=O)CCCCCCCCC(=O)NNC(=O)O*,34.0,,,,,,,,,
4726,P400052,*CCCCCCNC(=O)CCP(C)(=O)CCC(=O)N*,57.5,,,,,,,,,
4727,P400053,*CCCCCCCCNC(=O)CCP(C)(=O)CCC(=O)N*,52.0,,,,,,,,,
4728,P400054,*NC1CCC(CC(C)(C)NC(=O)CCCCC(*)=O)CC1,80.0,,,,,,,,,
4729,P400075,*CCCCCCNC(=O)CCc1ccc(C(C)CC(=O)N*)cc1,77.0,,,,,,,,,
4730,P400076,*CCCCCCNC(=O)CCC(C)(C)c1ccc(C(C)(C)CCC(=O)N*)cc1,93.25,,,,,,,,,
4731,P400095,*NC(CCC(=O)OCCCCCCCCCC)C(*)=O,-62.0,,,,,,,,,
4732,P400102,*Nc1ccc(C(C)(C)c2ccc(NC(=O)c3cc(C(*)=O)cc(N4C(=O)C5C6CCC(C6)C5C4=O)c3)cc2)cc1,311.0,,,,,,,,,
4733,P400103,*Nc1ccc(Cc2ccc(NC(=O)c3cc(C(*)=O)cc(N4C(=O)C5C6CCC(C6)C5C4=O)c3)cc2)cc1,293.0,,,,,,,,,
4734,P400104,*Nc1ccc(C(C)(C)c2ccc(NC(=O)c3cc(C(*)=O)cc(N4C(=O)C5CC=CCC5C4=O)c3)cc2)cc1,308.0,,,,,,,,,
4735,P400105,*Nc1ccc(Cc2ccc(NC(=O)c3cc(C(*)=O)cc(N4C(=O)C5CC=CCC5C4=O)c3)cc2)cc1,286.0,,,,,,,,,
4736,P400106,*Nc1ccc(C(C)(C)c2ccc(NC(=O)c3cc(C(*)=O)cc(N4C(=O)C=CC4=O)c3)cc2)cc1,303.0,,,,,,,,,
4737,P400107,*Nc1ccc(Cc2ccc(NC(=O)c3cc(C(*)=O)cc(N4C(=O)C=CC4=O)c3)cc2)cc1,287.0,,,,,,,,,
4738,P400114,*C(=O)CCCCCCCCC(=O)N1CC(C)N(*)CC1C,-60.5,,,,,,,,,
4739,P400115,*C(=O)CCCCCCCCC(=O)NC1CCCCN(*)C1,-46.5,,,,,,,,,
4740,P400116,*Nc1cc(NC(=O)C(*)=O)ccc1C,-54.65,,,,,,,,,
4741,P400117,*NC(CCC(=O)OCc1ccc([N+](=O)[O-])cc1)C(*)=O,53.15,,,,,,,,,
4742,P400135,*Nc1cccc(NC(=O)c2cc(NC(=O)c3ccccc3)cc(C(*)=O)c2)c1,300.0,,,,,,,,,
4743,P400136,*Nc1ccc(NC(=O)c2cc(NC(=O)c3ccccc3)cc(C(*)=O)c2)cc1,321.0,,,,,,,,,
4744,P400137,*Nc1ccc(Cc2ccc(NC(=O)c3cc(NC(=O)c4ccccc4)cc(C(*)=O)c3)cc2)cc1,285.0,,,,,,,,,
4745,P400138,*Nc1ccc(C(C)(C)c2ccc(NC(=O)c3cc(NC(=O)c4ccccc4)cc(C(*)=O)c3)cc2)cc1,303.5,,,,,,,,,
4746,P400139,*Nc1ccc(Cc2ccc(NC(=O)c3cc(C(*)=O)cc(N4C(=O)C5C6C=CC(C6)C5C4=O)c3)cc2)cc1,303.0,,,,,,,,,
4747,P400190,*Nc1ccc(-c2ccc(NC(=O)c3cccc(C(*)=O)c3)c(O)c2)cc1O,386.0,,,,,,,,,
4748,P400223,*CCCCNC(=O)C(=O)N*,120.0,,,,,,,,,
4749,P400231,*CCOC(=O)NNC(=O)CCCCCCCCC(=O)NNC(=O)O*,63.0,,,,,,,,,
4750,P400232,*CCCOC(=O)NNC(=O)CCCCCCCCC(=O)NNC(=O)O*,22.0,,,,,,,,,
4751,P400233,*CCCCOC(=O)NNC(=O)CCCCCCCCC(=O)NNC(=O)O*,56.0,,,,,,,,,
4752,P400234,*CCCCCOC(=O)NNC(=O)CCCCCCCCC(=O)NNC(=O)O*,20.0,,,,,,,,,
4753,P400235,*CCCCCCOC(=O)NNC(=O)CCCCCCCCC(=O)NNC(=O)O*,45.0,,,,,,,,,
4754,P400236,*CCCCCCCCOC(=O)NNC(=O)CCCCCCCCC(=O)NNC(=O)O*,38.0,,,,,,,,,
4755,P400244,*Nc1cccc(CCc2ccc(NC(=O)c3cccc(C(*)=O)c3)cc2)c1,203.0,,,,,,,,,
4756,P400245,*Nc1cccc(/C=C/c2ccc(NC(=O)c3cccc(C(*)=O)c3)cc2)c1,272.0,,,,,,,,,
4757,P400246,*Nc1cccc(C#Cc2ccc(NC(=O)c3cccc(C(*)=O)c3)cc2)c1,268.0,,,,,,,,,
4758,P400247,*Nc1cccc(CCc2ccc(NC(=O)c3ccc(C(*)=O)cc3)cc2)c1,203.0,,,,,,,,,
4759,P400258,*CCCC(C)CNC(=O)c1ccc(C(=O)N*)cc1,153.0,,,,,,,,,
4760,P400264,*Nc1ccccc1-c1ccc(NC(=O)c2cccc(C(*)=O)c2)cc1,248.0,,,,,,,,,
4761,P400265,*Nc1ccccc1-c1ccc(NC(=O)c2ccc(C(*)=O)cc2)cc1,275.0,,,,,,,,,
4762,P400267,*c1ccc(C(=O)Nc2ccc(-c3ccccc3NC(=O)c3ccc(S(*)(=O)=O)cc3)cc2)cc1,284.0,,,,,,,,,
4763,P400268,*Nc1ccc(Br)cc1-c1ccc(NC(=O)c2cccc(C(*)=O)c2)cc1,253.0,,,,,,,,,
4764,P400269,*Nc1ccc(Br)cc1-c1ccc(NC(=O)c2ccc(C(*)=O)cc2)cc1,285.0,,,,,,,,,
4765,P400271,*c1ccc(C(=O)Nc2ccc(-c3cc(Br)ccc3NC(=O)c3ccc(S(*)(=O)=O)cc3)cc2)cc1,288.0,,,,,,,,,
4766,P400272,*Nc1cc(NC(=O)c2ccc(C(*)=O)cc2)cc(C(=O)Oc2ccccc2)c1,200.0,,,,,,,,,
4767,P400273,*Nc1cc(NC(=O)c2ccc(C(*)=O)cc2)cc(C(=O)Oc2ccc(-c3ccccc3)cc2)c1,178.0,,,,,,,,,
4768,P400274,*Nc1cc(NC(=O)c2ccc(C(*)=O)cc2)cc(C(=O)Oc2cccc3ccccc23)c1,192.0,,,,,,,,,
4769,P400275,*Nc1cc(NC(=O)c2ccc(C(*)=O)cc2)cc(C(=O)OC(c2ccccc2)c2ccccc2)c1,217.0,,,,,,,,,
4770,P400278,*C(=O)NNC(=O)c1ccc([Si](c2ccccc2)(c2ccccc2)c2ccc(C(=O)NNC(=O)c3ccc(*)nc3)cc2)cc1,240.0,,,,,,,,,
4771,P400280,*C(=O)NNC(=O)c1ccc([Si](c2ccccc2)(c2ccccc2)c2ccc(C(=O)NNC(=O)c3cncc(*)c3)cc2)cc1,234.0,,,,,,,,,
4772,P400282,*NNC(=O)c1ccc(C(=O)NNC(=O)c2ccc([Si](c3ccccc3)(c3ccccc3)c3ccc(C(*)=O)cc3)cc2)c2ccccc12,270.0,,,,,,,,,
4773,P400299,*CCCCNC(=O)CC(=O)N*,73.0,,,,,,,,,
4774,P400300,*CCCCCCNC(=O)CC(=O)N*,50.0,,,,,,,,,
4775,P400301,*CCCCCCCCNC(=O)CC(=O)N*,55.0,,,,,,,,,
4776,P400321,*CCCCNC(=O)C(OC)C(OC)C(=O)N*,100.0,,,,,,,,,
4777,P400322,*CCCCCCNC(=O)C(OC)C(OC)C(=O)N*,106.0,,,,,,,,,
4778,P400323,*CCCCCCCCNC(=O)C(OC)C(OC)C(=O)N*,89.0,,,,,,,,,
4779,P400325,*CCCNC(=O)C(OC)C(OC)C(=O)N*,123.0,,,,,,,,,
4780,P400326,*CCCCCNC(=O)C(OC)C(OC)C(=O)N*,113.0,,,,,,,,,
4781,P400327,*CCCCCCCNC(=O)C(OC)C(OC)C(=O)N*,87.0,,,,,,,,,
4782,P400328,*CCCCCCCCCNC(=O)C(OC)C(OC)C(=O)N*,84.0,,,,,,,,,
4783,P400329,*CCCCCCCCCCCCNC(=O)C(OC)C(OC)C(=O)N*,84.0,,,,,,,,,
4784,P400349,*CCNC(=O)c1ccc(C(=O)N*)c(Sc2ccccc2)c1,172.0,,,,,,,,,
4785,P400350,*CCCCNC(=O)c1ccc(C(=O)N*)c(Sc2ccccc2)c1,136.0,,,,,,,,,
4786,P400351,*CCCCCCNC(=O)c1ccc(C(=O)N*)c(Sc2ccccc2)c1,121.0,,,,,,,,,
4787,P400352,*CCCCCCCCNC(=O)c1ccc(C(=O)N*)c(Sc2ccccc2)c1,110.0,,,,,,,,,
4788,P400353,*CCCCCCCCCCNC(=O)c1ccc(C(=O)N*)c(Sc2ccccc2)c1,100.0,,,,,,,,,
4789,P400354,*CCCCCCCCCCCCNC(=O)c1ccc(C(=O)N*)c(Sc2ccccc2)c1,92.0,,,,,,,,,
4790,P400355,*CCCCCCNC(=O)c1ccc(C(=O)N*)c(Oc2ccc(F)cc2)c1,113.0,,,,,,,,,
4791,P400356,*CCCCCCNC(=O)c1ccc(C(=O)N*)c(Oc2ccc(Cl)cc2)c1,112.0,,,,,,,,,
4792,P400357,*CCCCCCNC(=O)c1ccc(C(=O)N*)c(Oc2ccc(Br)cc2)c1,116.0,,,,,,,,,
4793,P400371,*C(=O)NCCCCCCNC(=O)c1ncn(C)c1*,86.0,,,,,,,,,
4794,P400372,*C(=O)NCC(C)(C)CNC(=O)c1ncn(C)c1*,152.0,,,,,,,,,
4795,P400373,*C(=O)NCCNC(=O)c1ncn(C)c1*,189.0,,,,,,,,,
4796,P402004,*Nc1cccc(NC(=O)c2cc(NC(=O)c3ccncc3)cc(C(*)=O)c2)c1,321.0,,,,,,,,,
4797,P402005,*Nc1ccc(NC(=O)c2cc(NC(=O)c3ccncc3)cc(C(*)=O)c2)cc1,327.0,,,,,,,,,
4798,P402006,*Nc1ccc(-c2ccc(NC(=O)c3cc(NC(=O)c4ccncc4)cc(C(*)=O)c3)cc2)cc1,339.0,,,,,,,,,
4799,P402007,*Nc1ccc(Cc2ccc(NC(=O)c3cc(NC(=O)c4ccncc4)cc(C(*)=O)c3)cc2)cc1,302.0,,,,,,,,,
4800,P402008,*Nc1ccc(NC(=O)Cc2cc(C)c(CC(*)=O)cc2C)cc1,175.0,,,,,,,,,
4801,P402009,*Nc1cccc(NC(=O)Cc2cc(C)c(CC(*)=O)cc2C)c1,249.0,,,,,,,,,
4802,P402010,*Nc1ccc(-c2ccc(NC(=O)Cc3cc(C)c(CC(*)=O)cc3C)cc2)cc1,171.0,,,,,,,,,
4803,P402011,*Nc1ccc(NC(=O)Cc2cc(CC(*)=O)c(C)cc2C)cc1,208.0,,,,,,,,,
4804,P402012,*Nc1cccc(NC(=O)Cc2cc(CC(*)=O)c(C)cc2C)c1,222.0,,,,,,,,,
4805,P402013,*Nc1ccc(-c2ccc(NC(=O)Cc3cc(CC(*)=O)c(C)cc3C)cc2)cc1,230.0,,,,,,,,,
4806,P402014,*N/C(C#N)=C(\C#N)NC(=O)c1ccc(C(*)=O)cc1,232.0,,,,,,,,,
4807,P402016,*Nc1cc([N+](=O)[O-])c(NC(=O)CCCCCCCCCCCCC(*)=O)cc1/C=C/c1ccc(N(C)C)cc1,125.0,,,,,,,,,
4808,P402017,*Nc1cc([N+](=O)[O-])c(NC(=O)CCCCCCCCCCC(*)=O)cc1/C=C/c1ccc(N(C)C)cc1,144.0,,,,,,,,,
4809,P402018,*Nc1cc([N+](=O)[O-])c(NC(=O)CCCCCCCCC(*)=O)cc1/C=C/c1ccc(N(C)C)cc1,159.0,,,,,,,,,
4810,P402019,*Nc1cc([N+](=O)[O-])c(NC(=O)CCCCCCC(*)=O)cc1/C=C/c1ccc(N(C)C)cc1,180.0,,,,,,,,,
4811,P402020,*Nc1cc([N+](=O)[O-])c(NC(=O)CCCCC(*)=O)cc1/C=C/c1ccc(N(C)C)cc1,206.0,,,,,,,,,
4812,P402034,*NC(CCC(=O)OCc1ccc(F)cc1)C(*)=O,46.9,,,,,,,,,
4813,P402035,*NC(CCC(=O)OCc1ccc(C(F)(F)F)cc1)C(*)=O,26.57,,,,,,,,,
4814,P402037,*/N=N/c1ccc(C(=O)NCCCCNC(=O)c2ccc(*)cc2)cc1,215.0,,,,,,,,,
4815,P402038,*/N=N/c1ccc(NC(=O)CCC(=O)Nc2ccc(*)cc2)cc1,220.0,,,,,,,,,
4816,P402042,*Nc1ccc(NC(=O)c2cc(C(=O)c3ccc(C(=O)O)c(C(*)=O)c3)ccc2C(=O)O)cc1,213.2,,,,,,,,,
4817,P402045,*Nc1ccc(NC(=O)c2cc(-c3ccc(C(=O)O)c(C(*)=O)c3)ccc2C(=O)O)cc1,248.4,,,,,,,,,
4818,P402046,*Nc1ccc(NC(=O)c2cc(C(*)=O)c(C(=O)O)cc2C(=O)O)cc1,283.4,,,,,,,,,
4819,P402050,*Nc1cc(NC(=O)c2cc(OCCN(C)c3ccc([N+](=O)[O-])cc3)cc(C(*)=O)c2)cc(C(=O)OC2CC(C)CCC2C(C)C)c1,193.0,,,,,,,,,
4820,P402051,*Nc1cc(NC(=O)c2cc(OCCN(C)c3ccc([N+](=O)[O-])cc3)cc(C(*)=O)c2)cc(C(=O)OC)c1,177.0,,,,,,,,,
4821,P402070,*Nc1ccc(C2(c3ccc(NC(=O)c4ccc(-c5ccc(C(*)=O)c(C)c5)cc4C)cc3)c3ccccc3-c3ccccc32)cc1,293.0,,,,,,,,,
4822,P402071,*Nc1ccc(C(c2ccc(NC(=O)c3ccc(-c4ccc(C(*)=O)c(C)c4)cc3C)cc2)(C(F)(F)F)C(F)(F)F)cc1,289.0,,,,,,,,,
4823,P402072,*c1cccc(NC(=O)c2ccc(-c3ccc(C(=O)Nc4cccc(S(*)(=O)=O)c4)c(C)c3)cc2C)c1,260.0,,,,,,,,,
4824,P402073,*Nc1ccc(-c2c(-c3ccccc3)cc(-c3ccc(-c4cc(-c5ccccc5)c(-c5ccc(NC(=O)c6ccc(C(*)=O)cc6)cc5)c(-c5ccccc5)c4)cc3)cc2-c2ccccc2)cc1,290.0,,,,,,,,,
4825,P402074,*Nc1ccc(-c2c(-c3ccc(-c4ccccc4)cc3)cc(-c3ccc(-c4cc(-c5ccc(-c6ccccc6)cc5)c(-c5ccc(NC(=O)c6ccc(C(*)=O)cc6)cc5)c(-c5ccc(-c6ccccc6)cc5)c4)cc3)cc2-c2ccc(-c3ccccc3)cc2)cc1,305.0,,,,,,,,,
4826,P402078,*c1ccc(C(=O)NCCCCCCNC(=O)c2ccc(-c3nc4ccccc4nc3*)cc2)cc1,201.0,,,,,,,,,
4827,P402079,*c1ccc(C(=O)NCCCCCCCCNC(=O)c2ccc(-c3nc4ccccc4nc3*)cc2)cc1,185.0,,,,,,,,,
4828,P402080,*c1ccc(C(=O)NCCCCCCCCCCNC(=O)c2ccc(-c3nc4ccccc4nc3*)cc2)cc1,166.0,,,,,,,,,
4829,P402081,*c1ccc(C(=O)NCCCCCCCCCCCCNC(=O)c2ccc(-c3nc4ccccc4nc3*)cc2)cc1,154.0,,,,,,,,,
4830,P402086,*Nc1ccc(NC(=O)c2ccc(NC(=O)CCCCCCCCC(=O)Nc3ccc(C(*)=O)cc3)cc2)cc1C(=O)OCCCCCCCCCCCC,228.5,,,,,,,,,
4831,P402087,*Nc1ccc(NC(=O)c2ccc(NC(=O)CCCCCCCCCCC(=O)Nc3ccc(C(*)=O)cc3)cc2)cc1C(=O)OCCCCCCCCCCCC,205.5,,,,,,,,,
4832,P402088,*Nc1ccc(NC(=O)c2ccc(NC(=O)CCCCCCCCCCCCC(=O)Nc3ccc(C(*)=O)cc3)cc2)cc1C(=O)OCCCCCCCCCCCC,199.5,,,,,,,,,
4833,P402089,*Nc1ccc(NC(=O)c2ccc(NC(=O)CCCCCCCCC(=O)Nc3ccc(C(*)=O)cc3)cc2)cc1C(=O)OCCCCCCCCCCCCCC,225.0,,,,,,,,,
4834,P402090,*Nc1ccc(NC(=O)c2ccc(NC(=O)CCCCCCCCCCC(=O)Nc3ccc(C(*)=O)cc3)cc2)cc1C(=O)OCCCCCCCCCCCCCC,199.5,,,,,,,,,
4835,P402091,*Nc1ccc(NC(=O)c2ccc(NC(=O)CCCCCCCCCCCCC(=O)Nc3ccc(C(*)=O)cc3)cc2)cc1C(=O)OCCCCCCCCCCCCCC,204.5,,,,,,,,,
4836,P402092,*Nc1ccc(NC(=O)c2ccc(NC(=O)CCCCCCCCC(=O)Nc3ccc(C(*)=O)cc3)cc2)cc1C(=O)OCCCCCCCCCCCCCCCC,220.0,,,,,,,,,
4837,P402093,*Nc1ccc(NC(=O)c2ccc(NC(=O)CCCCCCCCCCC(=O)Nc3ccc(C(*)=O)cc3)cc2)cc1C(=O)OCCCCCCCCCCCCCCCC,199.5,,,,,,,,,
4838,P402094,*Nc1ccc(NC(=O)c2ccc(NC(=O)CCCCCCCCCCCCC(=O)Nc3ccc(C(*)=O)cc3)cc2)cc1C(=O)OCCCCCCCCCCCCCCCC,250.0,,,,,,,,,
4839,P402095,*Nc1ccc(NC(=O)c2ccc(NC(=O)CCCCCCC(=O)Nc3ccc(C(*)=O)cc3)cc2)cc1C(=O)OCCCCCCCCCCCCCCCCCC,305.0,,,,,,,,,
4840,P402096,*Nc1ccc(NC(=O)c2ccc(NC(=O)CCCCCCCCC(=O)Nc3ccc(C(*)=O)cc3)cc2)cc1C(=O)OCCCCCCCCCCCCCCCCCC,280.0,,,,,,,,,
4841,P402097,*Nc1ccc(NC(=O)c2ccc(NC(=O)CCCCCCCCCCC(=O)Nc3ccc(C(*)=O)cc3)cc2)cc1C(=O)OCCCCCCCCCCCCCCCCCC,196.5,,,,,,,,,
4842,P402098,*Nc1ccc(NC(=O)c2ccc(NC(=O)CCCCCCCCCCCCC(=O)Nc3ccc(C(*)=O)cc3)cc2)cc1C(=O)OCCCCCCCCCCCCCCCCCC,191.0,,,,,,,,,
4843,P402128,*CCCCCCCCCCCCNC(=O)CCCCCCCCCCCCCCCCCCC(=O)N*,221.6,,0.44,,,,,,,
4844,P402131,*Cc1cccc(CNC(=O)C2=C(C(=O)N*)C3C=CC2C3)c1,291.0,,,,,,,,,
4845,P402133,*c1ccc(S(=O)(=O)c2ccc(-n3nc(-c4ccccc4)c4ccc(S(=O)(=O)c5ccc6c(-c7ccccc7)nn(*)c(=O)c6c5)cc4c3=O)cc2)cc1,422.0,,,,,,,,,
4846,P402146,*CCCCCCN(CC(F)(F)C(F)(F)C(F)(F)C(F)(F)C(F)(F)C(F)(F)C(F)(F)F)C(=O)CCCCC(=O)N(*)CC(F)(F)C(F)(F)C(F)(F)C(F)(F)C(F)(F)C(F)(F)C(F)(F)F,119.4,,,,,,,,,
4847,P402147,*CCCCCCN(CC(F)(F)C(F)(F)F)C(=O)C(F)(F)C(F)(F)C(F)(F)C(=O)N(*)CC(F)(F)C(F)(F)F,174.0,,,,,,,,,
4848,P402149,*CCCCCCN(CC(F)(F)C(F)(F)C(F)(F)C(F)(F)C(F)(F)C(F)(F)C(F)(F)F)C(=O)C(F)(F)C(F)(F)C(F)(F)C(=O)N(*)CC(F)(F)C(F)(F)C(F)(F)C(F)(F)C(F)(F)C(F)(F)C(F)(F)F,187.5,,,,,,,,,
4849,P402150,*c1ccc(NC(=O)c2cccc(C(=O)Nc3ccc(S(*)(=O)=O)cc3)c2)cc1,78.0,,,,,,,,,
4850,P402153,*Nc1ccc(NC(=O)c2cc(-c3ccc(C(=O)OCC)c(C(*)=O)c3)ccc2C(=O)OCC)cc1,231.7,,,,,,,,,
4851,P402154,*Nc1ccc(NC(=O)c2cc(-c3ccc(C(=O)OC)c(C(*)=O)c3)ccc2C(=O)OC)cc1,234.2,,,,,,,,,
4852,P402156,*NC(CCC(=O)Nc1ccc(N(c2ccccc2)c2ccccc2)cc1)C(*)=O,132.0,,,,,,,,,
4853,P402160,*Nc1cc(NC(=O)c2cc(OCCCS(=O)(=O)c3ccc(/N=N/c4ccc(N(C)C)cc4)cc3)cc(C(*)=O)c2)cc(C(=O)OCCCN(C)c2ccc(/N=N/c3ccc(S(C)(=O)=O)cc3)cc2)c1,166.0,,,,,,,,,
4854,P402161,*Nc1cc(NC(=O)c2cc(OCCCN(C)c3ccc(/N=N/c4ccc(S(C)(=O)=O)cc4)cc3)cc(C(*)=O)c2)cc(C(=O)OCCCN(C)c2ccc(/N=N/c3ccc(S(C)(=O)=O)cc3)cc2)c1,168.0,,,,,,,,,
4855,P402163,*Nc1ccc(NC(=O)c2ccc(NC(=O)c3ccc([Si](C)(C)c4ccc(C(=O)Nc5ccc(C(*)=O)cc5)cc4)cc3)cc2)cc1,338.0,,,,,,,,,
4856,P402164,*Nc1cccc(NC(=O)c2ccc(NC(=O)c3ccc([Si](C)(C)c4ccc(C(=O)Nc5ccc(C(*)=O)cc5)cc4)cc3)cc2)c1,303.0,,,,,,,,,
4857,P402165,*Nc1ccc(-c2ccc(NC(=O)c3ccc(NC(=O)c4ccc([Si](C)(C)c5ccc(C(=O)Nc6ccc(C(*)=O)cc6)cc5)cc4)cc3)cc2)cc1,320.0,,,,,,,,,
4858,P402166,*Nc1ccc(C(=O)Nc2ccc(Cc3ccc(NC(=O)c4ccc(NC(=O)c5ccc([Si](C)(C)c6ccc(C(*)=O)cc6)cc5)cc4)cc3)cc2)cc1,300.0,,,,,,,,,
4859,P402167,*c1ccc(NC(=O)c2ccc(NC(=O)c3ccc([Si](C)(C)c4ccc(C(=O)Nc5ccc(C(=O)Nc6ccc(S(*)(=O)=O)cc6)cc5)cc4)cc3)cc2)cc1,315.0,,,,,,,,,
4860,P402168,*Nc1cccc2c(NC(=O)c3ccc(NC(=O)c4ccc([Si](C)(C)c5ccc(C(=O)Nc6ccc(C(*)=O)cc6)cc5)cc4)cc3)cccc12,378.0,,,,,,,,,
4861,P402171,*Cc1ccccc1CN(CC)c1ccc(/C=C/c2ccc(/C=C(\C#N)C(=O)NC3CCCCC3NC(=O)/C(C#N)=C/c3ccc(/C=C/c4ccc(N(*)CC)cc4)cc3)cc2)cc1,201.0,,,,,,,,,
4862,P402172,*c1ccc(/C=C(\C#N)C(=O)NC2CCCCC2NC(=O)/C(C#N)=C/c2ccc(N(c3ccccc3)c3ccc(N(*)c4ccccc4)cc3)cc2)cc1,239.0,,,,,,,,,
4863,P402173,*Cc1ccccc1CN(CC)c1ccc(/C=C(\C#N)C(=O)Nc2cccc(NC(=O)/C(C#N)=C/c3ccc(N(*)CC)cc3)c2)cc1,188.0,,,,,,,,,
4864,P402185,*NNC(=O)c1ccc(C(*)=O)cc1OCC,240.0,,,,,,,,,
4865,P402186,*NNC(=O)c1ccc(C(*)=O)cc1OCCCCC,234.0,,,,,,,,,
4866,P402187,*NNC(=O)c1ccc(C(*)=O)cc1OCCCCCCCC,203.5,,,,,,,,,
4867,P402188,*NNC(=O)c1ccc(C(*)=O)cc1OCCCCCCCCCC,193.0,,,,,,,,,
4868,P402189,*Nc1ccc(NC(=O)c2ccc(C(c3ccc(C(*)=O)c(C(=O)OCC)c3)(C(F)(F)F)C(F)(F)F)cc2C(=O)OCC)cc1,270.0,,,,,,,,,
4869,P402190,*Nc1ccc(NC(=O)c2ccc(C(=O)c3ccc(C(*)=O)c(C(=O)OCC)c3)cc2C(=O)OCC)cc1,275.0,,,,,,,,,
4870,P402212,*CCNC(=O)c1ccc([Si](C)(C)c2ccc(C(=O)NCCN(*)c3ccc(/C=C/c4ccc([N+](=O)[O-])cc4)cc3)cc2)cc1,150.0,,,,,,,,,
4871,P402213,*CCNC(=O)c1ccc([Si](CCCC)(CCCC)c2ccc(C(=O)NCCN(*)c3ccc(/C=C/c4ccc([N+](=O)[O-])cc4)cc3)cc2)cc1,115.0,,,,,,,,,
4872,P402214,*CCNC(=O)c1ccc([Si](c2ccccc2)(c2ccccc2)c2ccc(C(=O)NCCN(*)c3ccc(/C=C/c4ccc([N+](=O)[O-])cc4)cc3)cc2)cc1,165.0,,,,,,,,,
4873,P402217,*CCCCCCNC(=O)CCCCCCCCCCCCCCC(=O)N*,40.0,,0.367,,,,,,,
4874,P402218,*CCCCCCCCNC(=O)CCCCCCCCCCCCCCC(=O)N*,52.0,,0.355,,,,,,,
4875,P402219,*CCCCCCCCCCNC(=O)CCCCCCCCCCCCCCC(=O)N*,45.0,,0.368,,,,,,,
4876,P402220,*CCCCCCCCCCCCNC(=O)CCCCCCCCCCCCCCC(=O)N*,46.0,,0.396,,,,,,,
4877,P402222,*CCCCCCCCCCCCNC(=O)CCCCCCCCCCCCC(=O)N*,49.0,,0.39949999999999997,,,,,,,
4878,P402224,*Nc1ccc(C2(c3ccc(NC(=O)c4ccc(C(*)=O)cc4)cc3)c3ccccc3-c3ccccc32)cc1,319.0,,,,,,,,,
4879,P402225,*Nc1ccc(C2(c3ccc(NC(=O)c4cccc(C(*)=O)c4)cc3)c3ccccc3-c3ccccc32)cc1,277.0,,,,,,,,,
4880,P402226,*Nc1ccc(C2(c3ccc(NC(=O)c4cc(C(*)=O)cc(C(C)(C)C)c4)cc3)c3ccccc3-c3ccccc32)cc1,284.0,,,,,,,,,
4881,P402227,*Oc1ccc(CC(NC(=O)CCc2ccc(OC(*)=O)cc2)C(=O)OCCCCCC)cc1,51.5,,,,,,,,,
4882,P402229,*Oc1ccc(CC(NC(=O)CCc2ccc(OC(*)=O)cc2)C(=O)OCCCC)cc1,67.0,,,,,,,,,
4883,P402230,*Oc1ccc(CC(NC(=O)CCc2ccc(OC(*)=O)cc2)C(=O)OCC)cc1,96.0,,,,,,,,,
4884,P402231,*Nc1ccc(Cc2ccc(NC(=O)c3cc(NC(=O)CCN4C(=O)c5ccccc5C4=O)cc(C(*)=O)c3)cc2)cc1,235.0,,,,,,,,,
4885,P402232,*Nc1ccc(Cc2ccc(NC(=O)c3cc(NC(=O)CCCN4C(=O)c5ccccc5C4=O)cc(C(*)=O)c3)cc2)cc1,220.0,,,,,,,,,
4886,P402233,*Nc1ccc(C(c2ccc(NC(=O)c3cc(NC(=O)CCCN4C(=O)c5ccccc5C4=O)cc(C(*)=O)c3)cc2)(C(F)(F)F)C(F)(F)F)cc1,240.0,,,,,,,,,
4887,P402234,*Nc1ccc(Cc2ccc(NC(=O)c3cc(NC(=O)CCCCCN4C(=O)c5ccccc5C4=O)cc(C(*)=O)c3)cc2)cc1,195.0,,,,,,,,,
4888,P402235,*Nc1ccc(C(c2ccc(NC(=O)c3cc(NC(=O)CCCCCN4C(=O)c5ccccc5C4=O)cc(C(*)=O)c3)cc2)(C(F)(F)F)C(F)(F)F)cc1,225.0,,,,,,,,,
4889,P402236,*Nc1ccc(Cc2ccc(NC(=O)c3cc(NC(=O)CCCCCCCCCCN4C(=O)c5ccccc5C4=O)cc(C(*)=O)c3)cc2)cc1,150.0,,,,,,,,,
4890,P402237,*Nc1ccc(C(c2ccc(NC(=O)c3ccc(C(*)=O)cc3)cc2)(C(F)(F)F)C(F)(F)F)cc1,290.0,,,,,,,,,
4891,P402238,*Nc1ccc(C(c2ccc(NC(=O)c3cccc(C(*)=O)c3)cc2)(C(F)(F)F)C(F)(F)F)cc1,272.0,,,,,,,,,
4892,P402239,*Nc1ccc(C(c2ccc(NC(=O)c3cc(C(*)=O)cc(C(C)(C)C)c3)cc2)(C(F)(F)F)C(F)(F)F)cc1,284.1,,,,,,,,,
4893,P402240,*Nc1ccc(C(=O)c2ccc(NC(=O)c3ccc(C(*)=O)cc3)cc2)cc1,300.0,,,,,,,,,
4894,P402241,*Nc1ccc(C(=O)c2ccc(NC(=O)c3cccc(C(*)=O)c3)cc2)cc1,253.2,,,,,,,,,
4895,P402242,*Nc1ccc(C(=O)c2ccc(NC(=O)c3cc(C(*)=O)cc(C(C)(C)C)c3)cc2)cc1,271.0,,,,,,,,,
4896,P402244,*Nc1ccc(C(c2ccc(NC(=O)c3cccc(C(*)=O)c3)cc2)(P2(=O)Oc3ccccc3-c3ccccc32)P2(=O)Oc3ccccc3-c3ccccc32)cc1,230.0,,,,,,,,,
4897,P402245,*Nc1ccc(C(c2ccc(NC(=O)c3ccc(C(*)=O)cc3)cc2)(P2(=O)Oc3ccccc3-c3ccccc32)P2(=O)Oc3ccccc3-c3ccccc32)cc1,245.0,,,,,,,,,
4898,P402246,*Nc1ccc(C(c2ccc(NC(=O)c3ccc(C(c4ccc(C(*)=O)cc4)(C(F)(F)F)C(F)(F)F)cc3)cc2)(P2(=O)Oc3ccccc3-c3ccccc32)P2(=O)Oc3ccccc3-c3ccccc32)cc1,235.0,,,,,,,,,
4899,P402247,*Nc1ccc(C(c2ccc(NC(=O)c3cc(C(*)=O)cc(C(C)(C)C)c3)cc2)(P2(=O)Oc3ccccc3-c3ccccc32)P2(=O)Oc3ccccc3-c3ccccc32)cc1,235.0,,,,,,,,,
4900,P402248,*Nc1ccc(C(c2ccc(NC(=O)c3ccc(-c4ccc(C(*)=O)cc4)cc3)cc2)(P2(=O)Oc3ccccc3-c3ccccc32)P2(=O)Oc3ccccc3-c3ccccc32)cc1,251.0,,,,,,,,,
4901,P402249,*Nc1ccc(C(c2ccc(NC(=O)c3ccc4cc(C(*)=O)ccc4c3)cc2)(P2(=O)Oc3ccccc3-c3ccccc32)P2(=O)Oc3ccccc3-c3ccccc32)cc1,241.0,,,,,,,,,
4902,P402250,*CCCCCCCCCCCNC(=O)CCCCCCCCCCCCCCCCCCC(=O)N*,29.0,,0.37175,,,,,,,
4903,P402251,*CCCCCCCCCNC(=O)CCCCCCCCCCCCCCCCCCC(=O)N*,42.0,,,,,,,,,
4904,P402252,*CCCCCCCNC(=O)CCCCCCCCCCCCCCCCCCC(=O)N*,46.0,,0.41374999999999995,,,,,,,
4905,P402253,*CCCCCNC(=O)CCCCCCCCCCCCCCCCCCC(=O)N*,52.0,,0.34950000000000003,,,,,,,
4906,P402268,*Nc1ccc(-c2ccc(NC(=O)c3cccc(C(*)=O)c3)c(OC)c2)cc1OC,218.2,,,,,,,,,
4907,P402271,*Nc1ccc(NC(=O)c2ccc(C(=O)c3ccc(C(*)=O)c(C(=O)O)c3)cc2C(=O)O)cc1,317.0,,,,,,,,,
4908,P402277,*CCNC(=O)c1ccc(C(=O)N*)c(Oc2ccccc2)c1,164.0,,,,,,,,,
4909,P402278,*CCCCNC(=O)c1ccc(C(=O)N*)c(Oc2ccccc2)c1,125.0,,,,,,,,,
4910,P402279,*CCCCCCNC(=O)c1ccc(C(=O)N*)c(Oc2ccccc2)c1,108.0,,,,,,,,,
4911,P402280,*CCCCCCCCNC(=O)c1ccc(C(=O)N*)c(Oc2ccccc2)c1,96.0,,,,,,,,,
4912,P402281,*CCCCCCCCCCNC(=O)c1ccc(C(=O)N*)c(Oc2ccccc2)c1,94.0,,,,,,,,,
4913,P402282,*CCCCCCCCCCCCNC(=O)c1ccc(C(=O)N*)c(Oc2ccccc2)c1,75.0,,,,,,,,,
4914,P402283,*CCCCCCNC(=O)c1ccc(C(=O)N*)c(Oc2ccc(-c3ccccc3)cc2)c1,112.0,,,,,,,,,
4915,P402287,*Nc1cc(NC(=O)c2cccc(C(*)=O)c2)cc(C(=O)OCCOc2ccc(/C=C/C(=O)c3ccccc3)cc2)c1,216.0,,,,,,,,,
4916,P402288,*Nc1cc(NC(=O)c2ccc(C(*)=O)cc2)cc(C(=O)OCCOc2ccc(/C=C/C(=O)c3ccccc3)cc2)c1,233.0,,,,,,,,,
4917,P402289,*Nc1cc(NC(=O)c2ccc(-c3ccc(C(*)=O)cc3)cc2)cc(C(=O)OCCOc2ccc(/C=C/C(=O)c3ccccc3)cc2)c1,254.0,,,,,,,,,
4918,P402290,*Nc1cc(NC(=O)c2ccc3cc(C(*)=O)ccc3c2)cc(C(=O)OCCOc2ccc(/C=C/C(=O)c3ccccc3)cc2)c1,247.0,,,,,,,,,
4919,P402291,*Nc1cc(NC(=O)c2cccc(C(*)=O)c2)cc(C(=O)OCCOC(=O)/C=C/c2ccc(N(C)C)cc2)c1,186.0,,,,,,,,,
4920,P402292,*Nc1cc(NC(=O)c2ccc(C(*)=O)cc2)cc(C(=O)OCCOC(=O)/C=C/c2ccc(N(C)C)cc2)c1,198.0,,,,,,,,,
4921,P402294,*CCCCCCCCCCCNC(=O)CCCCCCCCCCC(=O)N*,39.0,,0.389,,,,,,,
4922,P402297,*NC(C)(CC)C(*)=O,74.15,,,,,,,,,
4923,P402299,*CCCCCCN(C)C(=O)CCC(=O)N(*)C,7.5,,,,,,,,,
4924,P402300,*CCCCCCN(C)C(=O)CCCC(=O)N(*)C,3.0,,,,,,,,,
4925,P402301,*CCCC1(C)CCN(C(=O)CCC(=O)N2CCC(*)(C)CC2)CC1,99.0,,,,,,,,,
4926,P402302,*CCCC1(C)CCN(C(=O)CC(C)C(=O)N2CCC(*)(C)CC2)CC1,72.0,,,,,,,,,
4927,P402303,*CCCC1(C)CCN(C(=O)CCCC(=O)N2CCC(*)(C)CC2)CC1,58.0,,,,,,,,,
4928,P402319,*CCCCCCNC(=O)C(CC)CC(CC)C(=O)N*,94.0,,,,,,,,,
4929,P402331,*Nc1ccc(-c2ccc(NC(=O)c3cc(NC(=O)c4ccc(NC(=O)C(C)N5C(=O)c6ccccc6C5=O)cc4)cc(C(*)=O)c3)cc2)cc1,202.0,,,,,,,,,
4930,P402332,*c1ccc(NC(=O)c2cc(NC(=O)c3ccc(NC(=O)C(C)N4C(=O)c5ccccc5C4=O)cc3)cc(C(=O)Nc3ccc(S(*)(=O)=O)cc3)c2)cc1,208.0,,,,,,,,,
4931,P402341,*Nc1ccc(Cc2ccc(NC(=O)c3cc(NC(=O)C(C(C)CC)N4C(=O)c5ccccc5C4=O)cc(C(*)=O)c3)cc2)cc1,195.0,,,,,,,,,
4932,P402342,*Nc1cc(NC(=O)c2cc(NC(=O)C(C(C)CC)N3C(=O)c4ccccc4C3=O)cc(C(*)=O)c2)ccc1C,166.0,,,,,,,,,
4933,P402343,*NC1CC(C)(C)CC(C)(CNC(=O)c2cc(NC(=O)C(C(C)CC)N3C(=O)c4ccccc4C3=O)cc(C(*)=O)c2)C1,128.0,,,,,,,,,
4934,P402344,*CCCCCCNC(=O)c1cc(NC(=O)C(C(C)CC)N2C(=O)c3ccccc3C2=O)cc(C(=O)N*)c1,135.0,,,,,,,,,
4935,P402345,*C(F)(F)C(=O)NCCCCCCNS(*)(=O)=O,52.0,,,,,,,,,
4936,P402347,*O[Si](C)(C)CCCNC(=O)C(=O)NCCC[Si](*)(C)C,-46.48,,,,,,,,,
4937,P402348,*C(=O)Nc1cccc(NC(=O)c2ccc(-c3nc4cc(*)ccc4[nH]3)cc2)c1,325.0,,,,,,,,,
4938,P402349,*C(=O)Nc1ccc(NC(=O)c2ccc(NC(=O)c3ccc(-c4nc5cc(*)ccc5[nH]4)cc3)cc2)cc1,295.0,,,,,,,,,
4939,P402350,*C(=O)Nc1cccc(NC(=O)c2cccc(NC(=O)c3ccc(-c4nc5cc(*)ccc5[nH]4)cc3)c2)c1,292.0,,,,,,,,,
4940,P402351,*C(=O)Nc1cccc(NC(=O)c2ccc3[nH]c(-c4ccc(-c5nc6cc(*)ccc6[nH]5)cc4)nc3c2)c1,294.0,,,,,,,,,
4941,P402352,*C(=O)Nc1ccc(C(=O)Nc2ccc(NC(=O)c3ccc4[nH]c(-c5ccc(-c6nc7cc(*)ccc7[nH]6)cc5)nc4c3)cc2)cc1,300.0,,,,,,,,,
4942,P402353,*C(=O)Nc1cccc(C(=O)Nc2cccc(NC(=O)c3ccc4[nH]c(-c5ccc(-c6nc7cc(*)ccc7[nH]6)cc5)nc4c3)c2)c1,312.0,,,,,,,,,
4943,P402354,*C(=O)Nc1cccc(NC(=O)c2ccc3[nH]c(-c4cccc(-c5nc6cc(*)ccc6[nH]5)c4)nc3c2)c1,297.5,,,,,,,,,
4944,P402355,*C(=O)Nc1ccc(C(=O)Nc2ccc(NC(=O)c3ccc4[nH]c(-c5cccc(-c6nc7cc(*)ccc7[nH]6)c5)nc4c3)cc2)cc1,322.0,,,,,,,,,
4945,P402356,*C(=O)Nc1cccc(C(=O)Nc2cccc(NC(=O)c3ccc4[nH]c(-c5cccc(-c6nc7cc(*)ccc7[nH]6)c5)nc4c3)c2)c1,331.0,,,,,,,,,
4946,P402357,*Nc1cccc2c(NC(=O)c3cc(NC(=O)C(CCSC)N4C(=O)c5ccccc5C4=O)cc(C(*)=O)c3)cccc12,198.0,,,,,,,,,
4947,P402360,*Nc1cccc(NC(=O)c2cc(NC(=O)C(CCSC)N3C(=O)c4ccccc4C3=O)cc(C(*)=O)c2)c1,196.0,,,,,,,,,
4948,P402364,*Nc1ccc(Cc2ccc(NC(=O)c3ccc(P(=O)(c4ccccc4)c4ccc(C(*)=O)cc4)cc3)cc2)cc1,307.0,,,,,,,,,
4949,P402365,*Nc1ccc(Cc2ccc(NC(=O)c3cc(NC(=O)c4ccc(NC(=O)C(CC(C)C)N5C(=O)c6ccccc6C5=O)cc4)cc(C(*)=O)c3)cc2)cc1,238.0,,,,,,,,,
4950,P402368,*CCCCCCNC(=O)c1cc(NC(=O)c2ccc(NC(=O)C(CC(C)C)N3C(=O)c4ccccc4C3=O)cc2)cc(C(=O)N*)c1,200.0,,,,,,,,,
4951,P402369,*C(=O)Nc1cccc(NC(=O)c2ccc3[nH]c(-c4cc(-c5nc6cc(*)ccc6[nH]5)cc(N5C(=O)c6ccccc6C5=O)c4)nc3c2)c1,304.0,,,,,,,,,
4952,P402370,*C(=O)Nc1cccc(NC(=O)c2ccc3[nH]c(-c4cc(-c5nc6cc(*)ccc6[nH]5)cc(N5C(=O)c6ccccc6C5=O)c4)nc3c2)n1,312.0,,,,,,,,,
4953,P402371,*C(=O)Nc1ccc(NC(=O)c2ccc3[nH]c(-c4cc(-c5nc6cc(*)ccc6[nH]5)cc(N5C(=O)c6ccccc6C5=O)c4)nc3c2)cc1,295.0,,,,,,,,,
4954,P402372,*C(=O)Nc1ccc(S(=O)(=O)c2ccc(NC(=O)c3ccc4[nH]c(-c5cc(-c6nc7cc(*)ccc7[nH]6)cc(N6C(=O)c7ccccc7C6=O)c5)nc4c3)cc2)cc1,325.0,,,,,,,,,
4955,P402373,*C(=O)Nc1cc(NC(=O)c2ccc3[nH]c(-c4cc(-c5nc6cc(*)ccc6[nH]5)cc(N5C(=O)c6ccccc6C5=O)c4)nc3c2)cc(-c2nc3ccccc3[nH]2)c1,334.0,,,,,,,,,
4956,P402374,*C(=O)Nc1cccc(NC(=O)c2ccc3[nH]c(-c4cccc(-c5nc6cc(*)ccc6[nH]5)c4)nc3c2)n1,302.0,,,,,,,,,
4957,P402376,*C(=O)Nc1ccc(S(=O)(=O)c2ccc(NC(=O)c3ccc4[nH]c(-c5cccc(-c6nc7cc(*)ccc7[nH]6)c5)nc4c3)cc2)cc1,312.0,,,,,,,,,
4958,P402377,*C(=O)Nc1cc(NC(=O)c2ccc3[nH]c(-c4cccc(-c5nc6cc(*)ccc6[nH]5)c4)nc3c2)cc(-c2nc3ccccc3[nH]2)c1,315.0,,,,,,,,,
4959,P402390,*Nc1cccc(NC(=O)c2cc(NC(=O)C34CC5CC(CC(C5)C3)C4)cc(C(*)=O)c2)c1,365.0,,,,,,,,,
4960,P402391,*Nc1ccc(C(c2ccc(NC(=O)c3cc(NC(=O)C45CC6CC(CC(C6)C4)C5)cc(C(*)=O)c3)cc2)(C(F)(F)F)C(F)(F)F)cc1,365.0,,,,,,,,,
4961,P402392,*Nc1ccc(NC(=O)c2ccc(NC(=O)c3cc(NC(=O)C45CC6CC(CC(C6)C4)C5)cc(C(*)=O)c3)cc2)cc1,365.0,,,,,,,,,
4962,P402393,*Nc1ccc(C2(c3ccc(NC(=O)c4cc(NC(=O)C56CC7CC(CC(C7)C5)C6)cc(C(*)=O)c4)cc3)c3ccccc3-c3ccccc32)cc1,370.0,,,,,,,,,
4963,P402394,*C(=O)c1ccc(N(*)C)cc1,197.0,,,,,,,,,
4964,P402395,*C(=O)c1ccc(N(*)CCC)cc1,136.0,,,,,,,,,
4965,P402396,*C(=O)c1ccc(N(*)CCCC)cc1,124.0,,,,,,,,,
4966,P402397,*C(=O)c1ccc(N(*)CCCCC)cc1,83.5,,,,,,,,,
4967,P402398,*C(=O)c1ccc(N(*)CCCCCCC)cc1,45.9,,,,,,,,,
4968,P402399,*C(=O)c1ccc(N(*)CCCCCCCC)cc1,30.0,,,,,,,,,
4969,P402403,*Nc1cc(NC(=O)c2cccc(C(*)=O)c2)cc(C(=O)Oc2ccc(Oc3ccc(C#N)c(C#N)c3)cc2)c1,305.0,,,,,,,,,
4970,P402404,*Nc1cc(NC(=O)c2ccccc2C(*)=O)cc(-c2nnc(-c3ccccn3)o2)c1,90.0,,,,,,,,,
4971,P402405,*Nc1cc(NC(=O)c2cccc(C(*)=O)c2)cc(-c2nnc(-c3ccccn3)o2)c1,155.0,,,,,,,,,
4972,P402406,*Nc1cc(NC(=O)c2ccc(C(*)=O)cc2)cc(-c2nnc(-c3ccccn3)o2)c1,230.0,,,,,,,,,
4973,P402407,*C(=O)Nc1cc(NC(=O)c2cccc(*)n2)cc(-c2nnc(-c3ccccn3)o2)c1,255.0,,,,,,,,,
4974,P402408,*Nc1cc(NC(=O)CCCCC(*)=O)cc(-c2nnc(-c3ccccn3)o2)c1,159.0,,,,,,,,,
4975,P402409,*Nc1cc(NC(=O)CCCCCCCCC(*)=O)cc(-c2nnc(-c3ccccn3)o2)c1,85.0,,,,,,,,,
4976,P402410,*C(=O)Nc1cc(NC(=O)c2cncc(*)c2)cc(-c2nnc(-c3ccccn3)o2)c1,185.0,,,,,,,,,
4977,P402411,*Nc1cc(NC(=O)c2ccc(-c3ccc(C(*)=O)cc3)cc2)cc(-c2nnc(-c3ccccn3)o2)c1,120.0,,,,,,,,,
4978,P402412,*NNC(=O)/C=C/C(=O)NCCCCCCNC(=O)/C=C/C(*)=O,102.4,,,,,,,,,
4979,P402414,*NNC(=O)/C=C/C(=O)Nc1cccc(/C=C2\CC/C(=C\c3cccc(NC(=O)/C=C/C(*)=O)c3)C2=O)c1,104.6,,,,,,,,,
4980,P402415,*NNC(=O)/C=C/C(=O)Nc1cccc(/C=C2\CCC/C(=C\c3cccc(NC(=O)/C=C/C(*)=O)c3)C2=O)c1,238.4,,,,,,,,,
4981,P402416,*NNC(=O)c1ccccc1C(=O)NCCCCCCNC(=O)c1ccccc1C(*)=O,224.5,,,,,,,,,
4982,P402418,*NNC(=O)c1ccccc1C(=O)Nc1cccc(/C=C2\CC/C(=C\c3cccc(NC(=O)c4ccccc4C(*)=O)c3)C2=O)c1,202.1,,,,,,,,,
4983,P402419,*NNC(=O)c1ccccc1C(=O)Nc1cccc(/C=C2\CCC/C(=C\c3cccc(NC(=O)c4ccccc4C(*)=O)c3)C2=O)c1,195.0,,,,,,,,,
4984,P402422,*CCCCCCNC(=O)CCCCCCCC1C(CCCCCCCC(=O)N*)C=CC(CCCCCC)C1CCCCCCCC,-3.0,,,,,,,,,
4985,P410008,*CCN(CCOC(=O)Nc1ccc(C)c(NC(=O)O*)c1)c1ccc([N+](=O)[O-])cc1C,98.0,,,,,,,,,
4986,P410009,*CCN(CCOC(=O)Nc1ccc(C)c(NC(=O)O*)c1)c1ccc(/N=N/c2ccc([N+](=O)[O-])cc2)cc1,144.0,,,,,,,,,
4987,P410010,*CCN(CCOC(=O)Nc1ccc(C)c(NC(=O)O*)c1)c1ccc(/N=N/c2ccc([N+](=O)[O-])cc2C)cc1,137.0,,,,,,,,,
4988,P410011,*CCN(CCOC(=O)Nc1ccc(C)c(NC(=O)O*)c1)c1ccc(/C=C/c2ccc([N+](=O)[O-])cc2)cc1,121.0,,,,,,,,,
4989,P410012,*CCN(CCOC(=O)Nc1ccc(C)c(NC(=O)O*)c1)c1ccc(C(C#N)=C(C#N)C#N)cc1,125.0,,,,,,,,,
4990,P410013,*CCN(CCOC(=O)Nc1ccc(C)c(NC(=O)O*)c1)c1ccc(/C=C2/NC(=O)NC2=O)cc1,178.0,,,,,,,,,
4991,P410033,*CCCNC(=O)O*,26.0,,,,,,,,,
4992,P410034,*CCN(CCOC(=O)NCCCCCCNC(=O)O*)c1ccc(/N=N/c2ccc([N+](=O)[O-])cc2)c(C)c1,75.0,,,,,,,,,
4993,P410035,*CCN(CCOC(=O)Nc1ccc(Cc2ccc(NC(=O)O*)cc2)cc1)c1ccc(/N=N/c2ccc([N+](=O)[O-])cc2)c(C)c1,115.0,,,,,,,,,
4994,P412005,*Oc1ccc(-c2ccc(OC(=O)Nc3cccc(P(=O)(c4ccccc4)c4cccc(NC(*)=O)c4)c3)cc2)cc1,72.0,,,,,,,,,
4995,P412006,*CCCCCCOC(=O)Nc1cccc(P(=O)(c2ccccc2)c2cccc(NC(=O)O*)c2)c1,30.0,,,,,,,,,
4996,P412007,*Oc1ccc(C(C)(C)c2ccc(OC(=O)Nc3cccc(P(=O)(c4ccccc4)c4cccc(NC(*)=O)c4)c3)cc2)cc1,62.0,,,,,,,,,
4997,P412021,*CCN(CCCCCCOc1ccc(/C=C/c2ccc([N+](=O)[O-])cc2)cc1)CCOC(=O)Nc1ccc(C)c(NC(=O)O*)c1,58.5,,,,,,,,,
4998,P412025,*CCN(CCOC(=O)NCC1(C)CC(NC(=O)O*)CC(C)(C)C1)c1ccc(/N=N/c2ccc(B(c3c(C)cc(C)cc3C)c3c(C)cc(C)cc3C)cc2)cc1,146.0,,,,,,,,,
4999,P412026,*CCN(CCOC(=O)Nc1ccc(C)c(NC(=O)O*)c1)c1ccc(/N=N/c2ccc(B(c3c(C)cc(C)cc3C)c3c(C)cc(C)cc3C)cc2)cc1,159.0,,,,,,,,,
5000,P412116,*CCN(CCOC(=O)Nc1cccc(NC(=O)O*)c1C)c1ccc(/N=N/c2ccc([N+](=O)[O-])cc2)cc1,147.0,,,,,,,,,
5001,P412117,*CCN(CCOC(=O)NCC1(C)CC(NC(=O)O*)CC(C)(C)C1)c1ccc(/N=N/c2ccc([N+](=O)[O-])cc2)cc1,137.0,,,,,,,,,
5002,P412118,*CCN(CCOC(=O)NCC1(C)CC(NC(=O)O*)CC(C)(C)C1)c1ccc(C=C(C#N)C#N)cc1,145.0,,,,,,,,,
5003,P412121,*CCN(CCOC(=O)Nc1ccc(C)c(NC(=O)O*)c1)c1ccc(/N=N/c2ccc([N+](=O)[O-])cc2C)c(C)c1,135.0,,,,,,,,,
5004,P412122,*CCN(CCOC(=O)Nc1ccc(Cc2ccc(NC(=O)O*)cc2)cc1)c1ccc(/N=N/c2ccc([N+](=O)[O-])cc2C)c(C)c1,130.0,,,,,,,,,
5005,P412126,*CCN(CCOC(=O)Nc1cccc(NC(=O)O*)c1C)c1ccc(/C=C/c2ccc([N+](=O)[O-])cc2)cc1,123.0,,,,,,,,,
5006,P412142,*CCN(CCOC(=O)Nc1ccc(-c2ccc(NC(=O)O*)c(OC)c2)cc1OC)c1ccc(/N=N/c2ccc([N+](=O)[O-])cc2)cc1,140.0,,,,,,,,,
5007,P412157,*CCN(CCOC(=O)Nc1ccc(C)c(NC(=O)O*)c1)c1ccc(-c2nc3ccc([N+](=O)[O-])cc3o2)cc1,156.0,,,,,,,,,
5008,P412158,*CCN(CCOC(=O)Nc1ccc(C)c(NC(=O)O*)c1)c1ccc(/N=N/c2ccc(-c3nc4ccccc4o3)cc2)cc1,152.0,,,,,,,,,
5009,P412163,*CCN(CCOC(=O)NC(C)(C)c1cccc(C(C)(C)NC(=O)O*)c1)c1ccc(/N=N/c2ccc([N+](=O)[O-])cc2)cc1,103.0,,,,,,,,,
5010,P412164,*CC(C)CNC(=O)O*,40.0,,,,,,,,,
5011,P412173,*CCN(CCOC(=O)Nc1ccc(Cc2ccc(NC(=O)O*)cc2)cc1)c1ccc(/N=N/c2ccc([N+](=O)[O-])cc2)cc1,136.4,,,,,,,,,
5012,P412174,*CCN(CCOC(=O)Nc1ccc(-c2ccc(NC(=O)O*)c(C)c2)cc1C)c1ccc(/N=N/c2ccc([N+](=O)[O-])cc2)cc1,119.5,,,,,,,,,
5013,P412176,*CCN(CCOC(=O)NCC1(C)CC(NC(=O)O*)CC(C)(C)C1)c1ccc(/N=N/c2ccc(C#N)cc2)cc1,136.0,,,,,,,,,
5014,P412179,*CCN(CCOC(=O)Nc1ccc(C)c(NC(=O)O*)c1)c1ccc(/C=C/c2cc[n+](CCCC)cc2)cc1,121.0,,,,,,,,,
5015,P412180,*c1ccc(OC(=O)Nc2ccc(-c3ccc(NC(=O)Oc4ccc(-c5nc(-c6ccc(-c7nc(-c8ccc([N+](=O)[O-])cc8)c(-c8ccc([N+](=O)[O-])cc8)[nH]7)cc6)[nH]c5*)cc4)cc3OC)c(OC)c2)cc1,223.0,,,,,,,,,
5016,P412181,*c1ccc(OC(=O)Nc2ccc(-c3ccc(NC(=O)Oc4ccc(-c5nc(-c6ccc([N+](=O)[O-])cc6)[nH]c5*)cc4)cc3OC)c(OC)c2)cc1,202.0,,,,,,,,,
5017,P412201,*CCN(CCOC(=O)Nc1ccc(Cc2ccc(NC(=O)O*)cc2)cc1)c1ccccc1,31.9,,,,,,,,,
5018,P412204,*CCN(CCOC(=O)NCCCCCCNC(=O)O*)c1ccccc1,31.9,,,,,,,,,
5019,P412206,*CCN(CCOC(=O)Nc1ccc(C)c(NC(=O)O*)c1)c1ccccc1,31.9,,,,,,,,,
5020,P412209,*CCN(Cc1ccccc1)C(=O)S*,32.0,,,,,,,,,
5021,P412210,*CCCN(Cc1ccccc1)C(=O)S*,27.0,,,,,,,,,
5022,P412211,*CCN(CCOC(=O)Nc1ccc(C)c(NC(=O)O*)c1)c1ccc(/N=N/c2ccc(-c3nc4cc([N+](=O)[O-])ccc4[nH]3)cc2)cc1,188.0,,,,,,,,,
5023,P412213,*CCN(CCOC(=O)Nc1ccc(C)c(NC(=O)O*)c1)c1ccc(/N=N/c2ccc(/N=N/c3cc(OC)c(/N=N/c4ccc([N+](=O)[O-])cc4)cc3OC)c(C)c2)cc1,148.0,,,,,,,,,
5024,P412216,*CCN(CCCCCOc1ccc(/N=N/c2ccccc2)cc1)CCOC(=O)Nc1ccc(Cc2ccc(NC(=O)O*)cc2)cc1,59.6,,,,,,,,,
5025,P412217,*CCN(CCCCCCOc1ccc(/N=N/c2ccccc2)cc1)CCOC(=O)Nc1ccc(Cc2ccc(NC(=O)O*)cc2)cc1,44.0,,,,,,,,,
5026,P412224,*CCCCOC(=O)NCCCCNC(=O)O*,7.0,,,,,,,,,
5027,P412227,*CCN(CCOC(=O)Nc1ccc(C)c(NC(=O)O*)c1)c1ccc(/N=N/c2ccc(-c3nc4ccc([N+](=O)[O-])cc4n3CC)cc2)cc1,158.0,,,,,,,,,
5028,P412228,*CCN(CCOC(=O)Nc1ccc(C)c(NC(=O)O*)c1)c1ccc(/N=N/c2ccc(/C=C/c3nc4ccc([N+](=O)[O-])cc4n3CC)cc2)cc1,171.0,,,,,,,,,
5029,P412230,*Oc1ccc(/N=C/C=N/c2ccc(OC(=O)Nc3ccc(Cc4ccc(NC(*)=O)cc4)cc3)cc2)cc1,133.0,,0.417,,,,,,,
5030,P412231,*Oc1ccc(/N=C/C=N/c2ccc(OC(=O)Nc3cc(NC(*)=O)ccc3C)cc2)cc1,76.0,,0.297,,,,,,,
5031,P412232,*Oc1ccc(/N=C/C=N/c2ccc(OC(=O)NC3CC(C)(C)CC(C)(CNC(*)=O)C3)cc2)cc1,62.0,,0.349,,,,,,,
5032,P412233,*Oc1ccc(/N=C/C=N/c2ccc(OC(=O)NCCCCCCNC(*)=O)cc2)cc1,80.0,,0.325,,,,,,,
5033,P412234,*Oc1ccc(/N=C/CCC/C=N/c2ccc(OC(=O)Nc3ccc(Cc4ccc(NC(*)=O)cc4)cc3)cc2)cc1,76.0,,0.326,,,,,,,
5034,P412235,*Oc1ccc(/N=C/CCC/C=N/c2ccc(OC(=O)Nc3cc(NC(*)=O)ccc3C)cc2)cc1,69.0,,0.252,,,,,,,
5035,P412236,*Oc1ccc(/N=C/CCC/C=N/c2ccc(OC(=O)NC3CC(C)(C)CC(C)(CNC(*)=O)C3)cc2)cc1,66.0,,0.207,,,,,,,
5036,P412237,*Oc1ccc(/N=C/CCC/C=N/c2ccc(OC(=O)NCCCCCCNC(*)=O)cc2)cc1,72.0,,0.294,,,,,,,
5037,P412238,*CC(C)(COC(=O)NCCCCCCNC(=O)O*)C(=O)O,-26.0,,,,,,,,,
5038,P420001,*C(=O)Nc1ccc(-c2ccc(NC(=O)N3CC(C)N(*)CC3C)cc2)cc1,250.0,,,,,,,,,
5039,P422002,*CCCCCNC(=S)N*,55.0,,,,,,,,,
5040,P422003,*CCCCCCCNC(=S)N*,52.0,,,,,,,,,
5041,P422004,*CCCCCCCCCNC(=S)N*,48.0,,,,,,,,,
5042,P422005,*Nc1ccc(Cc2ccc(NC(=O)NCCCCCCCCCNC(*)=O)cc2)cc1,-50.0,,,,,,,,,
5043,P422019,*Nc1ccccc1CCc1ccc(NC(=O)Nc2ccc(CCc3ccc(NC(*)=O)cc3)cc2)cc1,217.0,,,,,,,,,
5044,P422020,*Nc1ccccc1CCc1ccccc1NC(=O)Nc1ccc(CCc2ccc(NC(*)=O)cc2)cc1,235.0,,,,,,,,,
5045,P422023,*Nc1ccc(Cc2ccc(NC(=O)Nc3ccccc3CCc3ccc(NC(*)=O)cc3)cc2)cc1,217.0,,,,,,,,,
5046,P422028,*Nc1ccccc1CCc1ccc(NC(=O)NCCCCCCNC(*)=O)cc1,150.0,,,,,,,,,
5047,P422032,*Nc1ccccc1CCc1ccc(NC(*)=O)cc1,198.0,,,,,,,,,
5048,P422035,*Nc1cc(NC(=O)Nc2ccc(CCc3ccccc3NC(*)=O)cc2)ccc1C,227.0,,,,,,,,,
5049,P422040,*c1ccc(NC(=O)Nc2ccc(NC(=O)Nc3ccc(-c4nc(C#N)c(C#N)nc4*)cc3)cc2)cc1,248.7,,,,,,,,,
5050,P422048,*NC(=O)NCCCCCCNC(=O)Nc1cccc(*)n1,170.0,,,,,,,,,
5051,P422049,*NC(=O)Nc1ccc(Cc2ccc(NC(=O)Nc3cccc(*)n3)cc2)cc1,206.5,,,,,,,,,
5052,P422050,*c1ccc(NC(=O)Nc2ccc(NC(=O)Nc3ccc(-c4nc(-c5ccc(-c6nc(-c7ccc([N+](=O)[O-])cc7)c(-c7ccc([N+](=O)[O-])cc7)[nH]6)cc5)[nH]c4*)cc3)cc2)cc1,272.0,,,,,,,,,
5053,P422056,*Nc1cccc2c(NC(=O)Nc3cc(NC(*)=O)cc(C(=O)Nc4ccc5c(c4)C(=O)c4ccccc4C5=O)c3)cccc12,178.0,,,,,,,,,
5054,P422057,*Nc1cc(NC(=O)Nc2ccc(Cc3ccc(NC(*)=O)cc3)cc2)cc(C(=O)Nc2ccc3c(c2)C(=O)c2ccccc2C3=O)c1,168.0,,,,,,,,,
5055,P422058,*Nc1cc(NC(=O)NC2CCC(CC3CCC(NC(*)=O)CC3)CC2)cc(C(=O)Nc2ccc3c(c2)C(=O)c2ccccc2C3=O)c1,148.0,,,,,,,,,
5056,P422059,*Nc1cc(NC(=O)Nc2ccc(NC(*)=O)cc2)cc(C(=O)Nc2ccc3c(c2)C(=O)c2ccccc2C3=O)c1,184.0,,,,,,,,,
5057,P422060,*Nc1cc(NC(=O)Nc2ccc(NC(*)=O)cc2)cc(C(=O)Nc2cccc3c2C(=O)c2ccccc2C3=O)c1,190.0,,,,,,,,,
5058,P422061,*Nc1cccc2c(NC(=O)Nc3cc(NC(*)=O)cc(C(=O)Nc4cccc5c4C(=O)c4ccccc4C5=O)c3)cccc12,185.0,,,,,,,,,
5059,P422062,*Nc1cc(NC(=O)Nc2ccc(Cc3ccc(NC(*)=O)cc3)cc2)cc(C(=O)Nc2cccc3c2C(=O)c2ccccc2C3=O)c1,178.0,,,,,,,,,
5060,P422063,*Nc1cc(NC(=O)NC2CCC(CC3CCC(NC(*)=O)CC3)CC2)cc(C(=O)Nc2cccc3c2C(=O)c2ccccc2C3=O)c1,156.0,,,,,,,,,
5061,P430002,*c1ccc(C(=O)Nc2cccc(-n3c(=O)c4cc5c(=O)n(*)c(=O)c5cc4c3=O)c2)cc1,390.0,,,,,,,,,
5062,P430004,*C(=O)Nc1ccc(-c2ccc(NC(=O)c3ccc4c(c3)C(=O)N(c3ccc(Oc5ccc(N6C(=O)c7ccc(*)cc7C6=O)cc5)cc3)C4=O)cc2)cc1,315.0,,,,,,,,,
5063,P430005,*C(=O)Nc1ccc(Oc2ccc(NC(=O)c3ccc4c(c3)C(=O)N(c3ccc(Oc5ccc(N6C(=O)c7ccc(*)cc7C6=O)cc5)cc3)C4=O)cc2)cc1,282.0,,,,,,,,,
5064,P430006,*C(=O)Nc1ccc(S(=O)(=O)c2ccc(NC(=O)c3ccc4c(c3)C(=O)N(c3ccc(Oc5ccc(N6C(=O)c7ccc(*)cc7C6=O)cc5)cc3)C4=O)cc2)cc1,275.0,,,,,,,,,
5065,P430007,*C(=O)c1ccc2c(c1)C(=O)N(c1cccc(Nc3nc(Nc4cccc(N5C(=O)c6ccc(*)cc6C5=O)c4)nc(N(c4ccccc4)c4ccccc4)n3)c1)C2=O,290.0,,,,,,,,,
5066,P430009,*C(=O)c1ccc2c(c1)C(=O)N(c1cccc(Nc3nc(Nc4cccc(N5C(=O)c6ccc(*)cc6C5=O)c4)nc(-c4ccccc4)n3)c1)C2=O,292.0,,,,,,,,,
5067,P430010,*C(=O)c1ccc2c(c1)C(=O)N(c1cccc(Nc3nc(Nc4cccc(N5C(=O)c6ccc(*)cc6C5=O)c4)nc(N(C)C)n3)c1)C2=O,294.0,,,,,,,,,
5068,P430011,*C(=O)c1ccc2c(c1)C(=O)N(c1cccc(Nc3ncnc(Nc4cccc(N5C(=O)c6ccc(*)cc6C5=O)c4)n3)c1)C2=O,290.0,,,,,,,,,
5069,P430012,*C(=O)c1ccc2c(c1)C(=O)N(c1ccc(-c3nc(-c4ccccc4)nc(-c4ccc(N5C(=O)c6ccc(*)cc6C5=O)cc4)n3)cc1)C2=O,355.0,,,,,,,,,
5070,P430014,*c1cccc(NC(=O)c2cccc(C(=O)Nc3cccc(-n4c(=O)c5cc6c(=O)n(*)c(=O)c6cc5c4=O)c3)c2)c1,338.0,,,,,,,,,
5071,P430017,*CCCCCCCCCN1C(=O)c2ccc(Oc3ccc4c(c3)C(=O)N(*)C4=O)cc2C1=O,89.0,,,,,,,,,
5072,P430018,*CCCCCCCCCCN1C(=O)c2ccc(Oc3ccc4c(c3)C(=O)N(*)C4=O)cc2C1=O,91.5,,,,,,,,,
5073,P430019,*CCCCCCCCCCCCN1C(=O)c2ccc(Oc3ccc4c(c3)C(=O)N(*)C4=O)cc2C1=O,70.0,,,,,,,,,
5074,P430022,*c1ccc(Oc2cccc(Oc3ccc(N4C(=O)c5ccc(-c6ccc7c(c6)C(=O)N(*)C7=O)cc5C4=O)cc3)c2)cc1,234.0,,,,,,,,,
5075,P430039,*c1ccc2c(c1)C(=O)N(c1cc(C(=O)O)cc(N3C(=O)c4ccc(C(*)(C(F)(F)F)C(F)(F)F)cc4C3=O)c1)C2=O,366.5,,,,,,,,,
5076,P430040,*c1ccc2c(c1)C(=O)N(c1cccc3c(N4C(=O)c5ccc(C(*)(C(F)(F)F)C(F)(F)F)cc5C4=O)cccc13)C2=O,390.0,,,,,,,,,
5077,P430042,*c1ccc2c(c1)C(=O)N(c1cccc(N3C(=O)c4ccc(C(*)(C(F)(F)F)C(F)(F)F)cc4C3=O)c1)C2=O,298.0,,,,,,,,,
5078,P430044,*c1ccc2c(c1)C(=O)N(c1cccc(S(=O)(=O)c3cccc(N4C(=O)c5ccc(C(*)(C(F)(F)F)C(F)(F)F)cc5C4=O)c3)c1)C2=O,271.0,,,,,,,,,
5079,P430045,*C(=O)Nc1ccc(Oc2ccc(N3C(=O)c4ccc(*)cc4C3=O)cc2)cc1,295.0,,0.297,,,,,,,
5080,P430046,*c1ccc(S(=O)(=O)c2ccc(-n3c(=O)c4cc5c(=O)n(*)c(=O)c5cc4c3=O)cc2)cc1,350.0,,,,,,,,,
5081,P430047,*c1cccc(S(=O)(=O)c2cccc(-n3c(=O)c4cc5c(=O)n(*)c(=O)c5cc4c3=O)c2)c1,360.0,,,,,,,,,
5082,P430057,*C1C(=O)N(C(C)(C)C)C(=O)C1*,195.0,,,,,,,,,
5083,P430058,*CCCCN1C(=O)c2ccc(C(=O)Oc3ccc(-c4ccc(OC(=O)c5ccc6c(c5)C(=O)N(*)C6=O)cc4)cc3)cc2C1=O,126.0,,,,,,,,,
5084,P430059,*CCCCCN1C(=O)c2ccc(C(=O)Oc3ccc(-c4ccc(OC(=O)c5ccc6c(c5)C(=O)N(*)C6=O)cc4)cc3)cc2C1=O,147.0,,,,,,,,,
5085,P430060,*CCCCCCN1C(=O)c2ccc(C(=O)Oc3ccc(-c4ccc(OC(=O)c5ccc6c(c5)C(=O)N(*)C6=O)cc4)cc3)cc2C1=O,133.0,,,,,,,,,
5086,P430061,*CCCCCCCN1C(=O)c2ccc(C(=O)Oc3ccc(-c4ccc(OC(=O)c5ccc6c(c5)C(=O)N(*)C6=O)cc4)cc3)cc2C1=O,117.0,,,,,,,,,
5087,P430065,*CCCCCCCCCCCN1C(=O)c2ccc(C(=O)Oc3ccc(-c4ccc(OC(=O)c5ccc6c(c5)C(=O)N(*)C6=O)cc4)cc3)cc2C1=O,97.0,,,,,,,,,
5088,P430067,*CCCC(=O)Oc1ccc(-c2ccc(OC(=O)c3ccc4c(c3)C(=O)N(*)C4=O)cc2)cc1,132.0,,,,,,,,,
5089,P430068,*CCCCC(=O)Oc1ccc(-c2ccc(OC(=O)c3ccc4c(c3)C(=O)N(*)C4=O)cc2)cc1,123.0,,,,,,,,,
5090,P430069,*CCCCCC(=O)Oc1ccc(-c2ccc(OC(=O)c3ccc4c(c3)C(=O)N(*)C4=O)cc2)cc1,118.0,,,,,,,,,
5091,P430070,*CCCCCCC(=O)Oc1ccc(-c2ccc(OC(=O)c3ccc4c(c3)C(=O)N(*)C4=O)cc2)cc1,107.0,,,,,,,,,
5092,P430071,*CCCCCCCCCCC(=O)Oc1ccc(-c2ccc(OC(=O)c3ccc4c(c3)C(=O)N(*)C4=O)cc2)cc1,61.0,,,,,,,,,
5093,P430072,*CCCCCCCCCCCC(=O)Oc1ccc(-c2ccc(OC(=O)c3ccc4c(c3)C(=O)N(*)C4=O)cc2)cc1,60.0,,,,,,,,,
5094,P430073,*CCCC(=O)Oc1ccc(OC(=O)c2ccc3c(c2)C(=O)N(*)C3=O)cc1,132.0,,,,,,,,,
5095,P430074,*CCCCC(=O)Oc1ccc(OC(=O)c2ccc3c(c2)C(=O)N(*)C3=O)cc1,89.315,,,,,,,,,
5096,P430075,*CCCCCC(=O)Oc1ccc(OC(=O)c2ccc3c(c2)C(=O)N(*)C3=O)cc1,89.0,,,,,,,,,
5097,P430076,*CCCCCCC(=O)Oc1ccc(OC(=O)c2ccc3c(c2)C(=O)N(*)C3=O)cc1,74.315,,,,,,,,,
5098,P430077,*CCCCCCCCCCCC(=O)Oc1ccc(OC(=O)c2ccc3c(c2)C(=O)N(*)C3=O)cc1,58.0,,,,,,,,,
5099,P430078,*c1cc(N2C(=O)c3ccc(Oc4ccc5c(c4)C(=O)N(*)C5=O)cc3C2=O)c(O)cc1O,263.0,,,,,,,,,
5100,P430079,*C(=O)c1ccc2c(c1)C(=O)N(c1cc(N3C(=O)c4ccc(*)cc4C3=O)c(O)cc1O)C2=O,324.0,,,,,,,,,
5101,P430080,*c1ccc2c(c1)C(=O)N(c1cc(N3C(=O)c4ccc(C(*)(C(F)(F)F)C(F)(F)F)cc4C3=O)c(O)cc1O)C2=O,324.0,,,,,,,,,
5102,P430081,*c1cc(N2C(=O)c3ccc(-c4ccc5c(c4)C(=O)N(*)C5=O)cc3C2=O)c(O)cc1O,343.0,,,,,,,,,
5103,P430082,*c1cc(-n2c(=O)c3cc4c(=O)n(*)c(=O)c4cc3c2=O)c(O)cc1O,362.0,,,,,,,,,
5104,P430083,*c1ccc(Oc2cc(C(C)(C)C)c(Oc3ccc(-n4c(=O)c5cc6c(=O)n(*)c(=O)c6cc5c4=O)cc3)cc2C(C)(C)C)cc1,298.0,,,,,,,,,
5105,P430084,*c1ccc(Oc2cc(C(C)(C)C)c(Oc3ccc(N4C(=O)c5ccc(-c6ccc7c(c6)C(=O)N(*)C7=O)cc5C4=O)cc3)cc2C(C)(C)C)cc1,293.0,,,,,,,,,
5106,P430085,*c1ccc(Oc2cc(C(C)(C)C)c(Oc3ccc(N4C(=O)c5ccc(Oc6ccc7c(c6)C(=O)N(*)C7=O)cc5C4=O)cc3)cc2C(C)(C)C)cc1,242.0,,,,,,,,,
5107,P430086,*C(=O)c1ccc2c(c1)C(=O)N(c1ccc(Oc3cc(C(C)(C)C)c(Oc4ccc(N5C(=O)c6ccc(*)cc6C5=O)cc4)cc3C(C)(C)C)cc1)C2=O,288.0,,,,,,,,,
5108,P430087,*c1ccc(Oc2cc(C(C)(C)C)c(Oc3ccc(N4C(=O)c5ccc(S(=O)(=O)c6ccc7c(c6)C(=O)N(*)C7=O)cc5C4=O)cc3)cc2C(C)(C)C)cc1,263.0,,,,,,,,,
5109,P430088,*c1ccc2c(c1)C(=O)N(c1ccc(Oc3cc(C(C)(C)C)c(Oc4ccc(N5C(=O)c6ccc(C(*)(C(F)(F)F)C(F)(F)F)cc6C5=O)cc4)cc3C(C)(C)C)cc1)C2=O,277.0,,,,,,,,,
5110,P430089,*c1ccc(-c2nc3cc(Oc4ccc(NC(=O)c5ccc6c(c5)C(=O)N(c5ccc(C(c7ccc(N8C(=O)c9ccc(C(=O)Nc%10ccc(Oc%11ccc%12nc(-c%13ccccc%13)c(*)nc%12c%11)cc%10)cc9C8=O)cc7)(C(F)(F)F)C(F)(F)F)cc5)C6=O)cc4)ccc3nc2-c2ccccc2)cc1,293.0,,,,,,,,,
5111,P430090,*c1ccc(Oc2ccc(-c3nc4cc(Oc5ccc(NC(=O)c6ccc7c(c6)C(=O)N(c6ccc(C(c8ccc(N9C(=O)c%10ccc(C(=O)Nc%11ccc(Oc%12ccc%13nc(-c%14ccccc%14)c(*)nc%13c%12)cc%11)cc%10C9=O)cc8)(C(F)(F)F)C(F)(F)F)cc6)C7=O)cc5)ccc4nc3-c3ccccc3)cc2)cc1,289.0,,,,,,,,,
5112,P430091,*c1ccc(Oc2ccc(-c3nc4cc(Oc5ccc(NC(=O)c6ccc7c(c6)C(=O)N(c6ccc(C(c8ccc(N9C(=O)c%10ccc(C(=O)Nc%11ccc(Oc%12ccc%13nc(-c%14ccc([N+](=O)[O-])cc%14)c(*)nc%13c%12)cc%11)cc%10C9=O)cc8)(C(F)(F)F)C(F)(F)F)cc6)C7=O)cc5)ccc4nc3-c3ccc([N+](=O)[O-])cc3)cc2)cc1,303.0,,,,,,,,,
5113,P430092,*c1ccc(-c2ccc(-c3nc4cc(Oc5ccc(NC(=O)c6ccc7c(c6)C(=O)N(c6ccc(C(c8ccc(N9C(=O)c%10ccc(C(=O)Nc%11ccc(Oc%12ccc%13nc(-c%14ccccc%14)c(*)nc%13c%12)cc%11)cc%10C9=O)cc8)(C(F)(F)F)C(F)(F)F)cc6)C7=O)cc5)ccc4nc3-c3ccccc3)cc2)cc1,290.0,,,,,,,,,
5114,P430094,*c1ccc(-c2ccc(NC(=O)c3cccc(C(=O)Nc4ccc(-c5ccc(N6C(=O)c7ccc(-c8ccc9c(c8)C(=O)N(*)C9=O)cc7C6=O)cc5)cc4)c3)cc2)cc1,230.0,,,,,,,,,
5115,P430095,*c1ccc(-c2ccc(NC(=O)c3cccc(C(=O)Nc4ccc(-c5ccc(N6C(=O)c7ccc(Oc8ccc9c(c8)C(=O)N(*)C9=O)cc7C6=O)cc5)cc4)c3)cc2)cc1,233.0,,,,,,,,,
5116,P430096,*C(=O)c1ccc2c(c1)C(=O)N(c1ccc(-c3ccc(NC(=O)c4cccc(C(=O)Nc5ccc(-c6ccc(N7C(=O)c8ccc(*)cc8C7=O)cc6)cc5)c4)cc3)cc1)C2=O,238.0,,,,,,,,,
5117,P430097,*c1ccc(-c2ccc(NC(=O)c3cccc(C(=O)Nc4ccc(-c5ccc(-n6c(=O)c7cc8c(=O)n(*)c(=O)c8cc7c6=O)cc5)cc4)c3)cc2)cc1,227.0,,,,,,,,,
5118,P430098,*c1ccc(C(=O)Nc2ccc(Oc3ccc(S(=O)(=O)c4ccc(Oc5ccc(NC(=O)c6ccc(N7C(=O)c8ccc(-c9ccc%10c(c9)C(=O)N(*)C%10=O)cc8C7=O)cc6)cc5)cc4)cc3)cc2)cc1,258.0,,,,,,,,,
5119,P430099,*c1ccc(C(=O)Nc2cccc(Oc3ccc(S(=O)(=O)c4ccc(Oc5cccc(NC(=O)c6ccc(N7C(=O)c8ccc(-c9ccc%10c(c9)C(=O)N(*)C%10=O)cc8C7=O)cc6)c5)cc4)cc3)c2)cc1,262.0,,,,,,,,,
5120,P430100,*c1ccc(C(=O)Nc2cccc(S(=O)(=O)c3cccc(NC(=O)c4ccc(N5C(=O)c6ccc(-c7ccc8c(c7)C(=O)N(*)C8=O)cc6C5=O)cc4)c3)c2)cc1,256.0,,,,,,,,,
5121,P430101,*c1cccc(C(=O)Nc2ccc(Oc3ccc(S(=O)(=O)c4ccc(Oc5ccc(NC(=O)c6cccc(N7C(=O)c8ccc(-c9ccc%10c(c9)C(=O)N(*)C%10=O)cc8C7=O)c6)cc5)cc4)cc3)cc2)c1,258.0,,,,,,,,,
5122,P430102,*c1cccc(C(=O)Nc2ccc(Oc3ccc(-c4ccc(Oc5ccc(NC(=O)c6cccc(N7C(=O)c8ccc(-c9ccc%10c(c9)C(=O)N(*)C%10=O)cc8C7=O)c6)cc5)cc4)cc3)cc2)c1,270.0,,,,,,,,,
5123,P430103,*c1cccc(C(=O)Nc2ccc(Oc3ccc(Oc4ccc(Oc5ccc(NC(=O)c6cccc(N7C(=O)c8ccc(-c9ccc%10c(c9)C(=O)N(*)C%10=O)cc8C7=O)c6)cc5)cc4)cc3)cc2)c1,244.0,,,,,,,,,
5124,P430104,*c1cccc(C(=O)Nc2ccc(Oc3ccc(C(C)(C)c4ccc(Oc5ccc(NC(=O)c6cccc(N7C(=O)c8ccc(-c9ccc%10c(c9)C(=O)N(*)C%10=O)cc8C7=O)c6)cc5)cc4)cc3)cc2)c1,257.0,,,,,,,,,
5125,P430105,*c1cccc(C(=O)Nc2ccc(Oc3ccc(Oc4ccc(NC(=O)c5cccc(N6C(=O)c7ccc(-c8ccc9c(c8)C(=O)N(*)C9=O)cc7C6=O)c5)cc4)cc3)cc2)c1,244.0,,,,,,,,,
5126,P430106,*c1cccc(C(=O)Nc2ccc(Oc3cccc(Oc4ccc(NC(=O)c5cccc(N6C(=O)c7ccc(-c8ccc9c(c8)C(=O)N(*)C9=O)cc7C6=O)c5)cc4)c3)cc2)c1,253.0,,,,,,,,,
5127,P430107,*c1cccc(C(=O)Nc2ccc(Oc3ccc(NC(=O)c4cccc(N5C(=O)c6ccc(-c7ccc8c(c7)C(=O)N(*)C8=O)cc6C5=O)c4)cc3)cc2)c1,253.0,,,,,,,,,
5128,P430108,*c1cccc(C(=O)Nc2cccc(S(=O)(=O)c3cccc(NC(=O)c4cccc(N5C(=O)c6ccc(-c7ccc8c(c7)C(=O)N(*)C8=O)cc6C5=O)c4)c3)c2)c1,247.0,,,,,,,,,
5129,P430109,*c1ccc(C(=O)Nc2ccc(Oc3ccc(S(=O)(=O)c4ccc(Oc5ccc(NC(=O)c6ccc(N7C(=O)c8ccc(-c9cccc%10c9C(=O)N(*)C%10=O)cc8C7=O)cc6)cc5)cc4)cc3)cc2)cc1,287.0,,,,,,,,,
5130,P430110,*c1ccc(C(=O)Nc2cccc(Oc3ccc(S(=O)(=O)c4ccc(Oc5cccc(NC(=O)c6ccc(N7C(=O)c8ccc(-c9cccc%10c9C(=O)N(*)C%10=O)cc8C7=O)cc6)c5)cc4)cc3)c2)cc1,241.0,,,,,,,,,
5131,P430115,*c1cccc(C(=O)Nc2ccc(Oc3ccc(S(=O)(=O)c4ccc(Oc5ccc(NC(=O)c6cccc(N7C(=O)c8ccc(-c9cccc%10c9C(=O)N(*)C%10=O)cc8C7=O)c6)cc5)cc4)cc3)cc2)c1,263.0,,,,,,,,,
5132,P430116,*c1cccc(C(=O)Nc2ccc(Oc3ccc(-c4ccc(Oc5ccc(NC(=O)c6cccc(N7C(=O)c8ccc(-c9cccc%10c9C(=O)N(*)C%10=O)cc8C7=O)c6)cc5)cc4)cc3)cc2)c1,275.0,,,,,,,,,
5133,P430117,*c1cccc(C(=O)Nc2ccc(Oc3ccc(Oc4ccc(Oc5ccc(NC(=O)c6cccc(N7C(=O)c8ccc(-c9cccc%10c9C(=O)N(*)C%10=O)cc8C7=O)c6)cc5)cc4)cc3)cc2)c1,260.0,,,,,,,,,
5134,P430118,*c1cccc(C(=O)Nc2ccc(Oc3ccc(C(C)(C)c4ccc(Oc5ccc(NC(=O)c6cccc(N7C(=O)c8ccc(-c9cccc%10c9C(=O)N(*)C%10=O)cc8C7=O)c6)cc5)cc4)cc3)cc2)c1,261.0,,,,,,,,,
5135,P430119,*c1cccc(C(=O)Nc2ccc(Oc3ccc(Oc4ccc(NC(=O)c5cccc(N6C(=O)c7ccc(-c8cccc9c8C(=O)N(*)C9=O)cc7C6=O)c5)cc4)cc3)cc2)c1,268.0,,,,,,,,,
5136,P430120,*c1cccc(C(=O)Nc2ccc(Oc3cccc(Oc4ccc(NC(=O)c5cccc(N6C(=O)c7ccc(-c8cccc9c8C(=O)N(*)C9=O)cc7C6=O)c5)cc4)c3)cc2)c1,253.0,,,,,,,,,
5137,P430121,*c1cccc(C(=O)Nc2ccc(Oc3ccc(NC(=O)c4cccc(N5C(=O)c6ccc(-c7cccc8c7C(=O)N(*)C8=O)cc6C5=O)c4)cc3)cc2)c1,291.0,,,,,,,,,
5138,P430122,*c1cccc(C(=O)Nc2cccc(S(=O)(=O)c3cccc(NC(=O)c4cccc(N5C(=O)c6ccc(-c7cccc8c7C(=O)N(*)C8=O)cc6C5=O)c4)c3)c2)c1,261.0,,,,,,,,,
5139,P430123,*c1cccc(C(=O)Nc2ccc(NC(=O)c3cccc(N4C(=O)c5ccc(-c6cccc7c6C(=O)N(*)C7=O)cc5C4=O)c3)cc2)c1,328.0,,,,,,,,,
5140,P430124,*c1ccc(-c2ccc(N3C(=O)c4ccc(Oc5ccc6c(c5)C(=O)N(*)C6=O)cc4C3=O)cc2C)c(C)c1,325.0,,,,,,,,,
5141,P430125,*CC(C)(C)C1C(=O)N(C)C(=O)C1*,156.5,,,,,,,,,
5142,P430126,*CC(C)(C)C1C(=O)N(C(C)C)C(=O)C1*,145.0,,,,,,,,,
5143,P430127,*CC(C)(C)C1C(=O)N(CCCC)C(=O)C1*,80.0,,,,,,,,,
5144,P430128,*CC(C)(C)C1C(=O)N(C2CCCCC2)C(=O)C1*,192.0,,,,,,,,,
5145,P430129,*CC(C)(C)C1C(=O)N(c2ccccc2)C(=O)C1*,188.0,,,,,,,,,
5146,P430130,*CC(c1ccccc1)C1C(=O)N(CCCN(CC)c2ccc(/N=N/c3ccc([N+](=O)[O-])cc3)c(C)c2)C(=O)C1*,137.0,,,,,,,,,
5147,P430131,*CC(c1ccccc1)C1C(=O)N(CCCN(CC)c2ccc(/N=N/c3ccc([N+](=O)[O-])cc3Cl)c(C)c2)C(=O)C1*,149.0,,,,,,,,,
5148,P430132,*CC(c1ccccc1)C1C(=O)N(CCN(CC)c2ccc(/N=N/c3ccc([N+](=O)[O-])cc3)cc2)C(=O)C1*,172.0,,,,,,,,,
5149,P430133,*c1ccc(C(c2ccccc2)c2ccc(-n3c(=O)c4cc5c(=O)n(*)c(=O)c5cc4c3=O)cc2)cc1,321.0,,,,,,,,,
5150,P430134,*c1ccc(C(c2ccccc2)c2ccc(N3C(=O)c4ccc(-c5ccc6c(c5)C(=O)N(*)C6=O)cc4C3=O)cc2)cc1,315.0,,,,,,,,,
5151,P430135,*C(=O)c1ccc2c(c1)C(=O)N(c1ccc(C(c3ccccc3)c3ccc(N4C(=O)c5ccc(*)cc5C4=O)cc3)cc1)C2=O,282.0,,,,,,,,,
5152,P430136,*c1ccc(C(c2ccccc2)c2ccc(N3C(=O)c4ccc(Oc5ccc6c(c5)C(=O)N(*)C6=O)cc4C3=O)cc2)cc1,269.0,,,,,,,,,
5153,P430137,*c1ccc(C(c2ccccc2)c2ccc(N3C(=O)c4ccc(S(=O)(=O)c5ccc6c(c5)C(=O)N(*)C6=O)cc4C3=O)cc2)cc1,305.0,,,,,,,,,
5154,P430138,*C(=O)Nc1ccc(Oc2ccc(C3(c4ccc(Oc5ccc(NC(=O)c6ccc7c(c6)C(=O)N(c6ccc(N8C(=O)c9ccc(*)cc9C8=O)cc6)C7=O)cc5)cc4)NC(=O)c4ccccc43)cc2)cc1,322.0,,,,,,,,,
5155,P430140,*C(=O)Nc1ccc(Oc2ccc(C3(c4ccc(Oc5ccc(NC(=O)c6ccc7c(c6)C(=O)N(c6cccc(N8C(=O)c9ccc(*)cc9C8=O)c6)C7=O)cc5)cc4)NC(=O)c4ccccc43)cc2)cc1,320.0,,,,,,,,,
5156,P430141,*C(=O)Nc1cccc(NC(=O)c2ccc3c(c2)C(=O)N(c2ccc(Oc4ccc(C5(c6ccc(Oc7ccc(N8C(=O)c9ccc(*)cc9C8=O)cc7)cc6)NC(=O)c6ccccc65)cc4)cc2)C3=O)c1,328.0,,,,,,,,,
5157,P430142,*C(=O)Nc1ccc(Oc2ccc(C3(c4ccc(Oc5ccc(NC(=O)c6ccc7c(c6)C(=O)N(c6ccc(C)c(N8C(=O)c9ccc(*)cc9C8=O)c6)C7=O)cc5)cc4)NC(=O)c4ccccc43)cc2)cc1,315.0,,,,,,,,,
5158,P430143,*c1ccc(Oc2ccc(NC(=O)c3ccc4c(c3)C(=O)N(c3ccc(Cc5ccc(N6C(=O)c7ccc(C(=O)Nc8ccc(Oc9ccc(C%10(*)NC(=O)c%11ccccc%11%10)cc9)cc8)cc7C6=O)cc5)cc3)C4=O)cc2)cc1,302.0,,,,,,,,,
5159,P430144,*C(=O)Nc1ccc(Oc2ccc(C3(c4ccc(Oc5ccc(NC(=O)c6ccc7c(c6)C(=O)N(c6ccc(Oc8ccc(N9C(=O)c%10ccc(*)cc%10C9=O)cc8)cc6)C7=O)cc5)cc4)NC(=O)c4ccccc43)cc2)cc1,320.0,,,,,,,,,
5160,P430145,*C(=O)Nc1ccc(Oc2ccc(C3(c4ccc(Oc5ccc(NC(=O)c6ccc7c(c6)C(=O)N(c6ccc(Oc8cccc(N9C(=O)c%10ccc(*)cc%10C9=O)c8)cc6)C7=O)cc5)cc4)NC(=O)c4ccccc43)cc2)cc1,272.0,,,,,,,,,
5161,P430146,*c1ccc(Oc2ccc(NC(=O)c3ccc4c(c3)C(=O)N(c3ccc(Sc5ccc(N6C(=O)c7ccc(C(=O)Nc8ccc(Oc9ccc(C%10(*)NC(=O)c%11ccccc%11%10)cc9)cc8)cc7C6=O)cc5)cc3)C4=O)cc2)cc1,298.0,,,,,,,,,
5162,P430147,*C(=O)Nc1ccc(Oc2ccc(C3(c4ccc(Oc5ccc(NC(=O)c6ccc7c(c6)C(=O)N(c6ccc(Oc8ccc(Oc9ccc(N%10C(=O)c%11ccc(*)cc%11C%10=O)cc9)cc8)cc6)C7=O)cc5)cc4)NC(=O)c4ccccc43)cc2)cc1,284.0,,,,,,,,,
5163,P430148,*C(=O)Nc1ccc(Oc2ccc(C3(c4ccc(Oc5ccc(NC(=O)c6ccc7c(c6)C(=O)N(c6ccc(Oc8cccc(Oc9ccc(N%10C(=O)c%11ccc(*)cc%11C%10=O)cc9)c8)cc6)C7=O)cc5)cc4)NC(=O)c4ccccc43)cc2)cc1,267.0,,,,,,,,,
5164,P430149,*C(=O)Nc1ccc(Oc2ccc(C3(c4ccc(Oc5ccc(NC(=O)c6ccc7c(c6)C(=O)N(c6ccc(Oc8ccc(Oc9ccc(N%10C(=O)c%11ccc(*)cc%11C%10=O)cc9)c(C)c8)cc6)C7=O)cc5)cc4)NC(=O)c4ccccc43)cc2)cc1,293.0,,,,,,,,,
5165,P430150,*C(=O)Nc1ccc(Oc2ccc(C3(c4ccc(Oc5ccc(NC(=O)c6ccc7c(c6)C(=O)N(c6ccc(Oc8ccc(S(=O)(=O)c9ccc(Oc%10ccc(N%11C(=O)c%12ccc(*)cc%12C%11=O)cc%10)cc9)cc8)cc6)C7=O)cc5)cc4)NC(=O)c4ccccc43)cc2)cc1,283.0,,,,,,,,,
5166,P430151,*C(=O)Nc1ccc(Oc2ccc(C3(c4ccc(Oc5ccc(NC(=O)c6ccc7c(c6)C(=O)N(c6ccc(Oc8ccc(C9(c%10ccc(Oc%11ccc(N%12C(=O)c%13ccc(*)cc%13C%12=O)cc%11)cc%10)NC(=O)c%10ccccc%109)cc8)cc6)C7=O)cc5)cc4)NC(=O)c4ccccc43)cc2)cc1,330.0,,,,,,,,,
5167,P430153,*C(=O)Nc1ccc(Oc2ccc(NC(=O)c3ccc4c(c3)C(=O)N(c3ccc(Oc5ccc(C6(c7ccc(Oc8ccc(N9C(=O)c%10ccc(*)cc%10C9=O)cc8)cc7)NC(=O)c7ccccc76)cc5)cc3)C4=O)cc2)cc1,325.0,,,,,,,,,
5168,P430154,*C(=O)Nc1ccc(Oc2cccc(NC(=O)c3ccc4c(c3)C(=O)N(c3ccc(Oc5ccc(C6(c7ccc(Oc8ccc(N9C(=O)c%10ccc(*)cc%10C9=O)cc8)cc7)NC(=O)c7ccccc76)cc5)cc3)C4=O)c2)cc1,302.0,,,,,,,,,
5169,P430155,*C(=O)Nc1ccc(Sc2ccc(NC(=O)c3ccc4c(c3)C(=O)N(c3ccc(Oc5ccc(C6(c7ccc(Oc8ccc(N9C(=O)c%10ccc(*)cc%10C9=O)cc8)cc7)NC(=O)c7ccccc76)cc5)cc3)C4=O)cc2)cc1,312.0,,,,,,,,,
5170,P430156,*C(=O)Nc1ccc(Oc2ccc(Oc3ccc(NC(=O)c4ccc5c(c4)C(=O)N(c4ccc(Oc6ccc(C7(c8ccc(Oc9ccc(N%10C(=O)c%11ccc(*)cc%11C%10=O)cc9)cc8)NC(=O)c8ccccc87)cc6)cc4)C5=O)cc3)cc2)cc1,300.0,,,,,,,,,
5171,P430157,*C(=O)Nc1ccc(Oc2cccc(Oc3ccc(NC(=O)c4ccc5c(c4)C(=O)N(c4ccc(Oc6ccc(C7(c8ccc(Oc9ccc(N%10C(=O)c%11ccc(*)cc%11C%10=O)cc9)cc8)NC(=O)c8ccccc87)cc6)cc4)C5=O)cc3)c2)cc1,288.0,,,,,,,,,
5172,P430158,*C(=O)Nc1ccc(Oc2ccc(S(=O)(=O)c3ccc(Oc4ccc(NC(=O)c5ccc6c(c5)C(=O)N(c5ccc(Oc7ccc(C8(c9ccc(Oc%10ccc(N%11C(=O)c%12ccc(*)cc%12C%11=O)cc%10)cc9)NC(=O)c9ccccc98)cc7)cc5)C6=O)cc4)cc3)cc2)cc1,302.0,,,,,,,,,
5173,P430159,*C(=O)OCCCCOC(=O)c1ccc(N2C(=O)c3ccc(*)cc3C2=O)cc1,100.5,,,,,,,,,
5174,P430160,*C(=O)OCCCCCOC(=O)c1ccc(N2C(=O)c3ccc(*)cc3C2=O)cc1,90.0,,,,,,,,,
5175,P430161,*C(=O)OCCCCCCOC(=O)c1ccc(N2C(=O)c3ccc(*)cc3C2=O)cc1,80.5,,,,,,,,,
5176,P430162,*C(=O)OCCCCCCCOC(=O)c1ccc(N2C(=O)c3ccc(*)cc3C2=O)cc1,77.0,,,,,,,,,
5177,P430163,*C(=O)OCCCCCCCCOC(=O)c1ccc(N2C(=O)c3ccc(*)cc3C2=O)cc1,65.0,,,,,,,,,
5178,P430164,*C(=O)OCCCCCCCCCOC(=O)c1ccc(N2C(=O)c3ccc(*)cc3C2=O)cc1,62.0,,,,,,,,,
5179,P430165,*C(=O)OCCCCCCCCCCOC(=O)c1ccc(N2C(=O)c3ccc(*)cc3C2=O)cc1,58.0,,,,,,,,,
5180,P430166,*C(=O)OCCCCCCCCCCCOC(=O)c1ccc(N2C(=O)c3ccc(*)cc3C2=O)cc1,49.0,,,,,,,,,
5181,P430167,*C(=O)OCCCCCCCCCCCCOC(=O)c1ccc(N2C(=O)c3ccc(*)cc3C2=O)cc1,47.0,,,,,,,,,
5182,P430168,*C(=O)c1ccc(Oc2ccc(Oc3ccc(C(=O)c4ccc5c(c4)C(=O)N(c4ccc(N6C(=O)c7ccc(*)cc7C6=O)cc4)C5=O)cc3)cc2)cc1,236.0,,,,,,,,,
5183,P430169,*C(=O)c1ccc(Oc2ccc(-c3ccc(Oc4ccc(C(=O)c5ccc6c(c5)C(=O)N(c5ccc(N7C(=O)c8ccc(*)cc8C7=O)cc5)C6=O)cc4)cc3)cc2)cc1,229.0,,,,,,,,,
5184,P430170,*C(=O)c1ccc(Oc2ccc(-c3ccc(Oc4ccc(C(=O)c5ccc6c(c5)C(=O)N(c5ccc(Cc7ccc(N8C(=O)c9ccc(*)cc9C8=O)cc7)cc5)C6=O)cc4)cc3)cc2)cc1,241.0,,,,,,,,,
5185,P430171,*C(=O)c1ccc(Oc2ccc(Oc3ccc(C(=O)c4ccc5c(c4)C(=O)N(c4ccc(Cc6ccc(N7C(=O)c8ccc(*)cc8C7=O)cc6)cc4)C5=O)cc3)cc2)cc1,225.0,,,,,,,,,
5186,P430172,*C(=O)c1ccc(-c2ccc(C(C)(C)c3ccc(-c4ccc(C(=O)c5ccc6c(c5)C(=O)N(c5ccc(Cc7ccc(N8C(=O)c9ccc(*)cc9C8=O)cc7)cc5)C6=O)cc4)cc3)cc2)cc1,216.0,,,,,,,,,
5187,P430173,*C(=O)c1ccc(Oc2ccc(C3(c4ccc(Oc5ccc(C(=O)c6ccc7c(c6)C(=O)N(c6ccc(Cc8ccc(N9C(=O)c%10ccc(*)cc%10C9=O)cc8)cc6)C7=O)cc5)cc4)OC(=O)c4ccccc43)cc2)cc1,268.0,,,,,,,,,
5188,P430174,*C(=O)c1ccc(Oc2ccc(S(=O)(=O)c3ccc(Oc4ccc(C(=O)c5ccc6c(c5)C(=O)N(c5ccc(Cc7ccc(N8C(=O)c9ccc(*)cc9C8=O)cc7)cc5)C6=O)cc4)cc3)cc2)cc1,245.0,,,,,,,,,
5189,P430175,*C(=O)c1ccc(Oc2ccc(Oc3ccc(C(=O)c4ccc5c(c4)C(=O)N(c4ccc(Oc6ccc(N7C(=O)c8ccc(*)cc8C7=O)cc6)cc4)C5=O)cc3)cc2)cc1,220.0,,,,,,,,,
5190,P430176,*C(=O)c1ccc(Oc2ccc(-c3ccc(Oc4ccc(C(=O)c5ccc6c(c5)C(=O)N(c5ccc(Oc7ccc(N8C(=O)c9ccc(*)cc9C8=O)cc7)cc5)C6=O)cc4)cc3)cc2)cc1,233.0,,,,,,,,,
5191,P430177,*C(=O)c1ccc(Oc2ccc(C(C)(C)c3ccc(Oc4ccc(C(=O)c5ccc6c(c5)C(=O)N(c5ccc(Oc7ccc(N8C(=O)c9ccc(*)cc9C8=O)cc7)cc5)C6=O)cc4)cc3)cc2)cc1,217.0,,,,,,,,,
5192,P430178,*C(=O)c1ccc(Oc2ccc(C3(c4ccc(Oc5ccc(C(=O)c6ccc7c(c6)C(=O)N(c6ccc(Oc8ccc(N9C(=O)c%10ccc(*)cc%10C9=O)cc8)cc6)C7=O)cc5)cc4)OC(=O)c4ccccc43)cc2)cc1,260.0,,,,,,,,,
5193,P430179,*C(=O)c1ccc(Oc2ccc(S(=O)(=O)c3ccc(Oc4ccc(C(=O)c5ccc6c(c5)C(=O)N(c5ccc(Oc7ccc(N8C(=O)c9ccc(*)cc9C8=O)cc7)cc5)C6=O)cc4)cc3)cc2)cc1,241.0,,,,,,,,,
5194,P430180,*C(=O)c1ccc(Oc2ccc(N3C(=O)c4ccc(*)cc4C3=O)cc2)cc1,297.0,,,,,,,,,
5195,P430182,*CCC[Si](C)(C)O[Si](C)(C)CCCN1C(=O)c2ccc(C(=O)c3ccc4c(c3)C(=O)N(*)C4=O)cc2C1=O,68.0,,,,,,,,,
5196,P430183,*CCC[Si](C)(C)O[Si](C)(C)CCCN1C(=O)c2ccc(-c3ccc4c(c3)C(=O)N(*)C4=O)cc2C1=O,75.0,,,,,,,,,
5197,P430187,*c1ccc(Oc2cccc(-n3c(=O)c4cc5c(=O)n(*)c(=O)c5cc4c3=O)c2)cc1,397.0,,,,,,,,,
5198,P430188,*c1ccc(OCCOc2cccc(N3C(=O)c4ccc(Oc5ccc6c(c5)C(=O)N(*)C6=O)cc4C3=O)c2)cc1,178.5,,,,,,,,,
5199,P430189,*c1ccc(OCCOCCOc2cccc(N3C(=O)c4ccc(Oc5ccc6c(c5)C(=O)N(*)C6=O)cc4C3=O)c2)cc1,146.5,,,,,,,,,
5200,P430190,*c1ccc(OCCOCCOCCOc2cccc(N3C(=O)c4ccc(Oc5ccc6c(c5)C(=O)N(*)C6=O)cc4C3=O)c2)cc1,107.0,,,,,,,,,
5201,P430191,*c1ccc(-c2ccc(N3C(=O)c4ccc(-c5ccc6c(c5)C(=O)N(*)C6=O)cc4C3=O)cc2C(F)(F)F)c(C(F)(F)F)c1,317.5,,,,,,,,,
5202,P430192,*C(=O)c1ccc2c(c1)C(=O)N(c1ccc(OCC(C)(C)COc3ccc(N4C(=O)c5ccc(*)cc5C4=O)cc3)cc1)C2=O,234.0,,,,,,,,,
5203,P430194,*C(=O)Oc1ccc(C(C)(C)c2ccc(OC(=O)c3ccc4c(c3)C(=O)N(c3ccc(Oc5ccc(N6C(=O)c7ccc(*)cc7C6=O)cc5)cc3)C4=O)cc2)cc1,200.0,,,,,,,,,
5204,P430197,*C(=O)c1ccc2c(c1)C(=O)N(c1ccc(/C=C/c3ccc(N4C(=O)c5ccc(*)cc5C4=O)cc3)cc1)C2=O,303.0,,,,,,,,,
5205,P430198,*C(=O)c1ccc2c(c1)C(=O)N(c1ccc(Sc3ccc(N4C(=O)c5ccc(*)cc5C4=O)cn3)nc1)C2=O,246.0,,,,,,,,,
5206,P430199,*C(=O)c1ccc2c(c1)C(=O)N(c1ccc(C(=O)c3cccc(N4C(=O)c5ccc(*)cc5C4=O)c3)cc1)C2=O,282.5,,,,,,,,,
5207,P430200,*C(=O)c1ccc2c(c1)C(=O)N(c1ccc(Cc3cccc(N4C(=O)c5ccc(*)cc5C4=O)c3)cc1)C2=O,281.0,,,,,,,,,
5208,P430201,*C(=O)c1ccc2c(c1)C(=O)N(c1cccc(C(O)c3cccc(N4C(=O)c5ccc(*)cc5C4=O)c3)c1)C2=O,292.0,,,,,,,,,
5209,P430202,*c1cccc(C(=O)c2cccc(-n3c(=O)c4cc5c(=O)n(*)c(=O)c5cc4c3=O)c2)c1,321.0,,,,,,,,,
5210,P430203,*c1ccc(Sc2ccc(-n3c(=O)c4cc5c(=O)n(*)c(=O)c5cc4c3=O)cn2)nc1,359.0,,,,,,,,,
5211,P430204,*CC(c1ccccc1)C1C(=O)NC(=O)C1*,246.0,,,,,,,,,
5212,P430205,*C(=O)c1ccc2c(c1)C(=O)N(c1ccc3c(c1)C(=O)c1cc(N4C(=O)c5ccc(*)cc5C4=O)ccc1-3)C2=O,331.0,,,,,,,,,
5213,P430213,*CC(C)(C)C1C(=O)N(c2c(C)cccc2C)C(=O)C1*,237.0,,,,,,,,,
5214,P430214,*CC(C)(C)C1C(=O)N(c2ccccc2C)C(=O)C1*,207.0,,,,,,,,,
5215,P430219,*CC(=O)Nc1ccc(Oc2ccc(NC(=O)CN3C(=O)c4ccc(C(=O)c5ccc6c(c5)C(=O)N(*)C6=O)cc4C3=O)cc2)cc1,235.0,,,,,,,,,
5216,P430220,*CCC(=O)Nc1ccc(Oc2ccc(NC(=O)CCN3C(=O)c4ccc(C(=O)c5ccc6c(c5)C(=O)N(*)C6=O)cc4C3=O)cc2)cc1,232.0,,,,,,,,,
5217,P430221,*CCCC(=O)Nc1ccc(Oc2ccc(NC(=O)CCCN3C(=O)c4ccc(C(=O)c5ccc6c(c5)C(=O)N(*)C6=O)cc4C3=O)cc2)cc1,198.0,,,,,,,,,
5218,P430222,*CCCCCC(=O)Nc1ccc(Oc2ccc(NC(=O)CCCCCN3C(=O)c4ccc(C(=O)c5ccc6c(c5)C(=O)N(*)C6=O)cc4C3=O)cc2)cc1,195.0,,,,,,,,,
5219,P430223,*CCCCCCCCCCC(=O)Nc1ccc(Oc2ccc(NC(=O)CCCCCCCCCCN3C(=O)c4ccc(C(=O)c5ccc6c(c5)C(=O)N(*)C6=O)cc4C3=O)cc2)cc1,132.0,,,,,,,,,
5220,P430224,*CC(=O)Nc1ccc(Oc2cccc(NC(=O)CN3C(=O)c4ccc(C(=O)c5ccc6c(c5)C(=O)N(*)C6=O)cc4C3=O)c2)cc1,226.0,,,,,,,,,
5221,P430225,*CCC(=O)Nc1ccc(Oc2cccc(NC(=O)CCN3C(=O)c4ccc(C(=O)c5ccc6c(c5)C(=O)N(*)C6=O)cc4C3=O)c2)cc1,224.0,,,,,,,,,
5222,P430226,*CCCC(=O)Nc1ccc(Oc2cccc(NC(=O)CCCN3C(=O)c4ccc(C(=O)c5ccc6c(c5)C(=O)N(*)C6=O)cc4C3=O)c2)cc1,188.0,,,,,,,,,
5223,P430227,*CCCCCC(=O)Nc1ccc(Oc2cccc(NC(=O)CCCCCN3C(=O)c4ccc(C(=O)c5ccc6c(c5)C(=O)N(*)C6=O)cc4C3=O)c2)cc1,170.0,,,,,,,,,
5224,P430228,*CCCCCCCCCCC(=O)Nc1ccc(Oc2cccc(NC(=O)CCCCCCCCCCN3C(=O)c4ccc(C(=O)c5ccc6c(c5)C(=O)N(*)C6=O)cc4C3=O)c2)cc1,126.0,,,,,,,,,
5225,P430229,*CC(=O)Nc1ccc(Oc2ccc(Oc3ccc(NC(=O)CN4C(=O)c5ccc(C(=O)c6ccc7c(c6)C(=O)N(*)C7=O)cc5C4=O)cc3)cc2)cc1,230.0,,,,,,,,,
5226,P430230,*CCC(=O)Nc1ccc(Oc2ccc(Oc3ccc(NC(=O)CCN4C(=O)c5ccc(C(=O)c6ccc7c(c6)C(=O)N(*)C7=O)cc5C4=O)cc3)cc2)cc1,221.0,,,,,,,,,
5227,P430231,*CCCC(=O)Nc1ccc(Oc2ccc(Oc3ccc(NC(=O)CCCN4C(=O)c5ccc(C(=O)c6ccc7c(c6)C(=O)N(*)C7=O)cc5C4=O)cc3)cc2)cc1,178.0,,,,,,,,,
5228,P430232,*CCCCCC(=O)Nc1ccc(Oc2ccc(Oc3ccc(NC(=O)CCCCCN4C(=O)c5ccc(C(=O)c6ccc7c(c6)C(=O)N(*)C7=O)cc5C4=O)cc3)cc2)cc1,158.0,,,,,,,,,
5229,P430233,*CCCCCCCCCCC(=O)Nc1ccc(Oc2ccc(Oc3ccc(NC(=O)CCCCCCCCCCN4C(=O)c5ccc(C(=O)c6ccc7c(c6)C(=O)N(*)C7=O)cc5C4=O)cc3)cc2)cc1,122.0,,,,,,,,,
5230,P430234,*CC(=O)Nc1ccc(Cc2ccc(NC(=O)CN3C(=O)c4ccc(C(=O)c5ccc6c(c5)C(=O)N(*)C6=O)cc4C3=O)cc2)cc1,233.0,,,,,,,,,
5231,P430235,*CCC(=O)Nc1ccc(Cc2ccc(NC(=O)CCN3C(=O)c4ccc(C(=O)c5ccc6c(c5)C(=O)N(*)C6=O)cc4C3=O)cc2)cc1,221.0,,,,,,,,,
5232,P430236,*CCCC(=O)Nc1ccc(Cc2ccc(NC(=O)CCCN3C(=O)c4ccc(C(=O)c5ccc6c(c5)C(=O)N(*)C6=O)cc4C3=O)cc2)cc1,195.0,,,,,,,,,
5233,P430237,*CCCCCC(=O)Nc1ccc(Cc2ccc(NC(=O)CCCCCN3C(=O)c4ccc(C(=O)c5ccc6c(c5)C(=O)N(*)C6=O)cc4C3=O)cc2)cc1,187.0,,,,,,,,,
5234,P430238,*CCCCCCCCCCC(=O)Nc1ccc(Cc2ccc(NC(=O)CCCCCCCCCCN3C(=O)c4ccc(C(=O)c5ccc6c(c5)C(=O)N(*)C6=O)cc4C3=O)cc2)cc1,136.0,,,,,,,,,
5235,P430239,*CC(=O)Nc1ccc(NC(=O)CN2C(=O)c3ccc(C(=O)c4ccc5c(c4)C(=O)N(*)C5=O)cc3C2=O)cc1,250.0,,,,,,,,,
5236,P430240,*CCC(=O)Nc1ccc(NC(=O)CCN2C(=O)c3ccc(C(=O)c4ccc5c(c4)C(=O)N(*)C5=O)cc3C2=O)cc1,237.0,,,,,,,,,
5237,P430241,*CCCC(=O)Nc1ccc(NC(=O)CCCN2C(=O)c3ccc(C(=O)c4ccc5c(c4)C(=O)N(*)C5=O)cc3C2=O)cc1,209.0,,,,,,,,,
5238,P430242,*CCCCCC(=O)Nc1ccc(NC(=O)CCCCCN2C(=O)c3ccc(C(=O)c4ccc5c(c4)C(=O)N(*)C5=O)cc3C2=O)cc1,200.0,,,,,,,,,
5239,P430243,*CCCCCCCCCCC(=O)Nc1ccc(NC(=O)CCCCCCCCCCN2C(=O)c3ccc(C(=O)c4ccc5c(c4)C(=O)N(*)C5=O)cc3C2=O)cc1,125.0,,,,,,,,,
5240,P430244,*c1ccc2c(c1)C(=O)N(c1ccc3c(c1)-c1cc(N4C(=O)c5ccc(C(*)(C(F)(F)F)C(F)(F)F)cc5C4=O)ccc1C3)C2=O,394.0,,,,,,,,,
5241,P430245,*CC(=O)Nc1ccc(NC(=O)c2ccc3c(c2)C(=O)N(*)C3=O)cc1,292.0,,,,,,,,,
5242,P430246,*CC(=O)Nc1ccc(Cc2ccc(NC(=O)c3ccc4c(c3)C(=O)N(*)C4=O)cc2)cc1,266.0,,,,,,,,,
5243,P430247,*CC(=O)Nc1ccc(S(=O)(=O)c2ccc(NC(=O)c3ccc4c(c3)C(=O)N(*)C4=O)cc2)cc1,232.0,,,,,,,,,
5244,P430248,*CC(=O)Nc1ccc(Oc2ccc(NC(=O)c3ccc4c(c3)C(=O)N(*)C4=O)cc2)cc1,262.0,,,,,,,,,
5245,P430249,*CC(=O)Nc1ccc(Oc2ccc(Oc3ccc(NC(=O)c4ccc5c(c4)C(=O)N(*)C5=O)cc3)cc2)cc1,242.0,,,,,,,,,
5246,P430250,*CC(=O)Nc1ccc(Oc2cccc(Oc3ccc(NC(=O)c4ccc5c(c4)C(=O)N(*)C5=O)cc3)c2)cc1,220.0,,,,,,,,,
5247,P430251,*C(=O)Nc1ccc(NC(=O)c2ccc(N3C(=O)c4ccc(*)cc4C3=O)cc2)cc1,297.5,,,,,,,,,
5248,P430252,*C(=O)Nc1ccc(Oc2ccc(NC(=O)c3ccc(N4C(=O)c5ccc(*)cc5C4=O)cc3)cc2)cc1,296.0,,,,,,,,,
5249,P430254,*C(=O)c1ccc2c(c1)C(=O)N(c1cccc(C#Cc3cccc(N4C(=O)c5ccc(*)cc5C4=O)c3)c1)C2=O,294.0,,,,,,,,,
5250,P430255,*C(=O)c1ccc(C(=O)c2ccc3c(c2)C(=O)N(c2ccc(C(=O)c4ccc(C(=O)c5ccc(N6C(=O)c7ccc(*)cc7C6=O)cc5)cc4)cc2)C3=O)cc1,260.0,,,,,,,,,
5251,P430256,*c1ccc(Oc2ccc(C(c3ccc(Oc4ccc(N5C(=O)c6ccc(Oc7ccc8c(c7)C(=O)N(*)C8=O)cc6C5=O)cc4)cc3)(C(F)(F)F)C(F)(F)F)cc2)cc1,264.0,,,,,,,,,
5252,P430257,*c1cccc(Oc2cccc(Oc3cccc(N4C(=O)c5ccc(Oc6ccc(Sc7ccc(Oc8ccc9c(c8)C(=O)N(*)C9=O)cc7)cc6)cc5C4=O)c3)c2)c1,190.5,,,,,,,,,
5253,P430258,*c1ccc(Oc2ccc(C(c3ccc(Oc4ccc(N5C(=O)c6ccc(Oc7ccc(Sc8ccc(Oc9ccc%10c(c9)C(=O)N(*)C%10=O)cc8)cc7)cc6C5=O)cc4)cc3)(C(F)(F)F)C(F)(F)F)cc2)cc1,217.5,,,,,,,,,
5254,P430259,*c1cccc(S(=O)(=O)c2cccc(N3C(=O)c4ccc(Oc5ccc6c(c5)C(=O)N(*)C6=O)cc4C3=O)c2)c1,246.0,,,,,,,,,
5255,P430260,*C(=O)c1ccc2c(c1)C(=O)N(c1cccc(S(=O)(=O)c3cccc(N4C(=O)c5ccc(*)cc5C4=O)c3)c1)C2=O,278.0,,,,,,,,,
5256,P430261,*c1cccc(Oc2cccc(Oc3cccc(-n4c(=O)c5cc6c(=O)n(*)c(=O)c6cc5c4=O)c3)c2)c1,221.0,,,,,,,,,
5257,P430262,*c1ccc(Oc2ccc(-c3ccc(Oc4ccc(N5C(=O)c6ccc(Oc7ccc(Oc8ccc9c(c8)C(=O)N(*)C9=O)cc7)cc6C5=O)cc4)cc3)cc2)cc1,230.0,,,,,,,,,
5258,P430263,*c1ccc(Oc2ccc(Oc3ccc(Oc4ccc(N5C(=O)c6ccc(Oc7ccc(Oc8ccc9c(c8)C(=O)N(*)C9=O)cc7)cc6C5=O)cc4)cc3)cc2)cc1,210.0,,,,,,,,,
5259,P430264,*c1ccc(Oc2ccc(Sc3ccc(Oc4ccc(N5C(=O)c6ccc(Oc7ccc(Oc8ccc9c(c8)C(=O)N(*)C9=O)cc7)cc6C5=O)cc4)cc3)cc2)cc1,201.0,,,,,,,,,
5260,P430265,*c1ccc(Oc2ccc(Oc3ccc(N4C(=O)c5ccc(Oc6ccc(-c7ccc(Oc8ccc9c(c8)C(=O)N(*)C9=O)cc7)cc6)cc5C4=O)cc3)cc2)cc1,222.0,,,,,,,,,
5261,P430266,*c1ccc(Oc2ccc(-c3ccc(Oc4ccc(N5C(=O)c6ccc(Oc7ccc(-c8ccc(Oc9ccc%10c(c9)C(=O)N(*)C%10=O)cc8)cc7)cc6C5=O)cc4)cc3)cc2)cc1,220.0,,,,,,,,,
5262,P430267,*c1ccc(Oc2ccc(Oc3ccc(Oc4ccc(N5C(=O)c6ccc(Oc7ccc(-c8ccc(Oc9ccc%10c(c9)C(=O)N(*)C%10=O)cc8)cc7)cc6C5=O)cc4)cc3)cc2)cc1,208.0,,,,,,,,,
5263,P430268,*c1ccc(Oc2ccc(Sc3ccc(Oc4ccc(N5C(=O)c6ccc(Oc7ccc(-c8ccc(Oc9ccc%10c(c9)C(=O)N(*)C%10=O)cc8)cc7)cc6C5=O)cc4)cc3)cc2)cc1,206.0,,,,,,,,,
5264,P430269,*c1ccc(Oc2ccc(Oc3ccc(N4C(=O)c5ccc(Oc6ccc(Oc7ccc(Oc8ccc9c(c8)C(=O)N(*)C9=O)cc7)cc6)cc5C4=O)cc3)cc2)cc1,203.0,,,,,,,,,
5265,P430270,*c1ccc(Oc2ccc(-c3ccc(Oc4ccc(N5C(=O)c6ccc(Oc7ccc(Oc8ccc(Oc9ccc%10c(c9)C(=O)N(*)C%10=O)cc8)cc7)cc6C5=O)cc4)cc3)cc2)cc1,211.0,,,,,,,,,
5266,P430271,*c1ccc(Oc2ccc(Sc3ccc(Oc4ccc(N5C(=O)c6ccc(Oc7ccc(Oc8ccc(Oc9ccc%10c(c9)C(=O)N(*)C%10=O)cc8)cc7)cc6C5=O)cc4)cc3)cc2)cc1,194.0,,,,,,,,,
5267,P430272,*c1ccc(Oc2ccc(Oc3ccc(N4C(=O)c5ccc(Oc6ccc(Sc7ccc(Oc8ccc9c(c8)C(=O)N(*)C9=O)cc7)cc6)cc5C4=O)cc3)cc2)cc1,201.0,,,,,,,,,
5268,P430273,*c1ccc(Oc2ccc(-c3ccc(Oc4ccc(N5C(=O)c6ccc(Oc7ccc(Sc8ccc(Oc9ccc%10c(c9)C(=O)N(*)C%10=O)cc8)cc7)cc6C5=O)cc4)cc3)cc2)cc1,205.0,,,,,,,,,
5269,P430274,*c1ccc(Oc2ccc(Sc3ccc(Oc4ccc(N5C(=O)c6ccc(Oc7ccc(Sc8ccc(Oc9ccc%10c(c9)C(=O)N(*)C%10=O)cc8)cc7)cc6C5=O)cc4)cc3)cc2)cc1,186.0,,,,,,,,,
5270,P430275,*c1ccc(Cc2ccc(N3C(=O)c4ccc([Si](C)(C)c5ccc6c(c5)C(=O)N(*)C6=O)cc4C3=O)cc2)cc1,280.0,,,,,,,,,
5271,P430276,*c1ccc(Cc2ccc(N3C(=O)c4ccc([Si](C)(C)c5ccc([Si](C)(C)c6ccc7c(c6)C(=O)N(*)C7=O)cc5)cc4C3=O)cc2)cc1,295.0,,,,,,,,,
5272,P430278,*c1ccc(Cc2ccc(N3C(=O)c4ccc([Si](C)(C)O[Si](C)(C)c5ccc6c(c5)C(=O)N(*)C6=O)cc4C3=O)cc2)cc1,232.0,,,,,,,,,
5273,P430279,*c1ccc(Cc2ccc(N3C(=O)c4ccc([Si](C)(C)O[Si](C)(C)O[Si](C)(C)c5ccc6c(c5)C(=O)N(*)C6=O)cc4C3=O)cc2)cc1,220.0,,,,,,,,,
5274,P430280,*c1cccc(Cc2cccc(N3C(=O)c4ccc([Si](C)(C)c5ccc([Si](C)(C)c6ccc7c(c6)C(=O)N(*)C7=O)cc5)cc4C3=O)c2)c1,246.0,,,,,,,,,
5275,P430281,*c1cccc(Cc2cccc(N3C(=O)c4ccc([Si](C)(C)c5ccc6c(c5)C(=O)N(*)C6=O)cc4C3=O)c2)c1,238.0,,,,,,,,,
5276,P430282,*c1cccc(Cc2cccc(N3C(=O)c4ccc([Si](C)(C)c5ccc(-c6ccc([Si](C)(C)c7ccc8c(c7)C(=O)N(*)C8=O)cc6)cc5)cc4C3=O)c2)c1,285.0,,,,,,,,,
5277,P430283,*c1cccc(Cc2cccc(N3C(=O)c4ccc([Si](C)(C)O[Si](C)(C)c5ccc6c(c5)C(=O)N(*)C6=O)cc4C3=O)c2)c1,217.0,,,,,,,,,
5278,P430284,*c1cccc(Cc2cccc(N3C(=O)c4ccc([Si](C)(C)O[Si](C)(C)O[Si](C)(C)c5ccc6c(c5)C(=O)N(*)C6=O)cc4C3=O)c2)c1,208.0,,,,,,,,,
5279,P430285,*c1ccc(N2C(=O)c3c(c(-c4ccccc4)c(-c4ccc(-c5c(-c6ccccc6)c6c(c(-c7ccccc7)c5-c5ccccc5)C(=O)N(*)C6=O)cc4)c(-c4ccccc4)c3-c3ccccc3)C2=O)cc1,466.0,,,,,,,,,
5280,P430286,*c1cccc(N2C(=O)c3c(c(-c4ccccc4)c(-c4ccc(-c5c(-c6ccccc6)c6c(c(-c7ccccc7)c5-c5ccccc5)C(=O)N(*)C6=O)cc4)c(-c4ccccc4)c3-c3ccccc3)C2=O)c1,416.0,,,,,,,,,
5281,P430287,*c1ccc(Oc2ccc(N3C(=O)c4c(c(-c5ccccc5)c(-c5ccc(-c6c(-c7ccccc7)c7c(c(-c8ccccc8)c6-c6ccccc6)C(=O)N(*)C7=O)cc5)c(-c5ccccc5)c4-c4ccccc4)C3=O)cc2)cc1,413.0,,,,,,,,,
5282,P430288,*c1cccc(Oc2cccc(Oc3cccc(N4C(=O)c5c(c(-c6ccccc6)c(-c6ccc(-c7c(-c8ccccc8)c8c(c(-c9ccccc9)c7-c7ccccc7)C(=O)N(*)C8=O)cc6)c(-c6ccccc6)c5-c5ccccc5)C4=O)c3)c2)c1,280.0,,,,,,,,,
5283,P430289,*c1ccc(-c2ccc(N3C(=O)c4c(c(-c5ccccc5)c(-c5ccc(Oc6ccc(-c7c(-c8ccccc8)c8c(c(-c9ccccc9)c7-c7ccccc7)C(=O)N(*)C8=O)cc6)cc5)c(-c5ccccc5)c4-c4ccccc4)C3=O)cc2)cc1,399.0,,,,,,,,,
5284,P430290,*c1ccc(Oc2ccc(-c3c(-c4ccccc4)c4c(c(-c5ccccc5)c3-c3ccccc3)C(=O)N(c3ccc(N5C(=O)c6c(c(-c7ccccc7)c(-c7ccccc7)c(*)c6-c6ccccc6)C5=O)cc3)C4=O)cc2)cc1,371.0,,,,,,,,,
5285,P430291,*c1ccc(Oc2ccc(N3C(=O)c4c(c(-c5ccccc5)c(-c5ccc(Oc6ccc(-c7c(-c8ccccc8)c8c(c(-c9ccccc9)c7-c7ccccc7)C(=O)N(*)C8=O)cc6)cc5)c(-c5ccccc5)c4-c4ccccc4)C3=O)cc2)cc1,360.0,,,,,,,,,
5286,P430292,*c1ccc(Cc2ccc(N3C(=O)c4c(c(-c5ccccc5)c(-c5ccc(Oc6ccc(-c7c(-c8ccccc8)c8c(c(-c9ccccc9)c7-c7ccccc7)C(=O)N(*)C8=O)cc6)cc5)c(-c5ccccc5)c4-c4ccccc4)C3=O)cc2)cc1,356.0,,,,,,,,,
5287,P430293,*c1ccc(Oc2ccc(-c3c(-c4ccccc4)c4c(c(-c5ccccc5)c3-c3ccccc3)C(=O)N(c3cccc(N5C(=O)c6c(c(-c7ccccc7)c(-c7ccccc7)c(*)c6-c6ccccc6)C5=O)c3)C4=O)cc2)cc1,357.0,,,,,,,,,
5288,P430294,*c1cccc(Oc2cccc(Oc3cccc(N4C(=O)c5c(c(-c6ccccc6)c(-c6ccc(Oc7ccc(-c8c(-c9ccccc9)c9c(c(-c%10ccccc%10)c8-c8ccccc8)C(=O)N(*)C9=O)cc7)cc6)c(-c6ccccc6)c5-c5ccccc5)C4=O)c3)c2)c1,261.0,,,,,,,,,
5289,P430295,*c1cccc(Oc2cccc(Oc3cccc(N4C(=O)c5c(c(-c6ccccc6)c(-c6ccc(Oc7ccc(Oc8ccc(-c9c(-c%10ccccc%10)c%10c(c(-c%11ccccc%11)c9-c9ccccc9)C(=O)N(*)C%10=O)cc8)cc7)cc6)c(-c6ccccc6)c5-c5ccccc5)C4=O)c3)c2)c1,238.0,,,,,,,,,
5290,P430296,*C(=O)c1ccc2c(c1)C(=O)N(c1ccc(CP(=O)(OCC)OCC)c(N3C(=O)c4ccc(*)cc4C3=O)c1)C2=O,218.0,,,,,,,,,
5291,P430297,*C(=O)c1ccc2c(c1)C(=O)N(c1ccc(CP(=O)(OCCCl)OCCCl)c(N3C(=O)c4ccc(*)cc4C3=O)c1)C2=O,261.0,,,,,,,,,
5292,P430298,*c1ccc2c(c1)C(=O)N(c1ccc3c(c1)Cc1cc(N4C(=O)c5ccc(C(*)(C(F)(F)F)C(F)(F)F)cc5C4=O)ccc1-3)C2=O,394.0,,,,,,,,,
5293,P430299,*c1ccc2c(c1)C(=O)N(c1cccc(C(c3cccc(N4C(=O)c5ccc(C(*)(C(F)(F)F)C(F)(F)F)cc5C4=O)c3)(C(F)(F)F)C(F)(F)F)c1)C2=O,263.0,,0.111,,,,,,,
5294,P430308,*c1ccc(Oc2ccc(S(=O)(=O)c3ccc(Oc4ccc(N5C(=O)c6ccc(Oc7cccc(Oc8ccc9c(c8)C(=O)N(*)C9=O)c7)cc6C5=O)cc4)cc3)cc2)cc1,201.0,,,,,,,,,
5295,P430311,*c1ccc(Oc2ccc(C(=O)c3cccc(C(=O)c4ccc(Oc5ccc(N6C(=O)c7ccc(Oc8ccc(Oc9ccc(Oc%10ccc%11c(c%10)C(=O)N(*)C%11=O)cc9)cc8)cc7C6=O)cc5)cc4)c3)cc2)cc1,192.0,,,,,,,,,
5296,P430312,*c1ccc(Oc2ccc(C(=O)c3cccc(C(=O)c4ccc(Oc5ccc(N6C(=O)c7ccc(Oc8ccc(Sc9ccc(Oc%10ccc%11c(c%10)C(=O)N(*)C%11=O)cc9)cc8)cc7C6=O)cc5)cc4)c3)cc2)cc1,192.0,,,,,,,,,
5297,P430313,*c1ccc(Oc2ccc(C(=O)c3cccc(C(=O)c4ccc(Oc5ccc(N6C(=O)c7ccc([Si](C)(C)c8ccc9c(c8)C(=O)N(*)C9=O)cc7C6=O)cc5)cc4)c3)cc2)cc1,208.0,,,,,,,,,
5298,P430314,*C(=O)c1ccc2c(c1)C(=O)N(c1ccc(Oc3ccc(C(=O)c4ccc5cc(C(=O)c6ccc(Oc7ccc(N8C(=O)c9ccc(*)cc9C8=O)cc7)cc6)ccc5c4)cc3)cc1)C2=O,246.0,,,,,,,,,
5299,P430315,*C(=O)c1ccc2c(c1)C(=O)N(c1cc(C(=O)c3ccccc3)cc(N3C(=O)c4ccc(*)cc4C3=O)c1)C2=O,282.0,,,,,,,,,
5300,P430316,*C(=O)c1ccc2c(c1)C(=O)N(c1ccc(C(=O)c3ccccc3N3C(=O)c4ccc(*)cc4C3=O)cc1)C2=O,289.0,,,,,,,,,
5301,P430317,*C(=O)c1ccc2c(c1)C(=O)N(c1cccc(C(=O)c3ccccc3N3C(=O)c4ccc(*)cc4C3=O)c1)C2=O,259.0,,,,,,,,,
5302,P430318,*C(=O)c1ccc2c(c1)C(=O)N(c1ccccc1C(=O)c1ccccc1N1C(=O)c3ccc(*)cc3C1=O)C2=O,289.0,,,,,,,,,
5303,P430319,*C(=O)c1ccc2c(c1)C(=O)N(c1ccc(Cc3ccccc3N3C(=O)c4ccc(*)cc4C3=O)cc1)C2=O,290.0,,,,,,,,,
5304,P430320,*C(=O)c1ccc2c(c1)C(=O)N(c1cccc(Cc3ccccc3N3C(=O)c4ccc(*)cc4C3=O)c1)C2=O,258.0,,,,,,,,,
5305,P430321,*C(=O)c1ccc2c(c1)C(=O)N(c1ccccc1Cc1ccccc1N1C(=O)c3ccc(*)cc3C1=O)C2=O,285.0,,,,,,,,,
5306,P430322,*C(=O)c1ccc2c(c1)C(=O)N(c1ccc(Oc3ccccc3N3C(=O)c4ccc(*)cc4C3=O)cc1)C2=O,282.5,,,,,,,,,
5307,P430323,*C(=O)c1ccc2c(c1)C(=O)N(c1ccc(-c3ccccc3N3C(=O)c4ccc(*)cc4C3=O)cc1)C2=O,305.0,,,,,,,,,
5308,P430324,*Oc1ccc(C(C)(C)c2ccc(Oc3ccc4c(c3)C(=O)N(N3C(=O)c5ccc(*)cc5C3=O)C4=O)cc2)cc1,216.7,,,,,,,,,
5309,P430328,*c1ccc(C(=O)c2cccc(-n3c(=O)c4cc5c(=O)n(*)c(=O)c5cc4c3=O)c2)cc1,340.0,,,,,,,,,
5310,P430329,*c1ccc(Oc2ccccc2-n2c(=O)c3cc4c(=O)n(*)c(=O)c4cc3c2=O)cc1,386.0,,,,,,,,,
5311,P430330,*c1ccc(Cc2cccc(-n3c(=O)c4cc5c(=O)n(*)c(=O)c5cc4c3=O)c2)cc1,339.0,,,,,,,,,
5312,P430331,*c1cccc(Cc2cccc(-n3c(=O)c4cc5c(=O)n(*)c(=O)c5cc4c3=O)c2)c1,327.5,,,,,,,,,
5313,P430332,*c1ccc(Cc2ccccc2-n2c(=O)c3cc4c(=O)n(*)c(=O)c4cc3c2=O)cc1,356.5,,,,,,,,,
5314,P430342,*CC(C)(C)COC(=O)NC(=O)c1cccc(C(=O)NC(=O)O*)c1,66.0,,,,,,,,,
5315,P430343,*CC(C)(C)COC(=O)NC(=O)c1ccc(C(=O)NC(=O)O*)cc1,102.0,,,,,,,,,
5316,P430344,*CC(CCCC)COC(=O)NC(=O)c1cccc(C(=O)NC(=O)O*)c1,64.0,,,,,,,,,
5317,P430345,*CC(CCCCCCCC)COC(=O)NC(=O)c1cccc(C(=O)NC(=O)O*)c1,65.0,,,,,,,,,
5318,P430346,*CC(CCCCCCCCCCCC)COC(=O)NC(=O)c1cccc(C(=O)NC(=O)O*)c1,112.0,,,,,,,,,
5319,P430347,*CC(CCCCCCCCCCCC)COC(=O)NC(=O)c1ccc(C(=O)NC(=O)O*)cc1,75.0,,,,,,,,,
5320,P430348,*CC(C)(C)COC(=O)NC(=O)c1cc(C(=O)NC(=O)O*)cc(C(C)(C)C)c1,144.0,,,,,,,,,
5321,P430349,*Oc1ccc(C(C)(C)c2ccc(OC(=O)NC(=O)c3cc(C(=O)NC(*)=O)cc(C(C)(C)C)c3)cc2)cc1,123.5,,,,,,,,,
5322,P430350,*Oc1ccc(Oc2ccc(OC(=O)NC(=O)c3cc(C(=O)NC(*)=O)cc(C(C)(C)C)c3)cc2)cc1,114.5,,,,,,,,,
5323,P430353,*C(=O)OCCCSCCCCSCCCOC(=O)c1ccc(N2C(=O)c3ccc(*)cc3C2=O)cc1,39.0,,,,,,,,,
5324,P430354,*C(=O)OCCCSCCCCCCSCCCOC(=O)c1ccc(N2C(=O)c3ccc(*)cc3C2=O)cc1,31.0,,,,,,,,,
5325,P430355,*C(=O)OCCOCCOC(=O)c1ccc(N2C(=O)c3ccc(*)cc3C2=O)cc1,101.0,,,,,,,,,
5326,P430356,*C(=O)OCCOCCOCCOC(=O)c1ccc(N2C(=O)c3ccc(*)cc3C2=O)cc1,63.0,,,,,,,,,
5327,P430357,*c1ccc2c(c1)C(=O)N(c1cccc(Oc3ccc(P(=O)(c4ccccc4)c4ccc(Oc5cccc(N6C(=O)c7ccc(C(*)(C(F)(F)F)C(F)(F)F)cc7C6=O)c5)cc4)cc3)c1)C2=O,243.0,,,,,,,,,
5328,P430362,*C(=O)OCCOCCOCCOCCOC(=O)c1ccc(N2C(=O)c3ccc(*)cc3C2=O)cc1,52.0,,,,,,,,,
5329,P430364,*C(=O)Nc1ccc(Cc2ccc(N3C(=O)c4ccc(*)cc4C3=O)cc2)cc1,279.5,,,,,,,,,
5330,P430366,*C(=O)Nc1ccc(Oc2ccc(C(C)(C)c3ccc(Oc4ccc(NC(=O)c5ccc(N6C(=O)c7ccc(*)cc7C6=O)cc5)cc4)cc3)cc2)cc1,216.0,,,,,,,,,
5331,P430367,*C(=O)Nc1cccc(Oc2ccc(S(=O)(=O)c3ccc(Oc4cccc(NC(=O)c5ccc(N6C(=O)c7ccc(*)cc7C6=O)cc5)c4)cc3)cc2)c1,235.0,,,,,,,,,
5332,P430368,*C(=O)Nc1ccc(Oc2cccc(NC(=O)c3ccc4c(c3)C(=O)N(c3ccc(Oc5cccc(N6C(=O)c7ccc(*)cc7C6=O)c5)cc3)C4=O)c2)cc1,211.0,,,,,,,,,
5333,P430369,*C(=O)Nc1ccc(Oc2ccc(C(C)(C)c3ccc(Oc4ccc(NC(=O)c5ccc6c(c5)C(=O)N(c5ccc(Oc7cccc(N8C(=O)c9ccc(*)cc9C8=O)c7)cc5)C6=O)cc4)cc3)cc2)cc1,207.0,,,,,,,,,
5334,P430371,*c1ccc2c(c1)C(=O)N(c1ccc(C(=O)Nc3ccc(Oc4ccc(NC(=O)c5ccc(N6C(=O)c7ccc(C(*)(C(F)(F)F)C(F)(F)F)cc7C6=O)cc5)cc4)cc3)cc1)C2=O,322.0,,,,,,,,,
5335,P430374,*c1ccc2c(c1)C(=O)N(c1ccc(C(=O)Nc3ccc(Oc4ccc(C(C)(C)c5ccc(Oc6ccc(NC(=O)c7ccc(N8C(=O)c9ccc(C(*)(C(F)(F)F)C(F)(F)F)cc9C8=O)cc7)cc6)cc5)cc4)cc3)cc1)C2=O,266.0,,,,,,,,,
5336,P430375,*c1ccc2c(c1)C(=O)N(c1cccc(C(=O)Nc3ccc(Oc4ccc(NC(=O)c5cccc(N6C(=O)c7ccc(C(*)(C(F)(F)F)C(F)(F)F)cc7C6=O)c5)cc4)cc3)c1)C2=O,298.0,,,,,,,,,
5337,P430376,*c1ccc2c(c1)C(=O)N(c1cccc(C(=O)Nc3ccc(NC(=O)c4cccc(N5C(=O)c6ccc(C(*)(C(F)(F)F)C(F)(F)F)cc6C5=O)c4)cc3)c1)C2=O,311.0,,,,,,,,,
5338,P430380,*c1cccc(N2C(=O)c3ccc(Oc4ccccc4Oc4ccc5c(c4)C(=O)N(*)C5=O)cc3C2=O)c1,224.0,,,,,,,,,
5339,P430382,*c1ccc(Oc2ccc(N3C(=O)c4ccc(Oc5ccccc5Oc5ccc6c(c5)C(=O)N(*)C6=O)cc4C3=O)cc2)cc1,212.0,,,,,,,,,
5340,P430383,*c1ccc(Oc2ccc(Oc3ccc(N4C(=O)c5ccc(Oc6ccccc6Oc6ccc7c(c6)C(=O)N(*)C7=O)cc5C4=O)cc3)cc2)cc1,202.0,,,,,,,,,
5341,P430384,*c1ccc(Oc2ccccc2Oc2ccc(N3C(=O)c4ccc(Oc5ccccc5Oc5ccc6c(c5)C(=O)N(*)C6=O)cc4C3=O)cc2)cc1,193.0,,,,,,,,,
5342,P430385,*c1ccc(Oc2cc3ccccc3cc2Oc2ccc(N3C(=O)c4ccc(Oc5ccccc5Oc5ccc6c(c5)C(=O)N(*)C6=O)cc4C3=O)cc2)cc1,216.0,,,,,,,,,
5343,P430386,*c1ccc(Oc2ccc(-c3ccc(Oc4ccc(N5C(=O)c6ccc(Oc7ccccc7Oc7ccc8c(c7)C(=O)N(*)C8=O)cc6C5=O)cc4)cc3)cc2)cc1,204.0,,,,,,,,,
5344,P430389,*c1ccc(Oc2ccccc2Oc2ccc(N3C(=O)c4ccc(Oc5cc6ccccc6cc5Oc5ccc6c(c5)C(=O)N(*)C6=O)cc4C3=O)cc2)cc1,204.0,,,,,,,,,
5345,P430390,*c1ccc(Oc2cc3ccccc3cc2Oc2ccc(N3C(=O)c4ccc(Oc5cc6ccccc6cc5Oc5ccc6c(c5)C(=O)N(*)C6=O)cc4C3=O)cc2)cc1,222.0,,,,,,,,,
5346,P430391,*CCCCCCCN1C(=O)c2ccc(Oc3ccc4c(c3)C(=O)N(*)C4=O)cc2C1=O,110.0,,,,,,,,,
5347,P430392,*CCCCCCCCCCCN1C(=O)c2ccc(Oc3ccc4c(c3)C(=O)N(*)C4=O)cc2C1=O,74.0,,,,,,,,,
5348,P430393,*c1ccc2c(c1)C(=O)N(c1ccc(-c3ccc(N4C(=O)c5ccc(C(*)(C(F)(F)F)C(F)(F)F)cc5C4=O)cc3C(F)(F)F)c(C(F)(F)F)c1)C2=O,320.0,,,,,,,,,
5349,P430394,*c1ccc2c(c1)C(=O)N(c1ccc(-c3ccc(N4C(=O)c5ccc(C(*)(c6ccccc6)C(F)(F)F)cc5C4=O)cc3C(F)(F)F)c(C(F)(F)F)c1)C2=O,280.0,,,,,,,,,
5350,P430395,*c1ccc(N2C(=O)c3ccc(P(=O)(c4ccccc4)c4ccc5c(c4)C(=O)N(*)C5=O)cc3C2=O)cc1,366.0,,,,,,,,,
5351,P430396,*c1ccc(Oc2ccc(N3C(=O)c4ccc(P(=O)(c5ccccc5)c5ccc6c(c5)C(=O)N(*)C6=O)cc4C3=O)cc2)cc1,318.0,,,,,,,,,
5352,P430397,*c1cc(N2C(=O)c3ccc(P(=O)(c4ccccc4)c4ccc5c(c4)C(=O)N(*)C5=O)cc3C2=O)cc(C(F)(F)F)c1,317.0,,,,,,,,,
5353,P430398,*c1cccc(N2C(=O)c3ccc(P(=O)(c4ccccc4)c4ccc5c(c4)C(=O)N(*)C5=O)cc3C2=O)c1,323.0,,,,,,,,,
5354,P430400,*c1cccc(N2C(=O)c3ccc(C(c4ccc5c(c4)C(=O)N(c4cccc(-n6c(=O)c7cc8c(=O)n(*)c(=O)c8cc7c6=O)c4)C5=O)(C(F)(F)F)C(F)(F)F)cc3C2=O)c1,338.0,,,,,,,,,
5355,P430401,*c1ccc(N2C(=O)c3ccc(C(c4ccc5c(c4)C(=O)N(c4ccc(N6C(=O)c7ccc(-c8ccc9c(c8)C(=O)N(*)C9=O)cc7C6=O)cc4)C5=O)(C(F)(F)F)C(F)(F)F)cc3C2=O)cc1,342.0,,,,,,,,,
5356,P430402,*c1cccc(N2C(=O)c3ccc(C(c4ccc5c(c4)C(=O)N(c4cccc(N6C(=O)c7ccc(-c8ccc9c(c8)C(=O)N(*)C9=O)cc7C6=O)c4)C5=O)(C(F)(F)F)C(F)(F)F)cc3C2=O)c1,308.0,,,,,,,,,
5357,P430405,*C(=O)c1ccc2c(c1)C(=O)N(c1cccc(NC(=O)c3cccc(C(=O)Nc4cccc(N5C(=O)c6ccc(*)cc6C5=O)c4)c3)c1)C2=O,204.0,,,,,,,,,
5358,P430411,*c1ccc2c(c1)C(=O)N(c1ccc(OCCOc3ccc(N4C(=O)c5ccc(C(*)(C(F)(F)F)C(F)(F)F)cc5C4=O)cc3)cc1)C2=O,254.0,,,,,,,,,
5359,P430412,*c1ccc2c(c1)C(=O)N(c1ccc(OCCOCCOc3ccc(N4C(=O)c5ccc(C(*)(C(F)(F)F)C(F)(F)F)cc5C4=O)cc3)cc1)C2=O,187.5,,,,,,,,,
5360,P430413,*c1ccc2c(c1)C(=O)N(c1ccc(OCCOCCOCCOc3ccc(N4C(=O)c5ccc(C(*)(C(F)(F)F)C(F)(F)F)cc5C4=O)cc3)cc1)C2=O,166.0,,,,,,,,,
5361,P430415,*C(=O)Nc1ccc(Oc2cccc(NC(=O)c3ccc4c(c3)C(=O)N(c3ccc(Oc5ccc(N6C(=O)c7ccc(*)cc7C6=O)cc5)cc3)C4=O)c2)cc1,236.0,,,,,,,,,
5362,P430416,*C(=O)Nc1ccc(Cc2ccc(NC(=O)c3ccc4c(c3)C(=O)N(c3ccc(Oc5ccc(N6C(=O)c7ccc(*)cc7C6=O)cc5)cc3)C4=O)cc2)cc1,270.0,,,,,,,,,
5363,P430417,*C(=O)Nc1ccc(Sc2ccc(NC(=O)c3ccc4c(c3)C(=O)N(c3ccc(Oc5ccc(N6C(=O)c7ccc(*)cc7C6=O)cc5)cc3)C4=O)cc2)cc1,284.0,,,,,,,,,
5364,P430418,*C(=O)Nc1ccc(Oc2ccc(Oc3ccc(NC(=O)c4ccc5c(c4)C(=O)N(c4ccc(Oc6ccc(N7C(=O)c8ccc(*)cc8C7=O)cc6)cc4)C5=O)cc3)cc2)cc1,260.0,,,,,,,,,
5365,P430419,*C(=O)Nc1ccc(Oc2ccc(NC(=O)c3ccc4c(c3)C(=O)N(c3ccc(Cc5ccc(N6C(=O)c7ccc(*)cc7C6=O)cc5)cc3)C4=O)cc2)cc1,251.0,,,,,,,,,
5366,P430420,*C(=O)Nc1ccc(Oc2ccc(Oc3ccc(NC(=O)c4ccc5c(c4)C(=O)N(c4ccc(S(=O)(=O)c6ccc(N7C(=O)c8ccc(*)cc8C7=O)cc6)cc4)C5=O)cc3)cc2)cc1,243.0,,,,,,,,,
5367,P430421,*C(=O)Nc1ccc(Oc2ccc(NC(=O)c3ccc4c(c3)C(=O)N(C3CCC(CC5CCC(N6C(=O)c7ccc(*)cc7C6=O)CC5)CC3)C4=O)cc2)cc1,250.0,,,,,,,,,
5368,P430422,*c1ccc(-c2ccc(-n3c(=O)c4c(C(F)(F)F)c5c(=O)n(*)c(=O)c5c(C(F)(F)F)c4c3=O)cc2C(F)(F)F)c(C(F)(F)F)c1,304.0,,,,,,,,,
5369,P430423,*c1ccc(-c2ccc(-n3c(=O)c4cc5c(=O)n(*)c(=O)c5c(C(F)(F)F)c4c3=O)cc2C(F)(F)F)c(C(F)(F)F)c1,373.0,,,,,,,,,
5370,P430424,*c1ccc(-c2ccc(-n3c(=O)c4cc5c(=O)n(*)c(=O)c5cc4c3=O)cc2C(F)(F)F)c(C(F)(F)F)c1,358.0,,,,,,,,,
5371,P430425,*c1ccc(-c2ccc(-n3c(=O)c4c(C(F)(F)F)c5c(=O)n(*)c(=O)c5c(C(F)(F)F)c4c3=O)cc2C)c(C)c1,385.0,,,,,,,,,
5372,P430426,*c1ccc(-c2ccc(-n3c(=O)c4cc5c(=O)n(*)c(=O)c5c(C(F)(F)F)c4c3=O)cc2C)c(C)c1,373.0,,,,,,,,,
5373,P430427,*c1ccc(-c2ccc(-n3c(=O)c4cc5c(=O)n(*)c(=O)c5cc4c3=O)cc2C)c(C)c1,364.5,,,,,,,,,
5374,P430428,*c1ccc(-c2ccc(-c3ccc(-n4c(=O)c5c(C(F)(F)F)c6c(=O)n(*)c(=O)c6c(C(F)(F)F)c5c4=O)cc3)cc2)cc1,364.0,,,,,,,,,
5375,P430429,*c1ccc(-c2ccc(-c3ccc(-n4c(=O)c5cc6c(=O)n(*)c(=O)c6c(C(F)(F)F)c5c4=O)cc3)cc2)cc1,364.0,,,,,,,,,
5376,P430430,*c1ccc2c(c1)C(=O)N(c1cccc(N3C(=O)c4ccc(C(*)(C(F)(F)F)C(F)(F)F)cc4C3=O)c1C)C2=O,353.5,,,,,,,,,
5377,P430431,*c1c(C)cc(C)c(N2C(=O)c3ccc(-c4ccc5c(c4)C(=O)N(*)C5=O)cc3C2=O)c1C,385.0,,,,,,,,,
5378,P430432,*C(=O)c1cc2c(cc1Cl)C(=O)N(c1c(C)cc(C)c(N3C(=O)c4cc(*)c(Cl)cc4C3=O)c1C)C2=O,371.0,,,,,,,,,
5379,P430433,*C(=O)c1cc2c(cc1Cl)C(=O)N(c1cccc(N3C(=O)c4cc(*)c(Cl)cc4C3=O)c1)C2=O,313.0,,,,,,,,,
5380,P430434,*C(=O)c1cc2c(cc1Cl)C(=O)N(c1cc(N3C(=O)c4cc(*)c(Cl)cc4C3=O)cc(C(C)(C)C)c1)C2=O,290.0,,,,,,,,,
5381,P430435,*C(=O)c1cc2c(cc1Cl)C(=O)N(c1cc(C(=O)O)cc(N3C(=O)c4cc(*)c(Cl)cc4C3=O)c1)C2=O,368.0,,,,,,,,,
5382,P430436,*C(=O)c1cc2c(cc1Cl)C(=O)N(c1cc(C(=O)OC)cc(N3C(=O)c4cc(*)c(Cl)cc4C3=O)c1)C2=O,321.0,,,,,,,,,
5383,P430437,*C(=O)c1cc2c(cc1Cl)C(=O)N(c1cc(N3C(=O)c4cc(*)c(Cl)cc4C3=O)cc(C(F)(F)F)c1)C2=O,305.0,,,,,,,,,
5384,P430438,*C(=O)c1cc2c(cc1Cl)C(=O)N(c1cc(Cl)cc(N3C(=O)c4cc(*)c(Cl)cc4C3=O)c1)C2=O,311.0,,,,,,,,,
5385,P430440,*C(=O)c1cc2c(cc1Cl)C(=O)N(c1cc(Cl)c(N3C(=O)c4cc(*)c(Cl)cc4C3=O)cc1Cl)C2=O,367.0,,,,,,,,,
5386,P430442,*C(=O)c1ccc2c(c1)C(=O)N(c1cc(C(=O)O)cc(N3C(=O)c4ccc(*)cc4C3=O)c1)C2=O,314.0,,,,,,,,,
5387,P430444,*C(=O)c1ccc2c(c1)C(=O)N(c1cc(N3C(=O)c4ccc(*)cc4C3=O)cc(C(F)(F)F)c1)C2=O,295.5,,,,,,,,,
5388,P430448,*C(=O)Nc1cccc(NC(=O)c2ccc3c(c2)C(=O)N(c2ccc(Oc4ccc5ccc(Oc6ccc(N7C(=O)c8ccc(*)cc8C7=O)cc6)cc5c4)cc2)C3=O)c1,286.0,,,,,,,,,
5389,P430450,*C(=O)Nc1ccc(Oc2cccc(NC(=O)c3ccc4c(c3)C(=O)N(c3ccc(Oc5ccc6ccc(Oc7ccc(N8C(=O)c9ccc(*)cc9C8=O)cc7)cc6c5)cc3)C4=O)c2)cc1,263.0,,,,,,,,,
5390,P430452,*C(=O)Nc1ccc(Cc2ccc(NC(=O)c3ccc4c(c3)C(=O)N(c3ccc(Oc5ccc6ccc(Oc7ccc(N8C(=O)c9ccc(*)cc9C8=O)cc7)cc6c5)cc3)C4=O)cc2)cc1,273.0,,,,,,,,,
5391,P430456,*C(=O)Nc1ccc(C(c2ccc(NC(=O)c3ccc4c(c3)C(=O)N(c3ccc(Oc5ccc6ccc(Oc7ccc(N8C(=O)c9ccc(*)cc9C8=O)cc7)cc6c5)cc3)C4=O)cc2)(C(F)(F)F)C(F)(F)F)cc1,292.0,,,,,,,,,
5392,P430457,*C(=O)Nc1ccc(Oc2ccc(C(c3ccc(Oc4ccc(NC(=O)c5ccc6c(c5)C(=O)N(c5ccc(Oc7ccc8ccc(Oc9ccc(N%10C(=O)c%11ccc(*)cc%11C%10=O)cc9)cc8c7)cc5)C6=O)cc4)cc3)(C(F)(F)F)C(F)(F)F)cc2)cc1,250.0,,,,,,,,,
5393,P430458,*C(=O)Nc1ccc(Oc2ccc(C(C)(C)c3ccc(Oc4ccc(NC(=O)c5ccc6c(c5)C(=O)N(c5ccc(Oc7ccc8ccc(Oc9ccc(N%10C(=O)c%11ccc(*)cc%11C%10=O)cc9)cc8c7)cc5)C6=O)cc4)cc3)cc2)cc1,250.0,,,,,,,,,
5394,P430459,*C(=O)Nc1ccc(Oc2ccc(S(=O)(=O)c3ccc(Oc4ccc(NC(=O)c5ccc6c(c5)C(=O)N(c5ccc(Oc7ccc8ccc(Oc9ccc(N%10C(=O)c%11ccc(*)cc%11C%10=O)cc9)cc8c7)cc5)C6=O)cc4)cc3)cc2)cc1,274.0,,,,,,,,,
5395,P430465,*c1ccc(S(=O)(=O)c2ccc(N3C(=O)c4ccc(-c5ccc6c(c5)C(=O)N(*)C6=O)cc4C3=O)cc2)cc1,350.0,,,,,,,,,
5396,P430466,*C(=O)c1ccc2c(c1)C(=O)N(c1ccc(C3(c4ccc(N5C(=O)c6ccc(*)cc6C5=O)cc4)c4ccccc4-c4ccccc43)cc1)C2=O,376.0,,,,,,,,,
5397,P430467,*CCCCCCN1C(=O)c2ccc(C(c3ccc4c(c3)C(=O)N(*)C4=O)(C(F)(F)F)C(F)(F)F)cc2C1=O,155.0,,,,,,,,,
5398,P430469,*c1ccc2c(c1)C(=O)N(c1ccc(Cc3ccc(N4C(=O)c5ccc(C(*)(C(F)(F)F)C(F)(F)F)cc5C4=O)c(C(C)(C)C)c3)cc1C(C)(C)C)C2=O,274.0,,,,,,,,,
5399,P430471,*c1ccc2c(c1)C(=O)N(c1c(C)cc(Cc3cc(C)c(N4C(=O)c5ccc(C(*)(C(F)(F)F)C(F)(F)F)cc5C4=O)c(C)c3)cc1C)C2=O,307.5,,,,,,,,,
5400,P430472,*c1ccc2c(c1)C(=O)N(c1c(CC)cc(Cc3cc(CC)c(N4C(=O)c5ccc(C(*)(C(F)(F)F)C(F)(F)F)cc5C4=O)c(CC)c3)cc1CC)C2=O,266.0,,,,,,,,,
5401,P430473,*c1ccc2c(c1)C(=O)N(c1c(C)cc(Cc3cc(C)c(N4C(=O)c5ccc(C(*)(C(F)(F)F)C(F)(F)F)cc5C4=O)c(C(C)C)c3)cc1C(C)C)C2=O,276.0,,,,,,,,,
5402,P430474,*c1ccc2c(c1)C(=O)N(c1ccc(C(c3ccccc3)(c3ccc(N4C(=O)c5ccc(C(*)(C(F)(F)F)C(F)(F)F)cc5C4=O)cc3)C(F)(F)F)cc1)C2=O,305.0,,,,,,,,,
5403,P430476,*c1ccc2c(c1)C(=O)N(c1c(C)cc(C(c3ccccc3)(c3cc(C)c(N4C(=O)c5ccc(C(*)(C(F)(F)F)C(F)(F)F)cc5C4=O)c(C(C)C)c3)C(F)(F)F)cc1C(C)C)C2=O,289.0,,,,,,,,,
5404,P430477,*c1ccc2c(c1)C(=O)N(c1c(C(C)C)cc(C(c3ccccc3)(c3cc(C(C)C)c(N4C(=O)c5ccc(C(*)(C(F)(F)F)C(F)(F)F)cc5C4=O)c(C(C)C)c3)C(F)(F)F)cc1C(C)C)C2=O,274.0,,,,,,,,,
5405,P430478,*c1ccc2c(c1)C(=O)N(c1ccc(C3(c4ccc(N5C(=O)c6ccc(C(*)(C(F)(F)F)C(F)(F)F)cc6C5=O)cc4)c4ccccc4-c4ccccc43)cc1)C2=O,370.0,,,,,,,,,
5406,P430479,*c1ccc2c(c1)C(=O)N(c1ccc(C3(c4ccc(N5C(=O)c6ccc(C(*)(C(F)(F)F)C(F)(F)F)cc6C5=O)c(F)c4)c4ccccc4-c4ccccc43)cc1F)C2=O,352.0,,,,,,,,,
5407,P430480,*c1ccc2c(c1)C(=O)N(c1ccc(C3(c4ccc(N5C(=O)c6ccc(C(*)(C(F)(F)F)C(F)(F)F)cc6C5=O)c(C(C)C)c4)c4ccccc4-c4ccccc43)cc1C(C)C)C2=O,299.0,,,,,,,,,
5408,P430481,*c1ccc2c(c1)C(=O)N(c1c(C)cc(C3(c4cc(C)c(N5C(=O)c6ccc(C(*)(C(F)(F)F)C(F)(F)F)cc6C5=O)c(C)c4)c4ccccc4-c4ccccc43)cc1C)C2=O,361.0,,,,,,,,,
5409,P430482,*c1ccc2c(c1)C(=O)N(c1c(C)cc(C3(c4cc(C)c(N5C(=O)c6ccc(C(*)(C(F)(F)F)C(F)(F)F)cc6C5=O)c(C(C)C)c4)c4ccccc4-c4ccccc43)cc1C(C)C)C2=O,335.0,,,,,,,,,
5410,P430483,*c1ccc2c(c1)C(=O)N(c1ccc(-c3ccc(N4C(=O)c5ccc(C(*)(C(F)(F)F)C(F)(F)F)cc5C4=O)c(C)c3)cc1C)C2=O,352.0,,,,,,,,,
5411,P430484,*c1ccc2c(c1)C(=O)N(c1c(C)cc(-c3cc(C)c(N4C(=O)c5ccc(C(*)(C(F)(F)F)C(F)(F)F)cc5C4=O)c(C)c3)cc1C)C2=O,370.5,,,,,,,,,
5412,P430486,*c1ccc2c(c1)C(=O)N(c1c(C(C)C)cc(Cc3cc(C(C)C)c(N4C(=O)c5ccc(C(*)(C(F)(F)F)C(F)(F)F)cc5C4=O)c(C(C)C)c3)cc1C(C)C)C2=O,278.5,,,,,,,,,
5413,P430487,*CCCCCCN1C(=O)c2ccc(C(=O)Nc3ccc(S(=O)(=O)c4ccc(NC(=O)c5ccc6c(c5)C(=O)N(*)C6=O)cc4)cc3)cc2C1=O,198.0,,,,,,,,,
5414,P430488,*CCCCCCN1C(=O)c2ccc(C(=O)Nc3ccc(S(=O)(=O)c4cccc(NC(=O)c5ccc6c(c5)C(=O)N(*)C6=O)c4)cc3)cc2C1=O,190.0,,,,,,,,,
5415,P430489,*c1ccc2c(c1)C(=O)N(c1ccc(OCCOCCOCCOCCOc3ccc(N4C(=O)c5ccc(C(*)(C(F)(F)F)C(F)(F)F)cc5C4=O)cc3)cc1)C2=O,140.0,,,,,,,,,
5416,P430490,*C(=O)Nc1ccc(-c2sc(-c3ccc(NC(=O)c4ccc5c(c4)C(=O)N(c4ccc(Oc6ccc7ccc(Oc8ccc(N9C(=O)c%10ccc(*)cc%10C9=O)cc8)cc7c6)cc4)C5=O)cc3)c(-c3ccccc3)c2-c2ccccc2)cc1,311.0,,,,,,,,,
5417,P430491,*c1ccc2c(c1)C(=O)N(c1cc(N3C(=O)c4ccc(C(*)(C(F)(F)F)C(F)(F)F)cc4C3=O)ccc1C)C2=O,335.0,,,,,,,,,
5418,P430492,*c1ccc2c(c1)C(=O)N(c1cc(N3C(=O)c4ccc(C(*)(C(F)(F)F)C(F)(F)F)cc4C3=O)cc(C(F)(F)F)c1)C2=O,284.0,,,,,,,,,
5419,P430494,*c1ccc2c(c1)C(=O)N(c1ccc(S(=O)(=O)c3ccc(N4C(=O)c5ccc(C(*)(C(F)(F)F)C(F)(F)F)cc5C4=O)cc3)cc1)C2=O,337.0,,,,,,,,,
5420,P430496,*c1ccc(Oc2ccc(C(=O)c3ccc(Oc4ccc(-c5c6c(c(*)c7ccccc57)C(=O)N(C)C6=O)cc4)cc3)cc2)cc1,283.0,,,,,,,,,
5421,P430497,*c1ccc(Oc2ccc(C(=O)c3ccc(Oc4ccc(-c5c6c(c(*)c7ccccc57)C(=O)N(CCCCCCCCCCCC)C6=O)cc4)cc3)cc2)cc1,147.0,,,,,,,,,
5422,P430498,*c1ccc(Oc2ccc(C(=O)c3ccc(Oc4ccc(-c5c6c(c(*)c7ccccc57)C(=O)N(c5ccccc5)C6=O)cc4)cc3)cc2)cc1,273.5,,,,,,,,,
5423,P430499,*c1ccc(Oc2ccc(C(=O)c3ccc(Oc4ccc(-c5c6c(c(*)c7ccccc57)C(=O)N(c5ccc(Cl)cc5)C6=O)cc4)cc3)cc2)cc1,272.0,,,,,,,,,
5424,P430500,*c1ccc(Oc2ccc(C(=O)c3ccc(Oc4ccc(-c5c6c(c(*)c7ccccc57)C(=O)N(c5ccc(F)cc5)C6=O)cc4)cc3)cc2)cc1,290.0,,,,,,,,,
5425,P430501,*c1ccc(Oc2ccc(C(=O)c3ccc(Oc4ccc(-c5c6c(c(*)c7ccccc57)C(=O)N(c5cccc(C(F)(F)F)c5)C6=O)cc4)cc3)cc2)cc1,252.0,,,,,,,,,
5426,P430502,*c1ccc(Oc2ccc(C(=O)c3ccc(Oc4ccc(-c5c6c(c(*)c7ccccc57)C(=O)N(c5ccc(C(F)(F)F)cc5)C6=O)cc4)cc3)cc2)cc1,260.0,,,,,,,,,
5427,P430503,*c1ccc(Oc2ccc(C(=O)c3ccc(Oc4ccc(-c5c6c(c(*)c7ccccc57)C(=O)N(c5ccccc5F)C6=O)cc4)cc3)cc2)cc1,282.0,,,,,,,,,
5428,P430504,*c1ccc(Oc2ccc(C(=O)c3ccc(Oc4ccc(-c5c6c(c(*)c7ccccc57)C(=O)N(c5ccccc5C(F)(F)F)C6=O)cc4)cc3)cc2)cc1,260.0,,,,,,,,,
5429,P430505,*c1ccc(Oc2ccc(C(=O)c3ccc(Oc4ccc(-c5c6c(c(*)c7ccccc57)C(=O)N(c5ccccc5-c5ccccc5)C6=O)cc4)cc3)cc2)cc1,245.0,,,,,,,,,
5430,P430506,*c1ccc(Oc2ccc(S(=O)(=O)c3ccc(Oc4ccc(-c5c6c(c(*)c7ccccc57)C(=O)N(C)C6=O)cc4)cc3)cc2)cc1,314.0,,,,,,,,,
5431,P430507,*c1ccc(Oc2ccc(S(=O)(=O)c3ccc(Oc4ccc(-c5c6c(c(*)c7ccccc57)C(=O)N(CCCCCCCCCCCC)C6=O)cc4)cc3)cc2)cc1,167.0,,,,,,,,,
5432,P430508,*c1ccc(Oc2ccc(S(=O)(=O)c3ccc(Oc4ccc(-c5c6c(c(*)c7ccccc57)C(=O)N(c5ccccc5)C6=O)cc4)cc3)cc2)cc1,310.0,,,,,,,,,
5433,P430509,*c1ccc(Oc2ccc(S(=O)(=O)c3ccc(Oc4ccc(-c5c6c(c(*)c7ccccc57)C(=O)N(c5ccc(Cl)cc5)C6=O)cc4)cc3)cc2)cc1,280.0,,,,,,,,,
5434,P430510,*c1ccc(Oc2ccc(S(=O)(=O)c3ccc(Oc4ccc(-c5c6c(c(*)c7ccccc57)C(=O)N(c5ccc(F)cc5)C6=O)cc4)cc3)cc2)cc1,300.0,,,,,,,,,
5435,P430511,*c1ccc(Oc2ccc(S(=O)(=O)c3ccc(Oc4ccc(-c5c6c(c(*)c7ccccc57)C(=O)N(c5cccc(C(F)(F)F)c5)C6=O)cc4)cc3)cc2)cc1,280.5,,,,,,,,,
5436,P430512,*c1ccc(Oc2ccc(S(=O)(=O)c3ccc(Oc4ccc(-c5c6c(c(*)c7ccccc57)C(=O)N(c5ccc(C(F)(F)F)cc5)C6=O)cc4)cc3)cc2)cc1,290.0,,,,,,,,,
5437,P430514,*c1ccc(Oc2ccc(S(=O)(=O)c3ccc(Oc4ccc(-c5c6c(c(*)c7ccccc57)C(=O)N(c5ccccc5C(F)(F)F)C6=O)cc4)cc3)cc2)cc1,290.0,,,,,,,,,
5438,P430515,*c1ccc(Oc2ccc(S(=O)(=O)c3ccc(Oc4ccc(-c5c6c(c(*)c7ccccc57)C(=O)N(c5ccccc5-c5ccccc5)C6=O)cc4)cc3)cc2)cc1,278.0,,,,,,,,,
5439,P430516,*c1ccc(Oc2ccc(C(=O)c3cccc(C(=O)c4ccc(Oc5ccc(-c6c7c(c(*)c8ccccc68)C(=O)N(C)C7=O)cc5)cc4)c3)cc2)cc1,251.0,,,,,,,,,
5440,P430517,*c1ccc(Oc2ccc(C(=O)c3cccc(C(=O)c4ccc(Oc5ccc(-c6c7c(c(*)c8ccccc68)C(=O)N(CCCCCCCCCCCC)C7=O)cc5)cc4)c3)cc2)cc1,140.0,,,,,,,,,
5441,P430518,*c1ccc(Oc2ccc(C(=O)c3cccc(C(=O)c4ccc(Oc5ccc(-c6c7c(c(*)c8ccccc68)C(=O)N(c6ccc(F)cc6)C7=O)cc5)cc4)c3)cc2)cc1,243.0,,,,,,,,,
5442,P432001,*c1ccc(-c2ccc(-n3c(=O)c4cc5c(=O)n(*)c(=O)c5cc4c3=O)cc2OC(F)(F)F)c(OC(F)(F)F)c1,384.0,,,,,,,,,
5443,P432005,*/C(C#N)=C(\C#N)n1c(=O)c2cc3c(=O)n(*)c(=O)c3cc2c1=O,210.0,,,,,,,,,
5444,P432006,*C1CCC(N2C(=O)c3ccc(-c4ccc5c(c4)C(=O)N(*)C5=O)cc3C2=O)CC1,360.0,,,,,,,,,
5445,P432007,*CC(c1ccccc1)C1C(=O)N(c2ccccc2)C(=O)C1*,221.0,,,,,,,,,
5446,P432009,*C1(C)CC(*)(C)C(=O)N(C)C1=O,170.0,,,,,,,,,
5447,P432010,*c1ccc2c(c1)C(=O)N(c1ccc(-c3ccc(N4C(=O)c5ccc(C(*)(C(F)(F)F)C(F)(F)F)cc5C4=O)c(O)c3)cc1O)C2=O,358.0,,,,,,,,,
5448,P432011,*c1cc(C(c2ccc(O)c(-n3c(=O)c4cc5c(=O)n(*)c(=O)c5cc4c3=O)c2)(C(F)(F)F)C(F)(F)F)ccc1O,350.0,,,,,,,,,
5449,P432021,*c1c(C)cc(-c2cc(C)c(-n3c(=O)c4cc5c(=O)n(*)c(=O)c5cc4c3=O)c(C)c2)cc1C,340.0,,,,,,,,,
5450,P432022,*c1c(C)cc(-c2cc(C)c(N3C(=O)c4ccc(-c5ccc6c(c5)C(=O)N(*)C6=O)cc4C3=O)c(C)c2)cc1C,285.0,,,,,,,,,
5451,P432023,*c1cc(C)c(-c2c(C)cc(-n3c(=O)c4cc5c(=O)n(*)c(=O)c5cc4c3=O)cc2C)c(C)c1,353.0,,,,,,,,,
5452,P432024,*c1cc(C)c(-c2c(C)cc(N3C(=O)c4ccc(-c5ccc6c(c5)C(=O)N(*)C6=O)cc4C3=O)cc2C)c(C)c1,280.0,,,,,,,,,
5453,P432025,*c1ccc2c(c1)C(=O)N(c1cc(C)c(-c3c(C)cc(N4C(=O)c5ccc(C(*)(C(F)(F)F)C(F)(F)F)cc5C4=O)cc3C)c(C)c1)C2=O,346.0,,,,,,,,,
5454,P432029,*c1ccc2c(c1)C(=O)N(c1ccc(C(c3ccc(C)c(N4C(=O)c5ccc(C(*)(C(F)(F)F)C(F)(F)F)cc5C4=O)c3)(C(F)(F)F)C(F)(F)F)cc1C)C2=O,266.0,,,,,,,,,
5455,P432031,*c1ccc(C2(c3ccc(N4C(=O)C(c5ccccc5)=C(c5ccc(C6=C(c7ccccc7)C(=O)N(*)C6=O)cc5)C4=O)cc3)c3ccccc3-c3ccccc32)cc1,340.0,,,,,,,,,
5456,P432033,*C1C(=O)N(C(C)CC)C(=O)C1*,205.0,,,,,,,,,
5457,P432034,*c1ccc(-n2c(=O)c3cc4c(=O)n(*)c(=O)c4cc3c2=O)c(S(=O)(=O)O[Na])c1,227.0,,,,,,,,,
5458,P432035,*c1ccc(/C=C/c2ccc(-n3c(=O)c4cc5c(=O)n(*)c(=O)c5cc4c3=O)cc2S(=O)(=O)O[Na])c(S(=O)(=O)O[Na])c1,228.0,,,,,,,,,
5459,P432037,*CCCCCCN1C(=O)c2ccc(-c3ccc(-c4ccc5c(c4)C(=O)N(*)C5=O)cc3)cc2C1=O,141.0,,,,,,,,,
5460,P432038,*CCCCCCCN1C(=O)c2ccc(-c3ccc(-c4ccc5c(c4)C(=O)N(*)C5=O)cc3)cc2C1=O,135.0,,,,,,,,,
5461,P432039,*CCCCCCCCN1C(=O)c2ccc(-c3ccc(-c4ccc5c(c4)C(=O)N(*)C5=O)cc3)cc2C1=O,120.0,,,,,,,,,
5462,P432040,*CCCCCCCCCN1C(=O)c2ccc(-c3ccc(-c4ccc5c(c4)C(=O)N(*)C5=O)cc3)cc2C1=O,104.0,,,,,,,,,
5463,P432041,*CCCCCCCCCCN1C(=O)c2ccc(-c3ccc(-c4ccc5c(c4)C(=O)N(*)C5=O)cc3)cc2C1=O,103.0,,,,,,,,,
5464,P432042,*CCCCCCCCCCCN1C(=O)c2ccc(-c3ccc(-c4ccc5c(c4)C(=O)N(*)C5=O)cc3)cc2C1=O,89.0,,,,,,,,,
5465,P432043,*CCCCCCCCCCCCN1C(=O)c2ccc(-c3ccc(-c4ccc5c(c4)C(=O)N(*)C5=O)cc3)cc2C1=O,86.0,,,,,,,,,
5466,P432044,*CC(c1ccccc1)C1C(=O)N(c2ccc(NC(=O)OCC3CCCN3c3ccc([N+](=O)[O-])cc3)cc2)C(=O)C1*,208.0,,,,,,,,,
5467,P432048,*c1ccc(-c2ccc(N3C(=O)c4ccc(Oc5ccc(Oc6ccc7c(c6)C(=O)N(*)C7=O)cc5)cc4C3=O)cc2)cc1,266.0,,,,,,,,,
5468,P432049,*c1ccc(-c2ccc(N3C(=O)c4ccc(Oc5ccc(Oc6ccc7c(c6)C(=O)N(*)C7=O)cc5)cc4C3=O)c(OC)c2)cc1OC,274.0,,,,,,,,,
5469,P432050,*c1ccc(C(=O)c2ccc(N3C(=O)c4ccc(Oc5ccc(Oc6ccc7c(c6)C(=O)N(*)C7=O)cc5)cc4C3=O)cc2)cc1,268.0,,,,,,,,,
5470,P432051,*c1ccc(Cc2ccc(N3C(=O)c4ccc(Oc5ccc(Oc6ccc7c(c6)C(=O)N(*)C7=O)cc5)cc4C3=O)cc2)cc1,259.0,,,,,,,,,
5471,P432052,*c1ccc(S(=O)(=O)c2ccc(N3C(=O)c4ccc(Oc5ccc(Oc6ccc7c(c6)C(=O)N(*)C7=O)cc5)cc4C3=O)cc2)cc1,283.0,,,,,,,,,
5472,P432053,*c1ccc(C(C)(C)c2ccc(N3C(=O)c4ccc(Oc5ccc(Oc6ccc7c(c6)C(=O)N(*)C7=O)cc5)cc4C3=O)cc2)cc1,264.0,,,,,,,,,
5473,P432054,*c1ccc(Cc2ccc(N3C(=O)c4ccc(Oc5ccc(Oc6ccc7c(c6)C(=O)N(*)C7=O)cc5)cc4C3=O)c(OC)c2)cc1OC,269.0,,,,,,,,,
5474,P432056,*c1ccc(-c2ccc(N3C(=O)c4ccc(Oc5ccc6c(c5)C(=O)N(*)C6=O)cc4C3=O)cc2C(F)(F)F)c(C(F)(F)F)c1,275.0,,,,,,,,,
5475,P432060,*c1cccc(Oc2cccc(-n3c(=O)c4cc5c(=O)n(*)c(=O)c5cc4c3=O)c2)c1,283.5,,,,,,,,,
5476,P432061,*c1cccc(Oc2ccc(C(c3ccc(Oc4cccc(-n5c(=O)c6cc7c(=O)n(*)c(=O)c7cc6c5=O)c4)cc3)(C(F)(F)F)C(F)(F)F)cc2)c1,235.0,,,,,,,,,
5477,P432062,*c1ccc2c(c1)C(=O)N(c1cccc(Oc3ccc(C(c4ccc(Oc5cccc(N6C(=O)c7ccc(C(*)(C(F)(F)F)C(F)(F)F)cc7C6=O)c5)cc4)(C(F)(F)F)C(F)(F)F)cc3)c1)C2=O,224.0,,,,,,,,,
5478,P432065,*CCCCCCOC(=O)CCCCCCCCCCCCCCCCCCC(=O)OCCCCCCN1C(=O)c2ccc(S(=O)(=O)c3ccc4c(c3)C(=O)N(*)C4=O)cc2C1=O,19.0,,,,,,,,,
5479,P432066,*c1ccc2c(c1)C(=O)N(c1ccc(Oc3ccc(-c4ccc(Oc5ccc(N6C(=O)c7ccc(C(*)(C(F)(F)F)C(F)(F)F)cc7C6=O)cc5)cc4)cc3)cc1)C2=O,288.0,,,,,,,,,
5480,P432067,*c1ccc(C2(c3ccc(N4C(=O)c5ccc(S(=O)(=O)c6ccc7c(c6)C(=O)N(*)C7=O)cc5C4=O)cc3)c3ccccc3-c3ccccc32)cc1,392.0,,,,,,,,,
5481,P432068,*c1ccc(Oc2ccc(Oc3ccc(N4C(=O)C(c5ccccc5)=C(c5ccc(C6=C(c7ccccc7)C(=O)N(*)C6=O)cc5)C4=O)cc3)cc2)cc1,267.0,,,,,,,,,
5482,P432069,*c1ccc(Oc2ccc(-c3ccc(Oc4ccc(N5C(=O)C(c6ccccc6)=C(c6ccc(C7=C(c8ccccc8)C(=O)N(*)C7=O)cc6)C5=O)cc4)cc3)cc2)cc1,282.0,,,,,,,,,
5483,P432070,*c1ccc(Oc2ccc(N3C(=O)C(c4ccccc4)=C(c4ccc(C5=C(c6ccccc6)C(=O)N(*)C5=O)cc4)C3=O)cc2)cc1,293.0,,,,,,,,,
5484,P432071,*c1ccc2c(c1)C(=O)N(c1ccc(OCCCCOc3ccc(N4C(=O)c5ccc(C(*)(C(F)(F)F)C(F)(F)F)cc5C4=O)cc3)cc1)C2=O,169.0,,,,,,,,,
5485,P432072,*c1ccc2c(c1)C(=O)N(c1ccc(OCCCCCCOc3ccc(N4C(=O)c5ccc(C(*)(C(F)(F)F)C(F)(F)F)cc5C4=O)cc3)cc1)C2=O,167.0,,,,,,,,,
5486,P432073,*c1ccc2c(c1)C(=O)N(c1ccc(OCCCCCCCCCCOc3ccc(N4C(=O)c5ccc(C(*)(C(F)(F)F)C(F)(F)F)cc5C4=O)cc3)cc1)C2=O,143.0,,,,,,,,,
5487,P432079,*CCCCCC(=O)Oc1ccc(OC(=O)CCCCCn2c(=O)c3cc4c(=O)n(*)c(=O)c4cc3c2=O)c(C)c1,78.0,,,,,,,,,
5488,P432080,*CCCCCC(=O)Oc1ccc(OC(=O)CCCCCn2c(=O)c3cc4c(=O)n(*)c(=O)c4cc3c2=O)c(Cl)c1,87.0,,,,,,,,,
5489,P432081,*CCCCCC(=O)Oc1ccc(OC(=O)CCCCCn2c(=O)c3cc4c(=O)n(*)c(=O)c4cc3c2=O)c(-c2ccccc2)c1,82.0,,,,,,,,,
5490,P432082,*CCCCCC(=O)Oc1ccc(Oc2ccc(OC(=O)CCCCCn3c(=O)c4cc5c(=O)n(*)c(=O)c5cc4c3=O)cc2)cc1,91.0,,,,,,,,,
5491,P432083,*CCCCCC(=O)Oc1ccc2ccc(OC(=O)CCCCCn3c(=O)c4cc5c(=O)n(*)c(=O)c5cc4c3=O)cc2c1,98.0,,,,,,,,,
5492,P432085,*CCCCCCCCCCC(=O)Oc1ccc2cc(OC(=O)CCCCCCCCCCn3c(=O)c4cc5c(=O)n(*)c(=O)c5cc4c3=O)ccc2c1,66.0,,,,,,,,,
5493,P432086,*CCCCCCCCCCCC(=O)Oc1ccc2cc(OC(=O)CCCCCCCCCCCn3c(=O)c4cc5c(=O)n(*)c(=O)c5cc4c3=O)ccc2c1,62.0,,,,,,,,,
5494,P432091,*c1ccc(Oc2ccc(N3C(=O)c4ccc(Sc5ccc6c(c5)C(=O)N(*)C6=O)cc4C3=O)cc2)cc1,258.0,,,,,,,,,
5495,P432092,*c1ccc(Oc2ccc(N3C(=O)c4ccc(S(=O)(=O)c5ccc6c(c5)C(=O)N(*)C6=O)cc4C3=O)cc2)cc1,283.5,,,,,,,,,
5496,P432093,*c1ccc(Oc2ccc(N3C(=O)c4ccc([Si](C)(C)c5ccc6c(c5)C(=O)N(*)C6=O)cc4C3=O)cc2)cc1,274.0,,,,,,,,,
5497,P432094,*c1ccc(Cc2ccc(N3C(=O)c4ccc(Sc5ccc6c(c5)C(=O)N(*)C6=O)cc4C3=O)cc2)cc1,265.0,,,,,,,,,
5498,P432095,*c1ccc(Cc2ccc(N3C(=O)c4ccc(S(=O)(=O)c5ccc6c(c5)C(=O)N(*)C6=O)cc4C3=O)cc2)cc1,319.0,,,,,,,,,
5499,P432096,*c1ccc(Cc2ccc(N3C(=O)c4ccc(Oc5ccc(C(C)(C)c6ccc(Oc7ccc8c(c7)C(=O)N(*)C8=O)cc6)cc5)cc4C3=O)cc2)cc1,217.0,,,,,,,,,
5500,P432097,*c1ccc2c(c1)C(=O)N(c1ccc(Oc3ccc(C(C)(C)c4ccc(Oc5ccc(N6C(=O)c7ccc(C(*)(C(F)(F)F)C(F)(F)F)cc7C6=O)cc5)cc4)cc3)cc1)C2=O,244.4,,,,,,,,,
5501,P432098,*c1ccc2c(c1)C(=O)N(c1ccc(Oc3ccc(S(=O)(=O)c4ccc(Oc5ccc(N6C(=O)c7ccc(C(*)(C(F)(F)F)C(F)(F)F)cc7C6=O)cc5)cc4)cc3)cc1)C2=O,276.5,,,,,,,,,
5502,P432099,*c1ccc2c(c1)C(=O)N(c1cccc(Oc3ccc(S(=O)(=O)c4ccc(Oc5cccc(N6C(=O)c7ccc(C(*)(C(F)(F)F)C(F)(F)F)cc7C6=O)c5)cc4)cc3)c1)C2=O,209.5,,,,,,,,,
5503,P432100,*c1ccc(C(C)(C)c2ccc(N3C(=O)c4ccc(Oc5ccc6c(c5)C(=O)N(*)C6=O)cc4C3=O)cc2)cc1,265.0,,,,,,,,,
5504,P432101,*c1ccc(Oc2ccc(S(=O)(=O)c3ccc(Oc4ccc(N5C(=O)c6ccc(S(=O)(=O)c7ccc8c(c7)C(=O)N(*)C8=O)cc6C5=O)cc4)cc3)cc2)cc1,274.0,,,,,,,,,
5505,P432102,*c1cccc(N2C(=O)c3ccc(Oc4ccc5c(c4)C4(CC(C)(C)c6ccc(Oc7ccc8c(c7)C(=O)N(*)C8=O)cc64)CC5(C)C)cc3C2=O)c1,253.0,,,,,,,,,
5506,P432104,*c1cccc(OP(=O)(Oc2cccc(-n3c(=O)c4cc5c(=O)n(*)c(=O)c5cc4c3=O)c2)c2ccccc2)c1,191.0,,,,,,,,,
5507,P432105,*C(=O)c1ccc2c(c1)C(=O)N(c1cccc(OP(=O)(Oc3cccc(N4C(=O)c5ccc(*)cc5C4=O)c3)c3ccccc3)c1)C2=O,176.5,,,,,,,,,
5508,P432106,*C(=O)Nc1ccc(Oc2ccc(NC(=O)c3ccc4c(c3)C(=O)N(c3ccc(-c5sc(-c6ccc(N7C(=O)c8ccc(*)cc8C7=O)cc6)c(-c6ccccc6)c5-c5ccccc5)cc3)C4=O)cc2)cc1,320.0,,,,,,,,,
5509,P432107,*C(=O)Nc1ccc(Oc2cccc(NC(=O)c3ccc4c(c3)C(=O)N(c3ccc(-c5sc(-c6ccc(N7C(=O)c8ccc(*)cc8C7=O)cc6)c(-c6ccccc6)c5-c5ccccc5)cc3)C4=O)c2)cc1,315.0,,,,,,,,,
5510,P432108,*C(=O)Nc1ccc(Cc2ccc(NC(=O)c3ccc4c(c3)C(=O)N(c3ccc(-c5sc(-c6ccc(N7C(=O)c8ccc(*)cc8C7=O)cc6)c(-c6ccccc6)c5-c5ccccc5)cc3)C4=O)cc2)cc1,253.0,,,,,,,,,
5511,P432110,*C(=O)Nc1cccc(C(=O)c2cccc(NC(=O)c3ccc4c(c3)C(=O)N(c3ccc(-c5sc(-c6ccc(N7C(=O)c8ccc(*)cc8C7=O)cc6)c(-c6ccccc6)c5-c5ccccc5)cc3)C4=O)c2)c1,308.0,,,,,,,,,
5512,P432111,*C(=O)Nc1ccc(S(=O)(=O)c2ccc(NC(=O)c3ccc4c(c3)C(=O)N(c3ccc(-c5sc(-c6ccc(N7C(=O)c8ccc(*)cc8C7=O)cc6)c(-c6ccccc6)c5-c5ccccc5)cc3)C4=O)cc2)cc1,340.0,,,,,,,,,
5513,P432112,*C(=O)Nc1cccc(S(=O)(=O)c2cccc(NC(=O)c3ccc4c(c3)C(=O)N(c3ccc(-c5sc(-c6ccc(N7C(=O)c8ccc(*)cc8C7=O)cc6)c(-c6ccccc6)c5-c5ccccc5)cc3)C4=O)c2)c1,320.0,,,,,,,,,
5514,P432113,*C(=O)Nc1ccc(NC(=O)c2ccc3c(c2)C(=O)N(c2ccc(-c4sc(-c5ccc(N6C(=O)c7ccc(*)cc7C6=O)cc5)c(-c5ccccc5)c4-c4ccccc4)cc2)C3=O)cc1,333.0,,,,,,,,,
5515,P432114,*C(=O)Nc1cccc(NC(=O)c2ccc3c(c2)C(=O)N(c2ccc(-c4sc(-c5ccc(N6C(=O)c7ccc(*)cc7C6=O)cc5)c(-c5ccccc5)c4-c4ccccc4)cc2)C3=O)c1,334.0,,,,,,,,,
5516,P432115,*C(=O)Nc1ccc(Oc2ccc(Oc3ccc(NC(=O)c4ccc5c(c4)C(=O)N(c4ccc(-c6sc(-c7ccc(N8C(=O)c9ccc(*)cc9C8=O)cc7)c(-c7ccccc7)c6-c6ccccc6)cc4)C5=O)cc3)cc2)cc1,303.0,,,,,,,,,
5517,P432116,*C(=O)Nc1ccc(Oc2ccc(C(C)(C)c3ccc(Oc4ccc(NC(=O)c5ccc6c(c5)C(=O)N(c5ccc(-c7sc(-c8ccc(N9C(=O)c%10ccc(*)cc%10C9=O)cc8)c(-c8ccccc8)c7-c7ccccc7)cc5)C6=O)cc4)cc3)cc2)cc1,287.0,,,,,,,,,
5518,P432117,*C(=O)Nc1ccc(-c2sc(-c3ccc(NC(=O)c4ccc5c(c4)C(=O)N(c4ccc(-c6sc(-c7ccc(N8C(=O)c9ccc(*)cc9C8=O)cc7)c(-c7ccccc7)c6-c6ccccc6)cc4)C5=O)cc3)c(-c3ccccc3)c2-c2ccccc2)cc1,338.0,,,,,,,,,
5519,P432118,*CCCCCCOC(=O)OCCCCCCOC(=O)OCCCCCCn1c(=O)c2cc3c(=O)n(*)c(=O)c3cc2c1=O,17.0,,,,,,,,,
5520,P432119,*CCCCCCOC(=O)OCCCCCCCCOC(=O)OCCCCCCn1c(=O)c2cc3c(=O)n(*)c(=O)c3cc2c1=O,8.0,,,,,,,,,
5521,P432120,*CCCCCCOC(=O)OCCCCCCCCCCOC(=O)OCCCCCCn1c(=O)c2cc3c(=O)n(*)c(=O)c3cc2c1=O,-2.0,,,,,,,,,
5522,P432121,*CCCCCCOC(=O)OCCCCCCCCCCCCOC(=O)OCCCCCCn1c(=O)c2cc3c(=O)n(*)c(=O)c3cc2c1=O,-9.0,,,,,,,,,
5523,P432127,*c1ccc(-c2ccc(N3C(=O)c4ccc(S(=O)(=O)c5ccc6c(c5)C(=O)N(*)C6=O)cc4C3=O)cc2C(F)(F)F)c(C(F)(F)F)c1,320.0,,,,,,,,,
5524,P432128,*c1c(C)cc(-c2cc(C)c(N3C(=O)c4ccc(S(=O)(=O)c5ccc6c(c5)C(=O)N(*)C6=O)cc4C3=O)c(C)c2)cc1C,290.0,,,,,,,,,
5525,P432129,*C(=O)c1ccc2c(c1)C(=O)N(c1c(C)cc(-c3cc(C)c(N4C(=O)c5ccc(*)cc5C4=O)c(C)c3)cc1C)C2=O,310.0,,,,,,,,,
5526,P432130,*C(=O)c1ccc2c(c1)C(=O)N(c1ccc(Cl)c(N3C(=O)c4ccc(*)cc4C3=O)c1)C2=O,305.0,,,,,,,,,
5527,P432131,*C(=O)c1ccc2c(c1)C(=O)N(c1cc(N3C(=O)c4ccc(*)cc4C3=O)c(C)cc1C)C2=O,305.0,,,,,,,,,
5528,P432132,*c1ccc(S(=O)(=O)c2ccc(N3C(=O)c4ccc(Oc5ccc6c(c5)C(=O)N(*)C6=O)cc4C3=O)cc2)cc1,262.0,,,,,,,,,
5529,P432138,*c1ccc(Oc2ccc(NC(=O)c3cccc(C(=O)Nc4ccc(Oc5ccc(-n6c(=O)c7cc8c(=O)n(*)c(=O)c8cc7c6=O)cc5)cc4)c3)cc2)cc1,282.0,,,,,,,,,
5530,P432139,*c1ccc(S(=O)(=O)c2ccc(NC(=O)c3cccc(C(=O)Nc4ccc(S(=O)(=O)c5ccc(-n6c(=O)c7cc8c(=O)n(*)c(=O)c8cc7c6=O)cc5)cc4)c3)cc2)cc1,286.0,,,,,,,,,
5531,P432140,*c1ccc2c(c1)C(=O)N(c1ccc(Oc3ccc(N4C(=O)c5ccc(C(*)O[Si](C)(C)C)cc5C4=O)cc3)cc1)C2=O,210.0,,,,,,,,,
5532,P432141,*c1ccc2c(c1)C(=O)N(c1ccc(Oc3ccc(N4C(=O)c5ccc(C(*)O[Si](C)(C)O[Si](C)(C)O[Si](C)(C)C)cc5C4=O)cc3)cc1)C2=O,167.0,,,,,,,,,
5533,P432142,*C(=O)c1ccc2c(c1)C(=O)N(c1cccc(C(O[Si](C)(C)O[Si](C)(C)O[Si](C)(C)C)c3cccc(N4C(=O)c5ccc(*)cc5C4=O)c3)c1)C2=O,235.0,,,,,,,,,
5534,P432143,*c1ccc2c(c1)C(=O)N(c1cccc(C(O)c3cccc(N4C(=O)c5ccc(C(*)(C(F)(F)F)C(F)(F)F)cc5C4=O)c3)c1)C2=O,262.0,,,,,,,,,
5535,P432145,*c1cccc(C(O)c2cccc(N3C(=O)c4ccc(Oc5ccc6c(c5)C(=O)N(*)C6=O)cc4C3=O)c2)c1,252.0,,,,,,,,,
5536,P432146,*c1cccc(C(O[Si](C)(C)O[Si](C)(C)O[Si](C)(C)C)c2cccc(N3C(=O)c4ccc(Oc5ccc6c(c5)C(=O)N(*)C6=O)cc4C3=O)c2)c1,219.0,,,,,,,,,
5537,P432148,*CCCOC(=O)OCCCCCCOC(=O)OCCCn1c(=O)c2cc3c(=O)n(*)c(=O)c3cc2c1=O,36.0,,,,,,,,,
5538,P432149,*CCCCOC(=O)OCCCCCCOC(=O)OCCCCn1c(=O)c2cc3c(=O)n(*)c(=O)c3cc2c1=O,37.0,,,,,,,,,
5539,P432151,*/C(C#N)=C(\C#N)N1C(=O)c2ccc(C(=O)c3ccc(-c4ccc5c(c4)C(=O)N(*)C5=O)cc3)cc2C1=O,249.0,,,,,,,,,
5540,P432152,*CCOCCOCCN1C(=O)c2ccc(C(=O)Oc3ccc(OC(=O)c4ccc5c(c4)C(=O)N(*)C5=O)cc3)cc2C1=O,105.0,,,,,,,,,
5541,P432153,*CCOCCOCCN1C(=O)c2ccc(C(=O)Oc3ccc4cc(OC(=O)c5ccc6c(c5)C(=O)N(*)C6=O)ccc4c3)cc2C1=O,105.0,,,,,,,,,
5542,P432154,*CCOCCOCCN1C(=O)c2ccc(C(=O)Oc3ccc(-c4ccc(OC(=O)c5ccc6c(c5)C(=O)N(*)C6=O)cc4)cc3)cc2C1=O,109.0,,,,,,,,,
5543,P432155,*CCOCCOCCN1C(=O)c2ccc(C(=O)Oc3ccc(C(C)(C)c4ccc(OC(=O)c5ccc6c(c5)C(=O)N(*)C6=O)cc4)cc3)cc2C1=O,118.0,,,,,,,,,
5544,P432156,*CCOCCOCCN1C(=O)c2ccc(C(=O)Oc3ccc(OC(=O)c4ccc5c(c4)C(=O)N(*)C5=O)c(-c4ccccc4)c3)cc2C1=O,105.0,,,,,,,,,
5545,P432157,*CCCOCCCCOCCCN1C(=O)c2ccc(C(=O)Oc3ccc(OC(=O)c4ccc5c(c4)C(=O)N(*)C5=O)cc3)cc2C1=O,56.0,,,,,,,,,
5546,P432158,*CCCOCCCCOCCCN1C(=O)c2ccc(C(=O)Oc3ccc4cc(OC(=O)c5ccc6c(c5)C(=O)N(*)C6=O)ccc4c3)cc2C1=O,68.0,,,,,,,,,
5547,P432159,*CCCOCCCCOCCCN1C(=O)c2ccc(C(=O)Oc3ccc(-c4ccc(OC(=O)c5ccc6c(c5)C(=O)N(*)C6=O)cc4)cc3)cc2C1=O,70.0,,,,,,,,,
5548,P432160,*CCCOCCCCOCCCN1C(=O)c2ccc(C(=O)Oc3ccc(C(C)(C)c4ccc(OC(=O)c5ccc6c(c5)C(=O)N(*)C6=O)cc4)cc3)cc2C1=O,60.0,,,,,,,,,
5549,P432161,*CCCOCCCCOCCCN1C(=O)c2ccc(C(=O)Oc3ccc(OC(=O)c4ccc5c(c4)C(=O)N(*)C5=O)c(-c4ccccc4)c3)cc2C1=O,71.0,,,,,,,,,
5550,P432162,*C(=O)c1ccc2c(c1)C(=O)N(c1ccc(Cc3ccc(Cc4ccc(Cc5ccc(N6C(=O)c7ccc(*)cc7C6=O)cc5)cc4)cc3)cc1)C2=O,302.0,,,,,,,,,
5551,P432163,*C(=O)c1ccc2c(c1)C(=O)N(c1ccc(Cc3ccc(Cc4ccc(N5C(=O)c6ccc(*)cc6C5=O)cc4)cc3)cc1)C2=O,347.0,,,,,,,,,
5552,P432164,*C(=O)c1ccc2c(c1)C(=O)N(c1ccc(Cc3ccc(Cc4cccc(N5C(=O)c6ccc(*)cc6C5=O)c4)cc3)cc1)C2=O,317.0,,,,,,,,,
5553,P432165,*c1ccc(Cc2ccc(N3C(=O)C(Cl)=C(Oc4ccc(C(c5ccc(OC6=C(Cl)C(=O)N(*)C6=O)cc5)(C(F)(F)F)C(F)(F)F)cc4)C3=O)cc2)cc1,189.0,,,,,,,,,
5554,P432166,*c1ccc(Oc2ccc(N3C(=O)C(Cl)=C(Oc4ccc(C(c5ccc(OC6=C(Cl)C(=O)N(*)C6=O)cc5)(C(F)(F)F)C(F)(F)F)cc4)C3=O)cc2)cc1,193.0,,,,,,,,,
5555,P432167,*c1ccc(Cc2ccc(N3C(=O)C(Cl)=C(Oc4ccc(C(C)(C)c5ccc(OC6=C(Cl)C(=O)N(*)C6=O)cc5)cc4)C3=O)cc2)cc1,172.0,,,,,,,,,
5556,P432168,*c1ccc(Oc2ccc(N3C(=O)C(Cl)=C(Oc4ccc(C(C)(C)c5ccc(OC6=C(Cl)C(=O)N(*)C6=O)cc5)cc4)C3=O)cc2)cc1,175.0,,,,,,,,,
5557,P432169,*C(=O)c1ccc2c(c1)C(=O)N(c1ccc(/C=C/c3ccc(N4C(=O)c5ccc(*)cc5C4=O)cc3S(=O)(=O)O[Na])c(S(=O)(=O)O[Na])c1)C2=O,229.0,,,,,,,,,
5558,P432170,*C(=O)c1ccc2c(c1)C(=O)N(c1ccc(N3C(=O)c4ccc(*)cc4C3=O)c(S(=O)(=O)O[Na])c1)C2=O,214.0,,,,,,,,,
5559,P432171,*C(=O)Nc1ccc(Oc2ccc(C(C)(C)c3cccc(C(C)(C)c4ccc(Oc5ccc(N6C(=O)c7ccc(*)cc7C6=O)cc5)cc4)c3)cc2)cc1,177.0,,,,,,,,,
5560,P432172,*CCCCCCOC(=O)c1cc(OCCCCCCOc2ccc(/N=N/c3ccc(C#N)cc3)cc2)cc(C(=O)OCCCCCCn2c(=O)c3cc4c(=O)n(*)c(=O)c4cc3c2=O)c1,46.0,,,,,,,,,
5561,P432173,*CCCCCCOC(=O)c1cc(OCCCCCCOc2ccc(/N=N/c3ccc(C#N)cc3)cc2)cc(C(=O)OCCCCCCN2C(=O)c3ccc(-c4ccc5c(c4)C(=O)N(*)C5=O)cc3C2=O)c1,93.0,,,,,,,,,
5562,P432174,*CCCCCCOC(=O)c1cc(OCCCCCCOc2ccc(/N=N/c3ccc(C#N)cc3)cc2)cc(C(=O)OCCCCCCN2C(=O)c3ccc(-c4ccc(-c5ccc6c(c5)C(=O)N(*)C6=O)cc4)cc3C2=O)c1,67.0,,,,,,,,,
5563,P432176,*CCCCCCOC(=O)c1cc(OCCCCCCOc2ccc(/N=N/c3ccc(C#N)cc3)cc2)cc(C(=O)OCCCCCCN2C(=O)c3ccc(Oc4ccc5c(c4)C(=O)N(*)C5=O)cc3C2=O)c1,61.0,,,,,,,,,
5564,P432177,*c1ccc(C)c(N2C(=O)c3ccc(S(=O)(=O)c4ccc5c(c4)C(=O)N(*)C5=O)cc3C2=O)c1,348.0,,,,,,,,,
5565,P432178,*C(=O)Nc1ccc(Oc2ccc(Oc3ccc(N4C(=O)c5ccc(*)cc5C4=O)cc3)cc2)cc1,250.0,,,,,,,,,
5566,P432179,*c1ccc(Oc2ccc(NC(=O)c3ccc(Oc4ccc5c(c4)C(=O)N(*)C5=O)cc3)cc2)cc1,262.0,,,,,,,,,
5567,P432180,*c1ccc(Cc2ccc(NC(=O)c3ccc(Oc4ccc5c(c4)C(=O)N(*)C5=O)cc3)cc2)cc1,250.0,,,,,,,,,
5568,P432181,*c1ccc(Oc2ccc(Oc3ccc(NC(=O)c4ccc(Oc5ccc6c(c5)C(=O)N(*)C6=O)cc4)cc3)cc2)cc1,242.0,,,,,,,,,
5569,P432182,*c1ccc(Oc2ccc(NC(=O)c3ccc(Oc4cccc5c4C(=O)N(*)C5=O)cc3)cc2)cc1,253.0,,,,,,,,,
5570,P432183,*c1ccc(Cc2ccc(NC(=O)c3ccc(Oc4cccc5c4C(=O)N(*)C5=O)cc3)cc2)cc1,258.0,,,,,,,,,
5571,P432184,*c1ccc(Oc2ccc(Oc3ccc(NC(=O)c4ccc(Oc5cccc6c5C(=O)N(*)C6=O)cc4)cc3)cc2)cc1,244.0,,,,,,,,,
5572,P432185,*c1ccc(Oc2ccc(NC(=O)c3cccc(Oc4ccc5c(c4)C(=O)N(*)C5=O)c3)cc2)cc1,231.0,,,,,,,,,
5573,P432186,*c1ccc(Cc2ccc(NC(=O)c3cccc(Oc4ccc5c(c4)C(=O)N(*)C5=O)c3)cc2)cc1,243.0,,,,,,,,,
5574,P432187,*c1ccc(Oc2ccc(Oc3ccc(NC(=O)c4cccc(Oc5ccc6c(c5)C(=O)N(*)C6=O)c4)cc3)cc2)cc1,213.0,,,,,,,,,
5575,P432188,*C(=O)Nc1ccc(C(c2ccc(NC(=O)c3ccc(N4C(=O)c5ccc(*)cc5C4=O)cc3C)cc2)(C(F)(F)F)C(F)(F)F)cc1,355.0,,,,,,,,,
5576,P432189,*c1ccc2c(c1)C(=O)N(c1cccc(C(=O)Nc3ccc(C(c4ccc(NC(=O)c5cccc(N6C(=O)c7ccc(C(*)(C(F)(F)F)C(F)(F)F)cc7C6=O)c5)cc4)(C(F)(F)F)C(F)(F)F)cc3)c1)C2=O,273.5,,,,,,,,,
5577,P432190,*c1ccc2c(c1)C(=O)N(c1cc(C(=O)Nc3ccc(C(c4ccc(NC(=O)c5ccc(C)c(N6C(=O)c7ccc(C(*)(C(F)(F)F)C(F)(F)F)cc7C6=O)c5)cc4)(C(F)(F)F)C(F)(F)F)cc3)ccc1C)C2=O,293.5,,,,,,,,,
5578,P432191,*c1ccc2c(c1)C(=O)N(c1cc(C(=O)Nc3c(C)cc(-c4cc(C)c(NC(=O)c5ccc(C)c(N6C(=O)c7ccc(C(*)(C(F)(F)F)C(F)(F)F)cc7C6=O)c5)c(C)c4)cc3C)ccc1C)C2=O,250.0,,,,,,,,,
5579,P432192,*c1ccc2c(c1)C(=O)N(c1cc(C(=O)Nc3cccc4c(NC(=O)c5ccc(C)c(N6C(=O)c7ccc(C(*)(C(F)(F)F)C(F)(F)F)cc7C6=O)c5)cccc34)ccc1C)C2=O,250.0,,,,,,,,,
5580,P432193,*c1ccc2c(c1)C(=O)N(c1cccc(C(=O)Nc3ccc(C(c4ccc(NC(=O)c5cccc(N6C(=O)c7ccc(C(*)(C(F)(F)F)C(F)(F)F)cc7C6=O)c5C)cc4)(C(F)(F)F)C(F)(F)F)cc3)c1C)C2=O,250.0,,,,,,,,,
5581,P432194,*C(=O)Nc1ccc(C(c2ccc(NC(=O)c3ccc4c(c3)C(=O)N(c3c(C)cc(C)c(N5C(=O)c6ccc(*)cc6C5=O)c3C)C4=O)cc2)(C(F)(F)F)C(F)(F)F)cc1,250.0,,,,,,,,,
5582,P432195,*C(=O)Nc1ccc(C(c2ccc(NC(=O)c3ccc4c(c3)C(=O)N(c3ccc(-c5ccc(N6C(=O)c7ccc(*)cc7C6=O)c(OC)c5)cc3OC)C4=O)cc2)(C(F)(F)F)C(F)(F)F)cc1,250.0,,,,,,,,,
5583,P432196,*C(=O)Nc1ccc(C(c2ccc(NC(=O)c3ccc4c(c3)C(=O)N(c3c(C)cc(-c5cc(C)c(N6C(=O)c7ccc(*)cc7C6=O)c(C)c5)cc3C)C4=O)cc2)(C(F)(F)F)C(F)(F)F)cc1,318.0,,,,,,,,,
5584,P432197,*C(=O)Nc1ccc(C(c2ccc(NC(=O)c3ccc4c(c3)C(=O)N(c3c(C)cc(-c5cc(C)c(N6C(=O)c7ccc(*)cc7C6=O)c6ccccc56)c5ccccc35)C4=O)cc2)(C(F)(F)F)C(F)(F)F)cc1,250.0,,,,,,,,,
5585,P432198,*C(=O)Nc1ccc(C(c2ccc(NC(=O)c3ccc4c(c3)C(=O)N(c3cccc5c(N6C(=O)c7ccc(*)cc7C6=O)cccc35)C4=O)cc2)(C(F)(F)F)C(F)(F)F)cc1,250.0,,,,,,,,,
5586,P432199,*C(=O)Nc1cc(C(c2cc(C)c(C)c(NC(=O)c3ccc4c(c3)C(=O)N(c3cccc5c(N6C(=O)c7ccc(*)cc7C6=O)cccc35)C4=O)c2)(C(F)(F)F)C(F)(F)F)cc(C)c1C,250.0,,,,,,,,,
5587,P432201,*C(=O)NCCN(CCNC(=O)c1ccc2c(c1)C(=O)N(c1ccc(Oc3ccc(N4C(=O)c5ccc(*)cc5C4=O)cc3)cc1)C2=O)c1ccc(/C=C/c2ccc([N+](=O)[O-])cc2)cc1,224.0,,,,,,,,,
5588,P432202,*C(=O)NCCN(CCNC(=O)c1cccc(N2C(=O)c3ccc(*)cc3C2=O)c1)c1ccc(/C=C/c2ccc([N+](=O)[O-])cc2)cc1,178.0,,,,,,,,,
5589,P432203,*c1ccc(N2C(=O)c3ccc(Oc4ccc(Oc5ccc(P(=O)(c6ccccc6)c6ccc(Oc7ccc(Oc8ccc9c(c8)C(=O)N(*)C9=O)cc7)cc6)cc5)cc4)cc3C2=O)cc1,220.0,,,,,,,,,
5590,P432204,*c1ccc2c(c1)C(=O)N(c1ccc(NC(=O)C(F)(F)C(F)(F)C(F)(F)C(F)(F)C(=O)Nc3ccc(N4C(=O)c5ccc(C(*)(C(F)(F)F)C(F)(F)F)cc5C4=O)cc3)cc1)C2=O,285.0,,,,,,,,,
5591,P432205,*c1ccc2c(c1)C(=O)N(c1ccc(NC(=O)C(F)(F)C(F)(F)C(F)(F)C(F)(F)C(F)(F)C(F)(F)C(=O)Nc3ccc(N4C(=O)c5ccc(C(*)(C(F)(F)F)C(F)(F)F)cc5C4=O)cc3)cc1)C2=O,265.0,,,,,,,,,
5592,P432206,*c1ccc2c(c1)C(=O)N(c1cccc(NC(=O)C(F)(F)C(F)(F)C(F)(F)C(F)(F)C(=O)Nc3cccc(N4C(=O)c5ccc(C(*)(C(F)(F)F)C(F)(F)F)cc5C4=O)c3)c1)C2=O,232.0,,,,,,,,,
5593,P432207,*c1ccc2c(c1)C(=O)N(c1cccc(NC(=O)C(F)(F)C(F)(F)C(F)(F)C(F)(F)C(F)(F)C(F)(F)C(=O)Nc3cccc(N4C(=O)c5ccc(C(*)(C(F)(F)F)C(F)(F)F)cc5C4=O)c3)c1)C2=O,218.0,,,,,,,,,
5594,P432208,*c1ccc(Cc2ccc(N3C(=O)c4ccc(Oc5ccc(Oc6ccc7c(c6)C(=O)N(*)C7=O)cc5)cc4C3=O)c(C)c2C)c(C)c1C,277.0,,,,,,,,,
5595,P432209,*c1cc(C)c(Cc2cc(C)c(N3C(=O)c4ccc(Oc5ccc(Oc6ccc7c(c6)C(=O)N(*)C7=O)cc5)cc4C3=O)cc2C)cc1C,278.0,,,,,,,,,
5596,P432210,*c1ccc2c(c1)C(=O)N(c1ccc(S(=O)(=O)c3ccc(S(=O)(=O)c4ccc(N5C(=O)c6ccc(C(*)(C(F)(F)F)C(F)(F)F)cc6C5=O)cc4)cc3)cc1)C2=O,331.0,,,,,,,,,
5597,P432211,*c1ccc2c(c1)C(=O)N(c1ccc(S(=O)(=O)c3ccc(S(=O)(=O)c4ccc(S(=O)(=O)c5ccc(N6C(=O)c7ccc(C(*)(C(F)(F)F)C(F)(F)F)cc7C6=O)cc5)cc4)cc3)cc1)C2=O,327.0,,,,,,,,,
5598,P432213,*CCCC(C)CN1C(=O)c2ccc(C(=O)Oc3ccc4cc(OC(=O)c5ccc6c(c5)C(=O)N(*)C6=O)ccc4c3)cc2C1=O,130.0,,,,,,,,,
5599,P432214,*CCCC(C)CN1C(=O)c2ccc(C(=O)Oc3ccc(-c4ccc(OC(=O)c5ccc6c(c5)C(=O)N(*)C6=O)cc4)cc3)cc2C1=O,155.0,,,,,,,,,
5600,P432215,*c1ccc2c(c1)C(=O)N(c1ccc(Oc3ccc(N4C(=O)c5ccc(C(*)(C(F)(F)F)C(F)(F)F)cc5C4=O)cc3)c(O)c1)C2=O,292.0,,,,,,,,,
5601,P432216,*CCCCCCN1C(=O)C(=O)N(*)C1=O,55.0,,,,,,,,,
5602,P432217,*CCCCCCN1C(=O)C(=O)N(c2ccc(C)c(N3C(=O)C(=O)N(*)C3=O)c2)C1=O,181.5,,,,,,,,,
5603,P432218,*CCCCCCN1C(=O)C(=O)N(c2ccc(Oc3ccc(N4C(=O)C(=O)N(*)C4=O)cc3)cc2)C1=O,172.0,,,,,,,,,
5604,P432219,*CCCCCCN1C(=O)C(=O)N(c2ccc(Cc3ccc(N4C(=O)C(=O)N(*)C4=O)cc3)cc2)C1=O,158.0,,,,,,,,,
5605,P432221,*CCCCCCN1C(=O)C(=O)N(c2ccc(CCc3ccccc3N3C(=O)C(=O)N(*)C3=O)cc2)C1=O,137.0,,,,,,,,,
5606,P432223,*c1ccccc1CCc1ccc(N2C(=O)C(=O)N(c3ccc(C)c(N4C(=O)C(=O)N(*)C4=O)c3)C2=O)cc1,255.0,,,,,,,,,
5607,P432224,*c1ccc(CCc2ccccc2N2C(=O)C(=O)N(c3ccc(Oc4ccc(N5C(=O)C(=O)N(*)C5=O)cc4)cc3)C2=O)cc1,208.0,,,,,,,,,
5608,P432225,*c1ccc(CCc2ccccc2N2C(=O)C(=O)N(c3ccc(Cc4ccc(N5C(=O)C(=O)N(*)C5=O)cc4)cc3)C2=O)cc1,198.0,,,,,,,,,
5609,P432226,*c1ccc(CCc2ccc(N3C(=O)C(=O)N(c4ccc(CCc5ccccc5N5C(=O)C(=O)N(*)C5=O)cc4)C3=O)cc2)cc1,220.0,,,,,,,,,
5610,P432228,*c1ccc(CCc2ccc(N3C(=O)C(=O)N(*)C3=O)cc2)cc1,196.0,,,,,,,,,
5611,P432237,*C(=O)Nc1ccc(C2(c3ccc(N4C(=O)c5ccc(*)cc5C4=O)cc3)CC(C)CC(C)(C)C2)cc1,328.0,,,,,,,,,
5612,P432238,*C(=O)Nc1ccc(C2(c3ccc(N4C(=O)c5ccc(*)cc5C4=O)cc3)CCCCC2)cc1,319.0,,,,,,,,,
5613,P432239,*C(=O)Nc1ccc(C2(c3ccc(N4C(=O)c5ccc(*)cc5C4=O)cc3)CCC(C)CC2)cc1,322.0,,,,,,,,,
5614,P432240,*C(=O)Nc1ccc(C2(c3ccc(N4C(=O)c5ccc(*)cc5C4=O)cc3)CCC(CC)CC2)cc1,312.0,,,,,,,,,
5615,P432241,*C(=O)Nc1ccc(C2(c3ccc(N4C(=O)c5ccc(*)cc5C4=O)cc3)CCC(C(C)(C)C)CC2)cc1,331.0,,,,,,,,,
5616,P432242,*C(=O)Nc1ccc(C2(c3ccc(N4C(=O)c5ccc(*)cc5C4=O)cc3)CCC(C(C)(C)CC)CC2)cc1,342.0,,,,,,,,,
5617,P432243,*c1ccc2c(c1)C(=O)N(c1ccc(Cc3ccc(N4C(=O)c5ccc(C(C)(C)CCCCC(*)(C)C)cc5C4=O)cc3)cc1)C2=O,169.9,,,,,,,,,
5618,P432244,*c1ccc2c(c1)C(=O)N(c1ccc(Oc3ccc(N4C(=O)c5ccc(C(C)(C)CCCCCCCCC(*)(C)C)cc5C4=O)cc3)cc1)C2=O,123.65,,,,,,,,,
5619,P432245,*C(=O)OCCOC(=O)c1ccc(N2C(=O)c3ccc(*)cc3C2=O)cc1,280.0,,,,,,,,,
5620,P432246,*C(=O)OCCOC(=O)c1cccc(N2C(=O)c3ccc(*)cc3C2=O)c1,220.0,,,,,,,,,
5621,P432251,*C(=O)Nc1cccc(NC(=O)c2ccc(N3C(=O)c4ccc(*)cc4C3=O)cc2)c1,240.0,,,,,,,,,
5622,P432252,*C(=O)c1ccc2c(c1)C(=O)N(CC1(C)CC(N3C(=O)c4ccc(*)cc4C3=O)CC(C)(C)C1)C2=O,275.0,,,,,,,,,
5623,P432253,*CC1CCCC(CN2C(=O)c3ccc(C(=O)c4ccc5c(c4)C(=O)N(*)C5=O)cc3C2=O)C1,213.0,,,,,,,,,
5624,P432255,*C(=O)c1ccc2c(c1)C(=O)N(c1ccc(C(=O)Nc3ccc(N4C(=O)c5ccc(*)cc5C4=O)cc3)cc1)C2=O,300.0,,,,,,,,,
5625,P432256,*C(=O)c1ccc2c(c1)C(=O)N(c1ccc(C(=O)N(C)c3ccc(N4C(=O)c5ccc(*)cc5C4=O)cc3)cc1)C2=O,313.0,,,,,,,,,
5626,P432258,*/C=C/C1CC(*)C2C(=O)N(c3ccccc3)C(=O)C12,220.0,,,,,,,,,
5627,P432259,*/C=C/C1CC(*)C2C(=O)N(c3ccccc3C)C(=O)C12,248.0,,,,,,,,,
5628,P432260,*/C=C/C1CC(*)C2C(=O)N(c3cccc(C)c3)C(=O)C12,206.0,,,,,,,,,
5629,P432261,*/C=C/C1CC(*)C2C(=O)N(c3ccc(C)cc3)C(=O)C12,222.0,,,,,,,,,
5630,P432262,*c1ccc(Oc2ccc(-n3c(=O)c4c(Oc5ccc(OC)cc5)c5c(=O)n(*)c(=O)c5c(Oc5ccc(OC)cc5)c4c3=O)cc2)cc1,303.5,,,,,,,,,
5631,P432263,*c1ccc(Oc2ccc(-n3c(=O)c4c(Oc5ccc(OCCCC)cc5)c5c(=O)n(*)c(=O)c5c(Oc5ccc(OCCCC)cc5)c4c3=O)cc2)cc1,269.5,,,,,,,,,
5632,P432264,*c1ccc(Oc2ccc(-n3c(=O)c4c(Oc5ccc(OCCCCCCCC)cc5)c5c(=O)n(*)c(=O)c5c(Oc5ccc(OCCCCCCCC)cc5)c4c3=O)cc2)cc1,234.5,,,,,,,,,
5633,P432265,*c1ccc(Oc2ccc(-n3c(=O)c4c(Oc5ccc(OCCCCCCCCCCCC)cc5)c5c(=O)n(*)c(=O)c5c(Oc5ccc(OCCCCCCCCCCCC)cc5)c4c3=O)cc2)cc1,218.0,,,,,,,,,
5634,P432266,*c1ccc(-c2nc3cc(Oc4ccc(NC(=O)c5cc(C(=O)Nc6ccc(Oc7ccc8nc(-c9ccccc9)c(-c9ccc(-n%10c(=O)c%11ccc%12c(=O)n(*)c(=O)c%13ccc(c%10=O)c%11c%12%13)cc9)nc8c7)cc6)cc(N6C(=O)c7ccccc7C6=O)c5)cc4)ccc3nc2-c2ccccc2)cc1,345.0,,,,,,,,,
5635,P432267,*c1ccc(-c2nc3cc(Oc4ccc(NC(=O)c5cc(C(=O)Nc6ccc(Oc7ccc8nc(-c9ccccc9)c(-c9ccc(-n%10c(=O)c%11ccc%12c(=O)n(*)c(=O)c%13ccc(c%10=O)c%11c%12%13)cc9)nc8c7)cc6)cc(N6C(=O)c7c(Cl)c(Cl)c(Cl)c(Cl)c7C6=O)c5)cc4)ccc3nc2-c2ccccc2)cc1,345.0,,,,,,,,,
5636,P432271,*C(=O)NCCN(CCNC(=O)c1ccc(N2C(=O)c3ccc(*)cc3C2=O)cc1)c1ccc(/C=C/c2ccc([N+](=O)[O-])cc2)cc1,178.0,,,,,,,,,
5637,P432272,*CCN(CCNC(=O)c1ccc2c(c1)C(=O)N(*)C2=O)c1ccc(/C=C/c2ccc([N+](=O)[O-])cc2)cc1,142.0,,,,,,,,,
5638,P432277,*C(=O)c1ccc2c(c1)C(=O)N(c1ccc(Oc3cccc(N4C(=O)c5ccc(*)cc5C4=O)c3)cc1)C2=O,280.5,,,,,,,,,
5639,P432278,*c1ccc(Oc2ccc(C(c3ccc(Oc4ccc(-n5c(=O)c6cc7c(=O)n(*)c(=O)c7cc6c5=O)cc4C(F)(F)F)cc3)(C(F)(F)F)C(F)(F)F)cc2)c(C(F)(F)F)c1,253.0,,0.213,,,,,,,
5640,P432279,*c1ccc(C(c2ccc(-n3c(=O)c4cc5c(=O)n(*)c(=O)c5cc4c3=O)cc2)(C(F)(F)F)C(F)(F)F)cc1,380.0,,,,,,,,,
5641,P432280,*c1ccc(Oc2ccc(C(c3ccc(Oc4ccc(N5C(=O)c6ccc(-c7ccc8c(c7)C(=O)N(*)C8=O)cc6C5=O)cc4C(F)(F)F)cc3)(C(F)(F)F)C(F)(F)F)cc2)c(C(F)(F)F)c1,223.0,,,,,,,,,
5642,P432281,*C(=O)c1ccc2c(c1)C(=O)N(c1ccc(Oc3ccc(C(c4ccc(Oc5ccc(N6C(=O)c7ccc(*)cc7C6=O)cc5C(F)(F)F)cc4)(C(F)(F)F)C(F)(F)F)cc3)c(C(F)(F)F)c1)C2=O,220.0,,,,,,,,,
5643,P432282,*c1ccc2c(c1)C(=O)N(c1cccc(C(C)(C)c3ccc(N4C(=O)c5ccc(C(*)(C(F)(F)F)C(F)(F)F)cc5C4=O)cc3)c1)C2=O,260.0,,,,,,,,,
5644,P432283,*c1ccc2c(c1)C(=O)N(c1ccc(Oc3ccc(C(c4ccc(Oc5ccc(N6C(=O)c7ccc(C(*)(C(F)(F)F)C(F)(F)F)cc7C6=O)cc5C(F)(F)F)cc4)(C(F)(F)F)C(F)(F)F)cc3)c(C(F)(F)F)c1)C2=O,234.0,,0.152,,,,,,,
5645,P432284,*c1ccc2c(c1)C(=O)N(c1ccc(Sc3ccc(N4C(=O)c5ccc(C(*)(C(F)(F)F)C(F)(F)F)cc5C4=O)cc3)cc1)C2=O,301.0,,,,,,,,,
5646,P432285,*c1ccc2c(c1)C(=O)N(c1ccc(Sc3ccc(Sc4ccc(N5C(=O)c6ccc(C(*)(C(F)(F)F)C(F)(F)F)cc6C5=O)cc4)cc3)cc1)C2=O,257.0,,,,,,,,,
5647,P432286,*c1ccc2c(c1)C(=O)N(c1ccc(Sc3ccc(Sc4ccc(Sc5ccc(N6C(=O)c7ccc(C(*)(C(F)(F)F)C(F)(F)F)cc7C6=O)cc5)cc4)cc3)cc1)C2=O,233.0,,,,,,,,,
5648,P432287,*c1ccc2c(c1)C(=O)N(c1ccc(Sc3ccc(Sc4ccc(Sc5ccc(Sc6ccc(N7C(=O)c8ccc(C(*)(C(F)(F)F)C(F)(F)F)cc8C7=O)cc6)cc5)cc4)cc3)cc1)C2=O,216.0,,,,,,,,,
5649,P432288,*c1ccc2c(c1)C(=O)N(c1ccc(OC(CCCCCC)COc3ccc(N4C(=O)c5ccc(C(*)(C(F)(F)F)C(F)(F)F)cc5C4=O)cc3)cc1)C2=O,182.0,,,,,,,,,
5650,P432289,*c1ccc2c(c1)C(=O)N(c1ccc(OC(CCC)COc3ccc(N4C(=O)c5ccc(C(*)(C(F)(F)F)C(F)(F)F)cc5C4=O)cc3)cc1)C2=O,204.0,,,,,,,,,
5651,P432290,*c1ccc2c(c1)C(=O)N(c1ccc(OC(C)COc3ccc(N4C(=O)c5ccc(C(*)(C(F)(F)F)C(F)(F)F)cc5C4=O)cc3)cc1)C2=O,234.0,,,,,,,,,
5652,P432291,*c1ccc2c(c1)C(=O)N(c1ccc(N(C)CCN(C)c3ccc(N4C(=O)c5ccc(C(*)(C(F)(F)F)C(F)(F)F)cc5C4=O)cc3)cc1)C2=O,227.0,,,,,,,,,
5653,P432292,*c1c(C)cc(C)c(N2C(=O)c3ccc(Oc4ccc(Oc5ccc6c(c5)C(=O)N(*)C6=O)cc4)cc3C2=O)c1C,345.0,,,,,,,,,
5654,P432293,*c1c(C)cc(C)c(N2C(=O)c3ccc(S(=O)(=O)c4ccc5c(c4)C(=O)N(*)C5=O)cc3C2=O)c1C,418.0,,,,,,,,,
5655,P432294,*c1c(C)cc(C)c(N2C(=O)c3ccc(Sc4ccc5c(c4)C(=O)N(*)C5=O)cc3C2=O)c1C,378.0,,,,,,,,,
5656,P432295,*c1c(C)cc(C)c(-n2c(=O)c3cc4c(=O)n(*)c(=O)c4cc3c2=O)c1C,399.75,,,,,,,,,
5657,P432296,*c1ccc(-c2c(-c3ccc(-c4ccccc4)cc3)cc(-c3ccc(OCCCCCCOc4ccc(-c5cc(-c6ccc(-c7ccccc7)cc6)c(-c6ccc(-n7c(=O)c8cc9c(=O)n(*)c(=O)c9cc8c7=O)cc6)c(-c6ccc(-c7ccccc7)cc6)c5)cc4)cc3)cc2-c2ccc(-c3ccccc3)cc2)cc1,128.5,,,,,,,,,
5658,P432297,*c1ccc(-c2c(-c3ccc(-c4ccccc4)cc3)cc(-c3ccc(OCCCCCCCCCCOc4ccc(-c5cc(-c6ccc(-c7ccccc7)cc6)c(-c6ccc(-n7c(=O)c8cc9c(=O)n(*)c(=O)c9cc8c7=O)cc6)c(-c6ccc(-c7ccccc7)cc6)c5)cc4)cc3)cc2-c2ccc(-c3ccccc3)cc2)cc1,121.0,,,,,,,,,
5659,P432298,*C(=O)c1ccc2c(c1)C(=O)N(c1ccc(-c3c(-c4ccc(-c5ccccc5)cc4)cc(-c4ccc(OCCCCCCOc5ccc(-c6cc(-c7ccc(-c8ccccc8)cc7)c(-c7ccc(N8C(=O)c9ccc(*)cc9C8=O)cc7)c(-c7ccc(-c8ccccc8)cc7)c6)cc5)cc4)cc3-c3ccc(-c4ccccc4)cc3)cc1)C2=O,111.5,,,,,,,,,
5660,P432299,*C(=O)c1ccc2c(c1)C(=O)N(c1ccc(-c3c(-c4ccc(-c5ccccc5)cc4)cc(-c4ccc(OCCCCCCCCCCOc5ccc(-c6cc(-c7ccc(-c8ccccc8)cc7)c(-c7ccc(N8C(=O)c9ccc(*)cc9C8=O)cc7)c(-c7ccc(-c8ccccc8)cc7)c6)cc5)cc4)cc3-c3ccc(-c4ccccc4)cc3)cc1)C2=O,103.5,,,,,,,,,
5661,P432300,*c1cc(Br)c(-c2c(Br)cc(N3C(=O)c4ccc(-c5ccc6c(c5)C(=O)N(*)C6=O)cc4C3=O)cc2C(=O)OCCCCCCCCCCCCCCCCCC)c(C(=O)OCCCCCCCCCCCCCCCCCC)c1,83.5,,,,,,,,,
5662,P432301,*c1cc(Br)c(-c2c(Br)cc(N3C(=O)c4ccc(-c5ccc6c(c5)C(=O)N(*)C6=O)cc4C3=O)cc2C(=O)OCCCCCCCCCCCCCCCC)c(C(=O)OCCCCCCCCCCCCCCCC)c1,92.0,,,,,,,,,
5663,P432302,*c1cc(Br)c(-c2c(Br)cc(N3C(=O)c4ccc(-c5ccc6c(c5)C(=O)N(*)C6=O)cc4C3=O)cc2C(=O)OCCCCCCCCCCCCCC)c(C(=O)OCCCCCCCCCCCCCC)c1,98.0,,,,,,,,,
5664,P432303,*c1cc(Br)c(-c2c(Br)cc(N3C(=O)c4ccc(-c5ccc6c(c5)C(=O)N(*)C6=O)cc4C3=O)cc2C(=O)OCCCCCCCCCCCC)c(C(=O)OCCCCCCCCCCCC)c1,108.0,,,,,,,,,
5665,P432304,*c1cc(Br)c(-c2c(Br)cc(N3C(=O)c4ccc(-c5ccc6c(c5)C(=O)N(*)C6=O)cc4C3=O)cc2C(=O)OCCCCCCCCCC)c(C(=O)OCCCCCCCCCC)c1,116.0,,,,,,,,,
5666,P432305,*c1cc(Br)c(-c2c(Br)cc(N3C(=O)c4ccc(-c5ccc6c(c5)C(=O)N(*)C6=O)cc4C3=O)cc2C(=O)OCCCCCCCC)c(C(=O)OCCCCCCCC)c1,135.5,,,,,,,,,
5667,P432306,*c1cc(Br)c(-c2c(Br)cc(N3C(=O)c4ccc(-c5ccc6c(c5)C(=O)N(*)C6=O)cc4C3=O)cc2C(=O)OCCCCCC)c(C(=O)OCCCCCC)c1,154.0,,,,,,,,,
5668,P432307,*c1cc(Br)c(-c2c(Br)cc(N3C(=O)c4ccc(-c5ccc6c(c5)C(=O)N(*)C6=O)cc4C3=O)cc2C(=O)OCCCC)c(C(=O)OCCCC)c1,196.0,,,,,,,,,
5669,P432310,*CC(c1ccccc1)C1C(=O)N(CCCCCCCCCCCC)C(=O)C1*,70.0,,,,,,,,,
5670,P432314,*c1ccc(-c2ccc(-n3c(=O)c4cc5c(=O)n(*)c(=O)c5cc4c3=O)cc2OC)c(OC)c1,328.0,,,,,,,,,
5671,P432315,*c1ccc(-c2ccc(-n3c(=O)c4cc5c(=O)n(*)c(=O)c5cc4c3=O)cc2F)c(F)c1,398.0,,,,,,,,,
5672,P432316,*C(=O)c1cccc(C(=O)c2ccc3c(c2)C(=O)N(c2cccc(N4C(=O)c5ccc(*)cc5C4=O)c2)C3=O)c1,259.5,,,,,,,,,
5673,P432317,*C(=O)c1cccc(C(=O)c2ccc3c(c2)C(=O)N(c2ccc(C(c4ccc(N5C(=O)c6ccc(*)cc6C5=O)cc4)(C(F)(F)F)C(F)(F)F)cc2)C3=O)c1,262.5,,,,,,,,,
5674,P432318,*C(=O)c1cccc(C(=O)c2ccc3c(c2)C(=O)N(c2ccc(Oc4ccc(N5C(=O)c6ccc(*)cc6C5=O)cc4)cc2)C3=O)c1,244.0,,,,,,,,,
5675,P432319,*C(=O)c1cccc(C(=O)c2ccc3c(c2)C(=O)N(c2ccc(Oc4ccc(S(=O)(=O)c5ccc(Oc6ccc(N7C(=O)c8ccc(*)cc8C7=O)cc6)cc5)cc4)cc2)C3=O)c1,249.0,,,,,,,,,
5676,P432320,*C(=O)c1cc(C(=O)c2ccc3c(c2)C(=O)N(c2cccc(N4C(=O)c5ccc(*)cc5C4=O)c2)C3=O)cc(C(C)(C)C)c1,264.5,,,,,,,,,
5677,P432321,*C(=O)c1cc(C(=O)c2ccc3c(c2)C(=O)N(c2ccc(C(c4ccc(N5C(=O)c6ccc(*)cc6C5=O)cc4)(C(F)(F)F)C(F)(F)F)cc2)C3=O)cc(C(C)(C)C)c1,267.5,,,,,,,,,
5678,P432322,*C(=O)c1cc(C(=O)c2ccc3c(c2)C(=O)N(c2ccc(Oc4ccc(N5C(=O)c6ccc(*)cc6C5=O)cc4)cc2)C3=O)cc(C(C)(C)C)c1,252.5,,,,,,,,,
5679,P432323,*C(=O)c1cc(C(=O)c2ccc3c(c2)C(=O)N(c2ccc(Oc4ccc(S(=O)(=O)c5ccc(Oc6ccc(N7C(=O)c8ccc(*)cc8C7=O)cc6)cc5)cc4)cc2)C3=O)cc(C(C)(C)C)c1,254.5,,,,,,,,,
5680,P432324,*C(=O)c1cc(C(=O)c2ccc3c(c2)C(=O)N(c2cccc(N4C(=O)c5ccc(*)cc5C4=O)c2)C3=O)cc(-c2ccccc2)c1,266.5,,,,,,,,,
5681,P432325,*C(=O)c1cc(C(=O)c2ccc3c(c2)C(=O)N(c2ccc(C(c4ccc(N5C(=O)c6ccc(*)cc6C5=O)cc4)(C(F)(F)F)C(F)(F)F)cc2)C3=O)cc(-c2ccccc2)c1,260.5,,,,,,,,,
5682,P432326,*C(=O)c1cc(C(=O)c2ccc3c(c2)C(=O)N(c2ccc(Oc4ccc(N5C(=O)c6ccc(*)cc6C5=O)cc4)cc2)C3=O)cc(-c2ccccc2)c1,258.5,,,,,,,,,
5683,P432327,*C(=O)c1cc(C(=O)c2ccc3c(c2)C(=O)N(c2ccc(Oc4ccc(S(=O)(=O)c5ccc(Oc6ccc(N7C(=O)c8ccc(*)cc8C7=O)cc6)cc5)cc4)cc2)C3=O)cc(-c2ccccc2)c1,256.5,,,,,,,,,
5684,P432332,*C(=O)Nc1ccc(NC(=O)c2ccc3c(c2)C(=O)N(c2ccc(Oc4ccc(N5C(=O)c6ccc(*)cc6C5=O)cc4)cc2)C3=O)c(OCCCCCCS(=O)(=O)c2ccc(/C=C/c3ccc(N(C)C)cc3)cc2)c1,192.0,,,,,,,,,
5685,P432333,*c1ccc2c(c1)C(=O)N(c1ccc(OCCN(CCOc3ccc(N4C(=O)c5ccc(C(*)(C(F)(F)F)C(F)(F)F)cc5C4=O)cc3)c3ccccc3)cc1)C2=O,170.0,,,,,,,,,
5686,P432334,*c1ccc2c(c1)C(=O)N(c1ccc(OCCN(CCOc3ccc(N4C(=O)c5ccc(C(*)(C(F)(F)F)C(F)(F)F)cc5C4=O)cc3)c3ccc(C(C#N)=C(C#N)C#N)cc3)cc1)C2=O,218.0,,,,,,,,,
5687,P432335,*c1ccc(Cc2ccc(N3C(=O)c4ccc(OCCN(CCOc5ccc6c(c5)C(=O)N(*)C6=O)c5ccc(/C=C/c6ccc([N+](=O)[O-])cc6)cc5)cc4C3=O)cc2)cc1,160.7,,,,,,,,,
5688,P432336,*c1ccc(C(c2ccc(N3C(=O)c4ccc(OCCN(CCOc5ccc6c(c5)C(=O)N(*)C6=O)c5ccc(/C=C/c6ccc([N+](=O)[O-])cc6)cc5)cc4C3=O)cc2)(C(F)(F)F)C(F)(F)F)cc1,180.7,,,,,,,,,
5689,P432337,*CC1CCCC(Cn2c(=O)c3cc4c(=O)n(*)c(=O)c4cc3c2=O)C1,263.0,,,,,,,,,
5690,P432338,*CC1CCCC(CN2C(=O)c3ccc(-c4ccc5c(c4)C(=O)N(*)C5=O)cc3C2=O)C1,234.0,,,,,,,,,
5691,P432339,*CC1CCCC(CN2C(=O)c3ccc(C(c4ccc5c(c4)C(=O)N(*)C5=O)(C(F)(F)F)C(F)(F)F)cc3C2=O)C1,222.0,,,,,,,,,
5692,P432340,*CC1CCCC(CN2C(=O)c3ccc(Oc4ccc5c(c4)C(=O)N(*)C5=O)cc3C2=O)C1,199.0,,,,,,,,,
5693,P432342,*C1CCC(CC2CCC(N3C(=O)c4ccc(-c5ccc6c(c5)C(=O)N(*)C6=O)cc4C3=O)CC2)CC1,242.0,,,,,,,,,
5694,P432343,*C(=O)c1ccc2c(c1)C(=O)N(C1CCC(CC3CCC(N4C(=O)c5ccc(*)cc5C4=O)CC3)CC1)C2=O,254.0,,,,,,,,,
5695,P432344,*c1ccc2c(c1)C(=O)N(C1CCC(CC3CCC(N4C(=O)c5ccc(C(*)(C(F)(F)F)C(F)(F)F)cc5C4=O)CC3)CC1)C2=O,265.0,,,,,,,,,
5696,P432345,*C1CCC(CC2CCC(N3C(=O)c4ccc(Oc5ccc6c(c5)C(=O)N(*)C6=O)cc4C3=O)CC2)CC1,240.0,,,,,,,,,
5697,P432347,*C1CCC(CC2CCC(N3C(=O)c4ccc(-c5ccc6c(c5)C(=O)N(*)C6=O)cc4C3=O)C(C)C2)CC1C,260.0,,,,,,,,,
5698,P432348,*C(=O)c1ccc2c(c1)C(=O)N(C1CCC(CC3CCC(N4C(=O)c5ccc(*)cc5C4=O)C(C)C3)CC1C)C2=O,240.0,,,,,,,,,
5699,P432349,*c1ccc2c(c1)C(=O)N(C1CCC(CC3CCC(N4C(=O)c5ccc(C(*)(C(F)(F)F)C(F)(F)F)cc5C4=O)C(C)C3)CC1C)C2=O,225.0,,,,,,,,,
5700,P432350,*C1CCC(CC2CCC(N3C(=O)c4ccc(Oc5ccc6c(c5)C(=O)N(*)C6=O)cc4C3=O)C(C)C2)CC1C,250.0,,,,,,,,,
5701,P432352,*CC1(C)CC(N2C(=O)c3ccc(-c4ccc5c(c4)C(=O)N(*)C5=O)cc3C2=O)CC(C)(C)C1,311.0,,,,,,,,,
5702,P432353,*c1ccc2c(c1)C(=O)N(C1CC(C)(C)CC(C)(CN3C(=O)c4ccc(C(*)(C(F)(F)F)C(F)(F)F)cc4C3=O)C1)C2=O,278.0,,,,,,,,,
5703,P432354,*CC1(C)CC(N2C(=O)c3ccc(Oc4ccc5c(c4)C(=O)N(*)C5=O)cc3C2=O)CC(C)(C)C1,266.0,,,,,,,,,
5704,P432355,*C(=O)OCCCCCCCCCCCCCCCCCCCCCCOC(=O)c1ccc(N2C(=O)c3ccc(*)cc3C2=O)cc1,44.0,,,,,,,,,
5705,P432357,*C(=O)Oc1ccc(OC(=O)c2ccc3c(c2)C(=O)N(c2ccc(Oc4ccc(N5C(=O)c6ccc(*)cc6C5=O)cc4)cc2)C3=O)c(C(C)(C)C)c1,189.0,,,,,,,,,
5706,P432358,*C(=O)Oc1ccc(OC(=O)c2ccc3c(c2)C(=O)N(c2ccc(Oc4ccc(N5C(=O)c6ccc(*)cc6C5=O)cc4)cc2)C3=O)c(-c2ccccc2)c1,212.0,,,,,,,,,
5707,P432360,*C(=O)Oc1ccc2ccc(OC(=O)c3ccc4c(c3)C(=O)N(c3ccc(Oc5ccc(N6C(=O)c7ccc(*)cc7C6=O)cc5)cc3)C4=O)cc2c1,246.0,,,,,,,,,
5708,P432361,*C(=O)Oc1ccc(-c2ccc(OC(=O)c3ccc4c(c3)C(=O)N(c3ccc(Oc5ccc(N6C(=O)c7ccc(*)cc7C6=O)cc5)cc3)C4=O)cc2)cc1,232.0,,,,,,,,,
5709,P432363,*C(=O)OCCCCCCCCCCCCOC(=O)c1ccc2c(c1)C(=O)N(c1ccc(Oc3ccc(N4C(=O)c5ccc(*)cc5C4=O)cc3)cc1)C2=O,105.0,,,,,,,,,
5710,P432364,*C(=O)Oc1ccc(OC(=O)c2ccc3c(c2)C(=O)N(c2ccc(Cc4ccc(N5C(=O)c6ccc(*)cc6C5=O)cc4)cc2)C3=O)c(C(C)(C)C)c1,160.0,,,,,,,,,
5711,P432365,*C(=O)Oc1ccc(OCCCCCCCCCCCCOc2ccc(OC(=O)c3ccc4c(c3)C(=O)N(c3ccc(Cc5ccc(N6C(=O)c7ccc(*)cc7C6=O)cc5)cc3)C4=O)cc2)cc1,125.0,,,,,,,,,
5712,P432366,*C(=O)Oc1ccc(OC(=O)c2ccc3c(c2)C(=O)N(c2ccc(S(=O)(=O)c4ccc(N5C(=O)c6ccc(*)cc6C5=O)cc4)cc2)C3=O)c(C(C)(C)C)c1,179.0,,,,,,,,,
5713,P432367,*C(=O)Oc1ccc(OCCCCCCCCCCCCOc2ccc(OC(=O)c3ccc4c(c3)C(=O)N(c3ccc(S(=O)(=O)c5ccc(N6C(=O)c7ccc(*)cc7C6=O)cc5)cc3)C4=O)cc2)cc1,140.0,,,,,,,,,
5714,P432370,*C(=O)c1ccc2c(c1)C(=O)N(c1ccc(NC(=O)c3cccc(C(=O)Nc4ccc(N5C(=O)c6ccc(*)cc6C5=O)cc4)c3)cc1)C2=O,247.0,,,,,,,,,
5715,P432371,*C(=O)c1ccc2c(c1)C(=O)N(c1ccc(S(=O)(=O)c3ccc(NC(=O)c4cccc(C(=O)Nc5ccc(S(=O)(=O)c6ccc(N7C(=O)c8ccc(*)cc8C7=O)cc6)cc5)c4)cc3)cc1)C2=O,226.0,,,,,,,,,
5716,P432372,*C(=O)c1ccc2c(c1)C(=O)N(c1ccc(Oc3ccc(NC(=O)c4cccc(C(=O)Nc5ccc(Oc6ccc(N7C(=O)c8ccc(*)cc8C7=O)cc6)cc5)c4)cc3)cc1)C2=O,232.0,,,,,,,,,
5717,P432374,*CC(=O)Nc1ccc(Oc2c(F)c(F)c(Oc3ccc(NC(=O)c4ccc5c(c4)C(=O)N(*)C5=O)cc3)c(F)c2F)cc1,254.0,,,,,,,,,
5718,P432375,*CC(=O)Nc1ccc(C2(c3ccc(NC(=O)c4ccc5c(c4)C(=O)N(*)C5=O)cc3)c3ccccc3-c3ccccc32)cc1,345.0,,,,,,,,,
5719,P432376,*CC(=O)Nc1ccc(C2(c3ccc(NC(=O)Cn4c(=O)c5cc6c(=O)n(*)c(=O)c6cc5c4=O)cc3)c3ccccc3-c3ccccc32)cc1,350.0,,,,,,,,,
5720,P432383,*c1ccc2c(c1)C(=O)N(c1ccc(Oc3ccc(N4C(=O)c5ccc(C(*)(C(F)(F)F)C(F)(F)F)cc5C4=O)cc3)c(OCCN(CC)c3ccc(/N=N/c4ccc([N+](=O)[O-])cc4)cc3)c1)C2=O,202.0,,,,,,,,,
5721,P432385,*c1ccc(Oc2ccc(C(C)(C)c3cccc(C(C)(C)c4ccc(Oc5ccc(-n6c(=O)c7cc8c(=O)n(*)c(=O)c8cc7c6=O)cc5)cc4)c3)cc2)cc1,249.47,,,,,,,,,
5722,P432395,*c1ccc2c(c1)C(=O)N(c1ccc(Oc3ccc(N4C(=O)c5ccc(C(*)O)cc5C4=O)cc3)cc1)C2=O,250.0,,,,,,,,,
5723,P432400,*CC1CC2CC1C1CCC(Cn3c(=O)c4cc5c(=O)n(*)c(=O)c5cc4c3=O)C21,265.0,,,,,,,,,
5724,P432401,*CC1CC2CC1C1CCC(CN3C(=O)c4ccc(-c5ccc6c(c5)C(=O)N(*)C6=O)cc4C3=O)C21,230.0,,,,,,,,,
5725,P432402,*CC1CC2CC1C1CCC(CN3C(=O)c4ccc(C(=O)c5ccc6c(c5)C(=O)N(*)C6=O)cc4C3=O)C21,217.0,,,,,,,,,
5726,P432403,*CC1CC2CC1C1CCC(CN3C(=O)c4ccc(C(c5ccc6c(c5)C(=O)N(*)C6=O)(C(F)(F)F)C(F)(F)F)cc4C3=O)C21,207.0,,,,,,,,,
5727,P432404,*CC1CC2CC1C1CCC(CN3C(=O)c4ccc(Oc5ccc6c(c5)C(=O)N(*)C6=O)cc4C3=O)C21,201.0,,,,,,,,,
5728,P432406,*CCC1C(=O)N(c2ccc(N(C)C)cc2)C(=O)C1*,195.0,,,,,,,,,
5729,P432407,*CC(OC)C1C(=O)N(c2ccc(N(C)C)cc2)C(=O)C1*,221.0,,,,,,,,,
5730,P432410,*c1ccc(-c2sc(-c3ccc(-n4c(=O)c5cc6c(=O)n(*)c(=O)c6cc5c4=O)cc3)c(-c3ccccc3)c2-c2ccccc2)cc1,460.0,,,,,,,,,
5731,P432411,*c1ccc(Oc2cccc(-n3c(=O)c4cc5c(=O)n(-c6cccc(Oc7ccc(-c8nc9cc%10sc(*)nc%10cc9s8)cc7)c6)c(=O)c5cc4c3=O)c2)cc1,400.0,,,,,,,,,
5732,P432412,*c1ccc(Oc2ccc(-n3c(=O)c4cc5c(=O)n(-c6ccc(Oc7ccc(-c8nc9cc%10sc(*)nc%10cc9s8)cc7)cc6)c(=O)c5cc4c3=O)cc2)cc1,400.0,,,,,,,,,
5733,P432413,*c1cc(C(=O)O)cc(N2C(=O)CC(C3CC4C(=O)N(*)C(=O)C4c4ccccc43)C2=O)c1,360.0,,,,,,,,,
5734,P432422,*CCCCCCCCCCCCN1C(=O)c2ccc(C(c3ccc4c(c3)C(=O)N(CCCCCCCCCCCCn3c(=O)c5ccc6c7ccc8c(=O)n(*)c(=O)c9ccc(c%10ccc(c3=O)c5c6%10)c7c89)C4=O)(C(F)(F)F)C(F)(F)F)cc2C1=O,170.0,,,,,,,,,
5735,P432424,*CCCCCCCCCCCCN1C(=O)c2cccc3c(-c4ccc5c6c(cccc46)C(=O)N(CCCCCCCCCCCCn4c(=O)c6ccc7c8ccc9c(=O)n(*)c(=O)c%10ccc(c%11ccc(c4=O)c6c7%11)c8c9%10)C5=O)ccc(c23)C1=O,210.0,,,,,,,,,
5736,P432425,*c1cc(C(=O)OC)cc(N2C(=O)CC(C3Cc4ccccc4C4C(=O)N(*)C(=O)C43)C2=O)c1,258.0,,,,,,,,,
5737,P432426,*c1cc(C(=O)OCC)cc(N2C(=O)CC(C3Cc4ccccc4C4C(=O)N(*)C(=O)C43)C2=O)c1,254.0,,,,,,,,,
5738,P432427,*c1cc(C(=O)OCCC)cc(N2C(=O)CC(C3Cc4ccccc4C4C(=O)N(*)C(=O)C43)C2=O)c1,249.0,,,,,,,,,
5739,P432428,*c1cc(C(=O)OCCCC)cc(N2C(=O)CC(C3Cc4ccccc4C4C(=O)N(*)C(=O)C43)C2=O)c1,219.0,,,,,,,,,
5740,P432429,*c1cc(C(=O)OCCCCC)cc(N2C(=O)CC(C3Cc4ccccc4C4C(=O)N(*)C(=O)C43)C2=O)c1,219.0,,,,,,,,,
5741,P432430,*c1cc(C(=O)OCCCCCC)cc(N2C(=O)CC(C3Cc4ccccc4C4C(=O)N(*)C(=O)C43)C2=O)c1,187.0,,,,,,,,,
5742,P432431,*c1cccc(C(c2cccc(N3C(=O)c4ccc(-c5ccc6c(c5)C(=O)N(*)C6=O)cc4C3=O)c2)(C(F)(F)F)C(F)(F)F)c1,267.0,,,,,,,,,
5743,P432432,*C(=O)c1ccc2c(c1)C(=O)N(c1cccc(C(c3cccc(N4C(=O)c5ccc(*)cc5C4=O)c3)(C(F)(F)F)C(F)(F)F)c1)C2=O,239.0,,,,,,,,,
5744,P432433,*c1cccc(C(c2cccc(N3C(=O)c4ccc(Oc5ccc6c(c5)C(=O)N(*)C6=O)cc4C3=O)c2)(C(F)(F)F)C(F)(F)F)c1,224.5,,,,,,,,,
5745,P432434,*c1ccc(C(c2ccc(N3C(=O)c4ccc(Oc5ccc6c(c5)C(=O)N(*)C6=O)cc4C3=O)cc2)(C(F)(F)F)C(F)(F)F)cc1,305.0,,,,,,,,,
5746,P432438,*c1ccc2c(c1)C(=O)N(c1ccc(C(C)(C)c3ccc(C(C)(C)c4ccc(N5C(=O)c6ccc(C(*)(C(F)(F)F)C(F)(F)F)cc6C5=O)cc4)cc3)cc1)C2=O,235.4,,,,,,,,,
5747,P432450,*c1ccc2c(c1)C(=O)N(C1CCC(N3C(=O)c4ccc(C(*)(C(F)(F)F)C(F)(F)F)cc4C3=O)CC1)C2=O,346.5,,,,,,,,,
5748,P432453,*c1ccc(OC(=O)CCCCCCCCCCCCCCCCCCCCC(=O)Oc2ccc(N3C(=O)c4ccc(-c5ccc6c(c5)C(=O)N(*)C6=O)cc4C3=O)cc2)cc1,140.0,,,,,,,,,
5749,P432455,*C/C=C/N(/C=C/CC1CC(=O)N(c2ccc(Cc3ccc(N4C(=O)CC(*)C4=O)cc3)cc2)C1=O)c1ccc(/N=N/c2ccc([N+](=O)[O-])cc2)cc1,277.0,,,,,,,,,
5750,P432456,*c1ccc(C(c2ccc(N3C(=O)c4cc5c(cc4C3=O)C(C(F)(F)F)(C(F)(F)F)c3cc4c(cc3O5)C(=O)N(*)C4=O)cc2)(C(F)(F)F)C(F)(F)F)cc1,430.0,,,,,,,,,
5751,P432457,*c1ccc(NC2CC(=O)N(c3ccc(Cc4ccc(N5C(=O)CC(Nc6ccc(-c7nc(-c8ccc(/N=N/c9ccc([N+](=O)[O-])cc9)cc8)[nH]c7*)cc6)C5=O)cc4)cc3)C2=O)cc1,258.0,,,,,,,,,
5752,P432458,*c1ccc(NC2CC(=O)N(c3ccc(Cc4ccc(N5C(=O)CC(Nc6ccc(-c7nc(-c8ccc(/C=C/c9ccc([N+](=O)[O-])cc9)cc8)[nH]c7*)cc6)C5=O)cc4)cc3)C2=O)cc1,250.0,,,,,,,,,
5753,P432459,*c1ccc2c(c1)C(=O)N(c1cc(C(c3ccc(O)c(N4C(=O)c5ccc(C(*)(C(F)(F)F)C(F)(F)F)cc5C4=O)c3)(C(F)(F)F)C(F)(F)F)ccc1O)C2=O,330.0,,,,,,,,,
5754,P432460,*c1ccc2c(c1)C(=O)N(c1cc(C(c3ccc(OCCN(CC)c4ccc(/N=N/c5ccc([N+](=O)[O-])cc5)cc4)c(N4C(=O)c5ccc(C(*)(C(F)(F)F)C(F)(F)F)cc5C4=O)c3)(C(F)(F)F)C(F)(F)F)ccc1OCCN(CC)c1ccc(/N=N/c3ccc([N+](=O)[O-])cc3)cc1)C2=O,199.0,,,,,,,,,
5755,P432461,*CCN(CCN1C(=O)c2ccc(C(c3ccc4c(c3)C(=O)N(*)C4=O)(C(F)(F)F)C(F)(F)F)cc2C1=O)c1ccc(/N=N/c2ccc(C3OCCO3)cc2)cc1,178.0,,,,,,,,,
5756,P432462,*CCN(CCN1C(=O)c2ccc(C(c3ccc4c(c3)C(=O)N(*)C4=O)(C(F)(F)F)C(F)(F)F)cc2C1=O)c1ccc(/N=N/c2ccc(C=O)cc2)cc1,170.0,,,,,,,,,
5757,P432463,*c1ccc(C(=O)Nc2ccc(-n3c(=O)c4cc5c(=O)n(*)c(=O)c5cc4c3=O)cc2C(=O)OCC)cc1,340.0,,,,,,,,,
5758,P432465,*CCCCC(=O)Oc1ccc(OC(=O)c2ccc3c(c2)C(=O)N(*)C3=O)c(C)c1,75.76,,,,,,,,,
5759,P432466,*CCCCCCC(=O)Oc1ccc(OC(=O)c2ccc3c(c2)C(=O)N(*)C3=O)c(C)c1,57.21,,,,,,,,,
5760,P432471,*c1ccc2c(c1)C(=O)N(c1c(C)cc(-c3cc(C)c(N4C(=O)c5ccc(C(*)(C(F)(F)F)C(F)(F)F)cc5C4=O)c4ccccc34)c3ccccc13)C2=O,403.0,,,,,,,,,
5761,P432472,*c1ccc(Oc2c(C)cc(Cc3cc(C)c(Oc4ccc(-n5c(=O)c6cc7c(=O)n(*)c(=O)c7cc6c5=O)cc4)c(C)c3)cc2C)cc1,299.5,,,,,,,,,
5762,P432473,*c1ccc(Oc2c(C)cc(Cc3cc(C)c(Oc4ccc(N5C(=O)c6ccc(-c7ccc8c(c7)C(=O)N(*)C8=O)cc6C5=O)cc4)c(C)c3)cc2C)cc1,310.0,,,,,,,,,
5763,P432474,*C(=O)c1ccc2c(c1)C(=O)N(c1ccc(Oc3c(C)cc(Cc4cc(C)c(Oc5ccc(N6C(=O)c7ccc(*)cc7C6=O)cc5)c(C)c4)cc3C)cc1)C2=O,303.0,,,,,,,,,
5764,P432475,*c1ccc2c(c1)C(=O)N(c1ccc(Oc3c(C)cc(Cc4cc(C)c(Oc5ccc(N6C(=O)c7ccc(C(*)(C(F)(F)F)C(F)(F)F)cc7C6=O)cc5)c(C)c4)cc3C)cc1)C2=O,298.0,,,,,,,,,
5765,P432477,*c1c(C)cc(C(c2cc(C)c(N3C(=O)c4ccc(-c5ccc6c(c5)C(=O)N(*)C6=O)cc4C3=O)c(C)c2)c2cccc3ccccc23)cc1C,326.0,,,,,,,,,
5766,P432478,*C(=O)c1ccc2c(c1)C(=O)N(c1c(C)cc(C(c3cc(C)c(N4C(=O)c5ccc(*)cc5C4=O)c(C)c3)c3cccc4ccccc34)cc1C)C2=O,318.0,,,,,,,,,
5767,P432479,*c1ccc2c(c1)C(=O)N(c1c(C)cc(C(c3cc(C)c(N4C(=O)c5ccc(C(*)(C(F)(F)F)C(F)(F)F)cc5C4=O)c(C)c3)c3cccc4ccccc34)cc1C)C2=O,314.0,,,,,,,,,
5768,P432480,*c1ccc(Oc2c(C)cc(C(c3cc(C)c(Oc4ccc(-n5c(=O)c6cc7c(=O)n(*)c(=O)c7cc6c5=O)cc4)c(C)c3)c3cccc4ccccc34)cc2C)cc1,315.0,,,,,,,,,
5769,P432481,*c1ccc(Oc2c(C)cc(C(c3cc(C)c(Oc4ccc(N5C(=O)c6ccc(-c7ccc8c(c7)C(=O)N(*)C8=O)cc6C5=O)cc4)c(C)c3)c3cccc4ccccc34)cc2C)cc1,289.5,,,,,,,,,
5770,P432482,*C(=O)c1ccc2c(c1)C(=O)N(c1ccc(Oc3c(C)cc(C(c4cc(C)c(Oc5ccc(N6C(=O)c7ccc(*)cc7C6=O)cc5)c(C)c4)c4cccc5ccccc45)cc3C)cc1)C2=O,272.0,,,,,,,,,
5771,P432483,*c1ccc2c(c1)C(=O)N(c1ccc(Oc3c(C)cc(C(c4cc(C)c(Oc5ccc(N6C(=O)c7ccc(C(*)(C(F)(F)F)C(F)(F)F)cc7C6=O)cc5)c(C)c4)c4cccc5ccccc45)cc3C)cc1)C2=O,308.0,,,,,,,,,
5772,P432484,*c1ccc(Oc2ccc(N3C(=O)CC4C(CC5C(=O)N(*)C(=O)C54)C3=O)cc2)cc1,350.0,,,,,,,,,
5773,P432485,*c1cccc(Oc2cccc(Oc3cccc(N4C(=O)c5ccc(-c6ccc7c(c6)C(=O)N(*)C7=O)cc5C4=O)c3)c2)c1,208.0,,,,,,,,,
5774,P432486,*c1ccc(Cc2ccc(N3C(=O)N(c4ccc(Cc5ccc(N6C(=O)N(*)C(C)(C)C6=O)cc5)cc4)C(=O)C3(C)C)cc2)cc1,259.5,,,,,,,,,
5775,P432487,*CCCCCC(=O)Oc1ccc2ccc(OC(=O)c3ccc4c(c3)C(=O)N(*)C4=O)cc2c1,113.0,,,,,,,,,
5776,P432488,*CCCCCC(=O)Oc1ccc(C(C)(C)c2ccc(OC(=O)c3ccc4c(c3)C(=O)N(*)C4=O)cc2)cc1,110.0,,,,,,,,,
5777,P432489,*CCCCCC(=O)Oc1ccc(C(C)(C)c2ccc(C(C)(C)c3ccc(OC(=O)c4ccc5c(c4)C(=O)N(*)C5=O)cc3)cc2)cc1,104.0,,,,,,,,,
5778,P432490,*CCCCCC(=O)Oc1ccc(C2(c3ccc(OC(=O)c4ccc5c(c4)C(=O)N(*)C5=O)cc3)CCCCC2)cc1,122.0,,,,,,,,,
5779,P432491,*CCCCCCCCCCCC(=O)Oc1ccc2ccc(OC(=O)c3ccc4c(c3)C(=O)N(*)C4=O)cc2c1,98.0,,,,,,,,,
5780,P432492,*CCCCCCCCCCCC(=O)Oc1ccc(C(C)(C)c2ccc(OC(=O)c3ccc4c(c3)C(=O)N(*)C4=O)cc2)cc1,93.0,,,,,,,,,
5781,P432493,*CCCCCCCCCCCC(=O)Oc1ccc(C(C)(C)c2ccc(C(C)(C)c3ccc(OC(=O)c4ccc5c(c4)C(=O)N(*)C5=O)cc3)cc2)cc1,97.0,,,,,,,,,
5782,P432494,*CCCCCCCCCCCC(=O)Oc1ccc(C2(c3ccc(OC(=O)c4ccc5c(c4)C(=O)N(*)C5=O)cc3)CCCCC2)cc1,96.0,,,,,,,,,
5783,P432495,*CCCCCCCCCCCC(=O)Oc1ccc(C2(c3ccc(OC(=O)c4ccc5c(c4)C(=O)N(*)C5=O)cc3)OC(=O)c3ccccc32)cc1,114.0,,,,,,,,,
5784,P432496,*c1ccc(Cc2ccc(N3C(=O)CC(Nc4ccc(N(c5ccc(Nc6ccc([N+](=O)[O-])cc6)cc5)c5ccc(NC6CC(=O)N(*)C6=O)cc5)cc4)C3=O)cc2)cc1,324.0,,,,,,,,,
5785,P432497,*c1ccc(Cc2ccc(N3C(=O)CC(Nc4ccc(N(c5ccc(NC6CC(=O)N(*)C6=O)cc5)c5ccc([N+](=O)[O-])cc5)cc4)C3=O)cc2)cc1,276.0,,,,,,,,,
5786,P432498,*c1cccc(CCCOc2cccc(N3C(=O)c4cccc(-c5ccc6c(c5)C(=O)N(*)C6=O)c4C3=O)c2)c1,178.0,,,,,,,,,
5787,P432499,*c1cccc(OCCCCOc2cccc(N3C(=O)c4ccc(-c5cccc6c5C(=O)N(*)C6=O)cc4C3=O)c2)c1,178.0,,,,,,,,,
5788,P432500,*c1cccc(OCCCCCOc2cccc(N3C(=O)c4ccc(-c5cccc6c5C(=O)N(*)C6=O)cc4C3=O)c2)c1,168.0,,,,,,,,,
5789,P432501,*c1cccc(OCCCCCCOc2cccc(N3C(=O)c4ccc(-c5cccc6c5C(=O)N(*)C6=O)cc4C3=O)c2)c1,157.0,,,,,,,,,
5790,P432502,*c1cccc(OCCCCCCCCOc2cccc(N3C(=O)c4ccc(-c5cccc6c5C(=O)N(*)C6=O)cc4C3=O)c2)c1,142.0,,,,,,,,,
5791,P432503,*c1cccc(OCCCCCCCCCOc2cccc(N3C(=O)c4ccc(-c5cccc6c5C(=O)N(*)C6=O)cc4C3=O)c2)c1,134.0,,,,,,,,,
5792,P432504,*c1cccc(OCCCCCCCCCCOc2cccc(N3C(=O)c4ccc(-c5cccc6c5C(=O)N(*)C6=O)cc4C3=O)c2)c1,127.0,,,,,,,,,
5793,P432505,*c1cccc(OCCCCCCCCCCCCOc2cccc(N3C(=O)c4ccc(-c5cccc6c5C(=O)N(*)C6=O)cc4C3=O)c2)c1,116.0,,,,,,,,,
5794,P432506,*c1ccc(OCCCOc2ccc(N3C(=O)c4ccc(-c5cccc6c5C(=O)N(*)C6=O)cc4C3=O)cc2)cc1,237.5,,,,,,,,,
5795,P432507,*c1ccc(OCCCCCOc2ccc(N3C(=O)c4ccc(-c5cccc6c5C(=O)N(*)C6=O)cc4C3=O)cc2)cc1,208.0,,,,,,,,,
5796,P432511,*c1cccc(OCCCOc2cccc(N3C(=O)c4ccc(-c5ccc6c(c5)C(=O)N(*)C6=O)cc4C3=O)c2)c1,184.0,,,,,,,,,
5797,P432512,*c1cccc(OCCCCOc2cccc(N3C(=O)c4ccc(-c5ccc6c(c5)C(=O)N(*)C6=O)cc4C3=O)c2)c1,175.0,,,,,,,,,
5798,P432513,*c1cccc(OCCCCCOc2cccc(N3C(=O)c4ccc(-c5ccc6c(c5)C(=O)N(*)C6=O)cc4C3=O)c2)c1,165.0,,,,,,,,,
5799,P432514,*c1cccc(OCCCCCCOc2cccc(N3C(=O)c4ccc(-c5ccc6c(c5)C(=O)N(*)C6=O)cc4C3=O)c2)c1,153.0,,,,,,,,,
5800,P432515,*c1cccc(OCCCCCCCCOc2cccc(N3C(=O)c4ccc(-c5ccc6c(c5)C(=O)N(*)C6=O)cc4C3=O)c2)c1,138.0,,,,,,,,,
5801,P432516,*c1cccc(OCCCCCCCCCOc2cccc(N3C(=O)c4ccc(-c5ccc6c(c5)C(=O)N(*)C6=O)cc4C3=O)c2)c1,132.0,,,,,,,,,
5802,P432517,*c1cccc(OCCCCCCCCCCOc2cccc(N3C(=O)c4ccc(-c5ccc6c(c5)C(=O)N(*)C6=O)cc4C3=O)c2)c1,125.0,,,,,,,,,
5803,P432518,*c1cccc(OCCCCCCCCCCCCOc2cccc(N3C(=O)c4ccc(-c5ccc6c(c5)C(=O)N(*)C6=O)cc4C3=O)c2)c1,116.0,,,,,,,,,
5804,P432524,*c1ccc(OCCCCCCCCCCOc2ccc(N3C(=O)c4ccc(-c5ccc6c(c5)C(=O)N(*)C6=O)cc4C3=O)cc2)cc1,153.0,,,,,,,,,
5805,P432526,*C1C(=O)N(CCOc2ccc(-c3ccc(C#N)cc3)cc2)C(=O)C1*,150.0,,,,,,,,,
5806,P432527,*C1C(=O)N(CCCOc2ccc(-c3ccc(C#N)cc3)cc2)C(=O)C1*,130.0,,,,,,,,,
5807,P432528,*C1C(=O)N(CCCCOc2ccc(-c3ccc(C#N)cc3)cc2)C(=O)C1*,115.0,,,,,,,,,
5808,P432529,*C1C(=O)N(CCCCCOc2ccc(-c3ccc(C#N)cc3)cc2)C(=O)C1*,75.0,,,,,,,,,
5809,P432530,*C1C(=O)N(CCCCCCOc2ccc(-c3ccc(C#N)cc3)cc2)C(=O)C1*,76.0,,,,,,,,,
5810,P432531,*C1C(=O)N(CCCCCCCOc2ccc(-c3ccc(C#N)cc3)cc2)C(=O)C1*,61.0,,,,,,,,,
5811,P432532,*C1C(=O)N(CCCCCCCCOc2ccc(-c3ccc(C#N)cc3)cc2)C(=O)C1*,43.0,,,,,,,,,
5812,P432533,*CC(c1ccccc1)C1C(=O)N(CCCOc2ccc(-c3ccc(C#N)cc3)cc2)C(=O)C1*,130.0,,,,,,,,,
5813,P432553,*c1ccc(Oc2ccc(Oc3ccc(N4C(=O)CC(=O)N(*)C4=S)cc3)cc2)cc1,157.0,,,,,,,,,
5814,P432554,*c1ccc(Oc2ccc(C(C)(C)c3ccc(Oc4ccc(N5C(=O)CC(=O)N(*)C5=S)cc4)cc3)cc2)cc1,150.0,,,,,,,,,
5815,P432555,*c1ccc(Oc2cccc(Oc3ccc(N4C(=O)CC(=O)N(*)C4=S)cc3)c2)cc1,145.0,,,,,,,,,
5816,P432556,*c1ccc(Oc2ccc(-c3ccc(Oc4ccc(N5C(=O)CC(=O)N(*)C5=S)cc4)cc3)cc2)cc1,158.5,,,,,,,,,
5817,P432557,*c1ccc(Oc2ccc(C(c3ccc(Oc4ccc(N5C(=O)CC(=O)N(*)C5=S)cc4)cc3)(C(F)(F)F)C(F)(F)F)cc2)cc1,147.0,,,,,,,,,
5818,P432558,*c1ccc(Oc2ccc3ccc(Oc4ccc(N5C(=O)CC(=O)N(*)C5=S)cc4)cc3c2)cc1,151.5,,,,,,,,,
5819,P432559,*c1ccc(Oc2ccc(C3(c4ccc(Oc5ccc(N6C(=O)CC(=O)N(*)C6=S)cc5)cc4)c4ccccc4-c4ccccc43)cc2)cc1,175.0,,,,,,,,,
5820,P432560,*c1cc(C(=O)NCCCC)cc(N2C(=O)c3ccc(-c4ccc5c(c4)C(=O)N(*)C5=O)cc3C2=O)c1,291.0,,,,,,,,,
5821,P432561,*c1cc(C(=O)NCCCCCC)cc(N2C(=O)c3ccc(-c4ccc5c(c4)C(=O)N(*)C5=O)cc3C2=O)c1,256.9,,,,,,,,,
5822,P432562,*c1cc(C(=O)NCCCCCCCC)cc(N2C(=O)c3ccc(-c4ccc5c(c4)C(=O)N(*)C5=O)cc3C2=O)c1,245.5,,,,,,,,,
5823,P432563,*c1cc(C(=O)NCCCCCCCCCC)cc(N2C(=O)c3ccc(-c4ccc5c(c4)C(=O)N(*)C5=O)cc3C2=O)c1,245.1,,,,,,,,,
5824,P432564,*c1cc(C(=O)NCCCCCCCCCCCC)cc(N2C(=O)c3ccc(-c4ccc5c(c4)C(=O)N(*)C5=O)cc3C2=O)c1,243.1,,,,,,,,,
5825,P432565,*c1cc(C(=O)NCCCCCCCCCCCCCC)cc(N2C(=O)c3ccc(-c4ccc5c(c4)C(=O)N(*)C5=O)cc3C2=O)c1,247.6,,,,,,,,,
5826,P432568,*/C=C/C1CC(*)C2C(=O)N(CCCC)C(=O)C12,131.0,,,,,,,,,
5827,P432569,*/C=C/C1CC(*)C2C(=O)N(CCCCC)C(=O)C12,99.0,,,,,,,,,
5828,P432570,*/C=C/C1CC(*)C2C(=O)N(CCCCCC)C(=O)C12,87.0,,,,,,,,,
5829,P432571,*c1cccc(P(=O)(c2cccc(N3C(=O)c4ccc(Oc5ccc6c(c5)C(=O)N(*)C6=O)cc4C3=O)c2)c2cc(C(F)(F)F)cc(C(F)(F)F)c2)c1,228.0,,,,,,,,,
5830,P432572,*C(=O)c1ccc2c(c1)C(=O)N(c1cccc(P(=O)(c3cccc(N4C(=O)c5ccc(*)cc5C4=O)c3)c3cc(C(F)(F)F)cc(C(F)(F)F)c3)c1)C2=O,243.0,,,,,,,,,
5831,P432573,*c1ccc2c(c1)C(=O)N(c1cccc(P(=O)(c3cccc(N4C(=O)c5ccc(C(*)(C(F)(F)F)C(F)(F)F)cc5C4=O)c3)c3cc(C(F)(F)F)cc(C(F)(F)F)c3)c1)C2=O,247.0,,,,,,,,,
5832,P432574,*c1cccc(P(=O)(c2cccc(-n3c(=O)c4cc5c(=O)n(*)c(=O)c5cc4c3=O)c2)c2cc(C(F)(F)F)cc(C(F)(F)F)c2)c1,281.0,,,,,,,,,
5833,P432575,*c1cccc(P(=O)(c2ccc(C(F)(F)F)cc2)c2cccc(N3C(=O)c4ccc(Oc5ccc6c(c5)C(=O)N(*)C6=O)cc4C3=O)c2)c1,248.0,,,,,,,,,
5834,P432576,*C(=O)c1ccc2c(c1)C(=O)N(c1cccc(P(=O)(c3ccc(C(F)(F)F)cc3)c3cccc(N4C(=O)c5ccc(*)cc5C4=O)c3)c1)C2=O,264.0,,,,,,,,,
5835,P432577,*c1ccc2c(c1)C(=O)N(c1cccc(P(=O)(c3ccc(C(F)(F)F)cc3)c3cccc(N4C(=O)c5ccc(C(*)(C(F)(F)F)C(F)(F)F)cc5C4=O)c3)c1)C2=O,260.0,,,,,,,,,
5836,P432578,*c1cccc(P(=O)(c2ccc(C(F)(F)F)cc2)c2cccc(-n3c(=O)c4cc5c(=O)n(*)c(=O)c5cc4c3=O)c2)c1,311.0,,,,,,,,,
5837,P432579,*c1cccc(P(=O)(c2ccccc2)c2cccc(N3C(=O)c4ccc(Oc5ccc6c(c5)C(=O)N(*)C6=O)cc4C3=O)c2)c1,251.0,,,,,,,,,
5838,P432580,*C(=O)c1ccc2c(c1)C(=O)N(c1cccc(P(=O)(c3ccccc3)c3cccc(N4C(=O)c5ccc(*)cc5C4=O)c3)c1)C2=O,273.0,,,,,,,,,
5839,P432581,*c1ccc2c(c1)C(=O)N(c1cccc(P(=O)(c3ccccc3)c3cccc(N4C(=O)c5ccc(C(*)(C(F)(F)F)C(F)(F)F)cc5C4=O)c3)c1)C2=O,271.0,,,,,,,,,
5840,P432582,*c1cccc(P(=O)(c2ccccc2)c2cccc(-n3c(=O)c4cc5c(=O)n(*)c(=O)c5cc4c3=O)c2)c1,331.0,,,,,,,,,
5841,P432583,*c1ccc(C(c2ccccc2)(c2ccc(N3C(=O)c4ccc(Oc5ccc6c(c5)C(=O)N(*)C6=O)cc4C3=O)cc2)C(F)(F)F)cc1,293.0,,,,,,,,,
5842,P432584,*C(=O)c1ccc2c(c1)C(=O)N(c1ccc(C(c3ccccc3)(c3ccc(N4C(=O)c5ccc(*)cc5C4=O)cc3)C(F)(F)F)cc1)C2=O,311.0,,,,,,,,,
5843,P432586,*c1ccc(Oc2ccc(-c3nc4ccc(Oc5ccc(N6C(=O)c7ccc(C(c8ccc9c(c8)C(=O)N(c8ccc(Oc%10ccc%11nc(*)c(-c%12ccccc%12)nc%11c%10)cc8)C9=O)(C(F)(F)F)C(F)(F)F)cc7C6=O)cc5)cc4nc3-c3ccccc3)cc2)cc1,267.0,,,,,,,,,
5844,P432593,*C(=O)Nc1ccc(Oc2ccc(NC(=O)c3ccc4c(c3)C(=O)N(c3ccc(Oc5ccc(C6(c7ccc(Oc8ccc(N9C(=O)c%10ccc(*)cc%10C9=O)cc8)cc7)CC7CC6C6CCCC76)cc5)cc3)C4=O)cc2)cc1,250.0,,,,,,,,,
5845,P432594,*C(=O)Nc1ccc(Oc2ccc(Oc3ccc(NC(=O)c4ccc5c(c4)C(=O)N(c4ccc(Oc6ccc(C7(c8ccc(Oc9ccc(N%10C(=O)c%11ccc(*)cc%11C%10=O)cc9)cc8)CC8CC7C7CCCC87)cc6)cc4)C5=O)cc3)cc2)cc1,257.0,,,,,,,,,
5846,P432595,*C(=O)Nc1ccc(Oc2ccc(Oc3ccc(NC(=O)c4ccc5c(c4)C(=O)N(c4ccc(Oc6ccc(C7(c8ccc(Oc9ccc(N%10C(=O)c%11ccc(*)cc%11C%10=O)cc9)cc8)CC8CC7C7CCCC87)cc6)cc4)C5=O)cc3)c(C(C)(C)C)c2)cc1,275.0,,,,,,,,,
5847,P432596,*C(=O)Nc1ccc(Oc2cc(C(C)(C)C)c(Oc3ccc(NC(=O)c4ccc5c(c4)C(=O)N(c4ccc(Oc6ccc(C7(c8ccc(Oc9ccc(N%10C(=O)c%11ccc(*)cc%11C%10=O)cc9)cc8)CC8CC7C7CCCC87)cc6)cc4)C5=O)cc3)cc2C(C)(C)C)cc1,290.0,,,,,,,,,
5848,P432597,*C(=O)Nc1ccc(Oc2ccc(-c3ccc(Oc4ccc(NC(=O)c5ccc6c(c5)C(=O)N(c5ccc(Oc7ccc(C8(c9ccc(Oc%10ccc(N%11C(=O)c%12ccc(*)cc%12C%11=O)cc%10)cc9)CC9CC8C8CCCC98)cc7)cc5)C6=O)cc4)cc3C)c(C)c2)cc1,265.0,,,,,,,,,
5849,P432598,*C(=O)Nc1ccc(Oc2ccc(C(c3ccc(Oc4ccc(NC(=O)c5ccc6c(c5)C(=O)N(c5ccc(Oc7ccc(C8(c9ccc(Oc%10ccc(N%11C(=O)c%12ccc(*)cc%12C%11=O)cc%10)cc9)CC9CC8C8CCCC98)cc7)cc5)C6=O)cc4)cc3)(C(F)(F)F)C(F)(F)F)cc2)cc1,254.0,,,,,,,,,
5850,P432599,*C(=O)Nc1ccc(Oc2c(C)cc(C(C)(C)c3cc(C)c(Oc4ccc(NC(=O)c5ccc6c(c5)C(=O)N(c5ccc(Oc7ccc(C8(c9ccc(Oc%10ccc(N%11C(=O)c%12ccc(*)cc%12C%11=O)cc%10)cc9)CC9CC8C8CCCC98)cc7)cc5)C6=O)cc4)c(C)c3)cc2C)cc1,276.0,,,,,,,,,
5851,P432600,*Oc1c(C)cc(C(C)(C)c2cc(C)c(ON3C(=O)c4ccc(Oc5ccc(C6(c7ccc(Oc8ccc9c(c8)C(=O)N(*)C9=O)cc7)CCC(C(C)(C)C)CC6)cc5)cc4C3=O)c(C)c2)cc1C,248.0,,,,,,,,,
5852,P432601,*c1ccc(Oc2ccc(C(c3ccc(Oc4ccc(N5C(=O)c6ccc(Oc7ccc(C8(c9ccc(Oc%10ccc%11c(c%10)C(=O)N(*)C%11=O)cc9)CCC(C(C)(C)C)CC8)cc7)cc6C5=O)cc4)cc3)(C(F)(F)F)C(F)(F)F)cc2)cc1,227.0,,,,,,,,,
5853,P432602,*c1ccc(Oc2ccc(Oc3ccc(N4C(=O)c5ccc(Oc6ccc(C7(c8ccc(Oc9ccc%10c(c9)C(=O)N(*)C%10=O)cc8)CCC(C(C)(C)C)CC7)cc6)cc5C4=O)cc3)c(C(C)(C)C)c2)cc1,233.0,,,,,,,,,
5854,P432603,*c1ccc(Oc2ccc(-c3ccc(Oc4ccc(N5C(=O)c6ccc(Oc7ccc(C8(c9ccc(Oc%10ccc%11c(c%10)C(=O)N(*)C%11=O)cc9)CCC(C(C)(C)C)CC8)cc7)cc6C5=O)cc4)cc3C)c(C)c2)cc1,236.0,,,,,,,,,
5855,P432604,*c1ccc(Oc2ccc(C3(c4ccc(Oc5ccc(N6C(=O)c7ccc(Oc8ccc(C9(c%10ccc(Oc%11ccc%12c(c%11)C(=O)N(*)C%12=O)cc%10)CCC(C(C)(C)C)CC9)cc8)cc7C6=O)cc5)cc4)C4CC5CC(C4)CC3C5)cc2)cc1,266.0,,,,,,,,,
5856,P432605,*c1ccc(Oc2ccc(C3(c4ccc(Oc5ccc(N6C(=O)c7ccc(Oc8ccc(C9(c%10ccc(Oc%11ccc%12c(c%11)C(=O)N(*)C%12=O)cc%10)CCC(C(C)(C)C)CC9)cc8)cc7C6=O)cc5)cc4)CC4CC3C3CCCC43)cc2)cc1,257.0,,,,,,,,,
5857,P432610,*CC(c1ccccc1)C1C(=O)N(C)C(=O)C1*,205.0,,,,,,,,,
5858,P432617,*c1ccc(Oc2ccc(Oc3ccc(N4C(=O)c5ccc(Oc6ccc(C(c7ccccc7)(c7ccccc7)c7ccc(Oc8ccc9c(c8)C(=O)N(*)C9=O)cc7)cc6)cc5C4=O)cc3)c(C(C)(C)C)c2)cc1,229.0,,,,,,,,,
5859,P432620,*CCCCOC(=O)OCCCCN1C(=O)c2ccc(-c3ccc4c(c3)C(=O)N(*)C4=O)cc2C1=O,104.0,,,,,,,,,
5860,P432621,*CCCCCOC(=O)OCCCCCN1C(=O)c2ccc(-c3ccc4c(c3)C(=O)N(*)C4=O)cc2C1=O,84.0,,,,,,,,,
5861,P432622,*CCCCCCOC(=O)OCCCCCCN1C(=O)c2ccc(-c3ccc4c(c3)C(=O)N(*)C4=O)cc2C1=O,71.0,,,,,,,,,
5862,P432623,*CCCCCOC(=O)OCCCCCN1C(=O)c2ccc(C(=O)c3ccc4c(c3)C(=O)N(*)C4=O)cc2C1=O,77.0,,,,,,,,,
5863,P432624,*CCCCCCOC(=O)OCCCCCCN1C(=O)c2ccc(C(=O)c3ccc4c(c3)C(=O)N(*)C4=O)cc2C1=O,76.0,,,,,,,,,
5864,P432625,*CCCCCCOC(=O)OCCCCCCN1C(=O)c2ccc(-c3ccc(-c4ccc5c(c4)C(=O)N(*)C5=O)cc3)cc2C1=O,73.0,,,,,,,,,
5865,P432654,*c1ccc(N2C(=O)CC(C3C=C(C)C4C(=O)N(*)C(=O)C4C3)C2=O)cc1,327.0,,,,,,,,,
5866,P432655,*c1ccc(OCCCCCCCCCCCCCCCC)c(N2C(=O)CC(C3C=C(C)C4C(=O)N(*)C(=O)C4C3)C2=O)c1,186.0,,,,,,,,,
5867,P432659,*c1ccc2c(c1)C(=O)N(c1ccc(N(c3ccc(/C=C/c4ccc([N+](=O)[O-])cc4)cc3)c3ccc(N4C(=O)c5ccc(C(*)(C(F)(F)F)C(F)(F)F)cc5C4=O)cc3)cc1)C2=O,290.0,,,,,,,,,
5868,P432661,*c1ccc(Oc2ccc3c(c2)C(=O)N(*)C3=O)cc1,266.0,,,,,,,,,
5869,P432662,*c1ccc(-c2ccc(-c3ccc(-c4ccc(-c5ccc6c(c5)C(=O)N(c5ccc(Oc7ccc(N8C(=O)c9ccc(*)cc9C8=O)cc7)cc5)C6=O)cc4)cc3)cc2)cc1,244.0,,,,,,,,,
5870,P432663,*c1ccc(Cc2ccc(N3C(=O)c4ccc(-c5ccc(-c6ccc(-c7ccc(-c8ccc(-c9ccc%10c(c9)C(=O)N(*)C%10=O)cc8)cc7)cc6)cc5)cc4C3=O)cc2)cc1,244.0,,,,,,,,,
5871,P432664,*c1ccc(-c2ccc(-c3ccc(-c4ccc(-c5ccc6c(c5)C(=O)N(c5cccc(N7C(=O)c8ccc(*)cc8C7=O)c5)C6=O)cc4)cc3)cc2)cc1,237.0,,,,,,,,,
5872,P432667,*c1ccc(-c2ccc(-c3ccc(-c4ccc(-c5ccc6c(c5)C(=O)N(c5ccc(Oc7ccc(C(C)(C)c8ccc(Oc9ccc(N%10C(=O)c%11ccc(*)cc%11C%10=O)cc9)cc8)cc7)cc5)C6=O)cc4)cc3)cc2)cc1,236.0,,,,,,,,,
5873,P432669,*CC(=O)Nc1ccc(Oc2ccc(Oc3ccc(NC(=O)CN4C(=O)c5ccc(C(c6ccc7c(c6)C(=O)N(*)C7=O)(C(F)(F)F)C(F)(F)F)cc5C4=O)cc3)cc2)cc1,242.0,,,,,,,,,
5874,P432670,*CC(=O)Nc1ccc(Oc2cccc(Oc3ccc(NC(=O)CN4C(=O)c5ccc(C(c6ccc7c(c6)C(=O)N(*)C7=O)(C(F)(F)F)C(F)(F)F)cc5C4=O)cc3)c2)cc1,221.0,,,,,,,,,
5875,P432671,*CC(=O)Nc1ccc(Oc2ccc(-c3ccc(Oc4ccc(NC(=O)CN5C(=O)c6ccc(C(c7ccc8c(c7)C(=O)N(*)C8=O)(C(F)(F)F)C(F)(F)F)cc6C5=O)cc4)cc3)cc2)cc1,245.0,,,,,,,,,
5876,P432672,*CC(=O)Nc1ccc(Oc2ccc(S(=O)(=O)c3ccc(Oc4ccc(NC(=O)CN5C(=O)c6ccc(C(c7ccc8c(c7)C(=O)N(*)C8=O)(C(F)(F)F)C(F)(F)F)cc6C5=O)cc4)cc3)cc2)cc1,241.0,,,,,,,,,
5877,P432673,*CC(=O)Nc1ccc(Oc2ccc(C(C)(C)c3ccc(Oc4ccc(NC(=O)CN5C(=O)c6ccc(C(c7ccc8c(c7)C(=O)N(*)C8=O)(C(F)(F)F)C(F)(F)F)cc6C5=O)cc4)cc3)cc2)cc1,224.0,,,,,,,,,
5878,P432674,*c1ccc(-c2nc3cc(Oc4ccc(NC(=O)CN5C(=O)c6ccc(C(c7ccc8c(c7)C(=O)N(CC(=O)Nc7ccc(Oc9ccc%10nc(-c%11ccccc%11)c(*)nc%10c9)cc7)C8=O)(C(F)(F)F)C(F)(F)F)cc6C5=O)cc4)ccc3nc2-c2ccccc2)cc1,280.0,,,,,,,,,
5879,P432675,*c1ccc(Oc2ccc(-c3nc4cc(Oc5ccc(NC(=O)CN6C(=O)c7ccc(C(c8ccc9c(c8)C(=O)N(CC(=O)Nc8ccc(Oc%10ccc%11nc(-c%12ccccc%12)c(*)nc%11c%10)cc8)C9=O)(C(F)(F)F)C(F)(F)F)cc7C6=O)cc5)ccc4nc3-c3ccccc3)cc2)cc1,260.0,,,,,,,,,
5880,P432676,*c1ccc(-c2nc3cc(Oc4ccc(NC(=O)CN5C(=O)c6ccc(C(c7ccc8c(c7)C(=O)N(CC(=O)Nc7ccc(Oc9ccc%10nc(-c%11ccccc%11)c(-c%11ccc(-n%12c(=O)c%13ccc%14c(=O)n(*)c(=O)c%15ccc(c%12=O)c%13c%14%15)cc%11)nc%10c9)cc7)C8=O)(C(F)(F)F)C(F)(F)F)cc6C5=O)cc4)ccc3nc2-c2ccccc2)cc1,306.0,,,,,,,,,
5881,P432677,*c1ccc(NC(=O)CN2C(=O)c3ccc(C(c4ccc5c(c4)C(=O)N(CC(=O)Nc4ccc(-c6nnc(*)o6)cc4)C5=O)(C(F)(F)F)C(F)(F)F)cc3C2=O)cc1,280.0,,,,,,,,,
5882,P432678,*c1ccc(Oc2ccc(NC(=O)CN3C(=O)c4ccc(C(c5ccc6c(c5)C(=O)N(CC(=O)Nc5ccc(Oc7ccc(-c8nnc(*)o8)cc7)cc5)C6=O)(C(F)(F)F)C(F)(F)F)cc4C3=O)cc2)cc1,263.0,,,,,,,,,
5883,P432685,*CN1C(=O)c2ccc(C(c3ccc4c(c3)C(=O)N(Cc3nnc(-c5ccc(-c6nnc(*)o6)cc5)o3)C4=O)(C(F)(F)F)C(F)(F)F)cc2C1=O,214.0,,,,,,,,,
5884,P432686,*CN1C(=O)c2ccc(C(c3ccc4c(c3)C(=O)N(Cc3nnc(-c5ccc(Oc6ccc(-c7nnc(*)o7)cc6)cc5)o3)C4=O)(C(F)(F)F)C(F)(F)F)cc2C1=O,210.0,,,,,,,,,
5885,P432687,*CN1C(=O)c2ccc(C(c3ccc4c(c3)C(=O)N(Cc3nnc(-c5ccc(-c6nnc(*)o6)c(Oc6ccccc6)c5)o3)C4=O)(C(F)(F)F)C(F)(F)F)cc2C1=O,208.0,,,,,,,,,
5886,P432688,*CN1C(=O)c2ccc(C(c3ccc4c(c3)C(=O)N(Cc3nc5cc(-c6ccc7oc(*)nc7c6)ccc5o3)C4=O)(C(F)(F)F)C(F)(F)F)cc2C1=O,231.0,,,,,,,,,
5887,P432690,*CN1C(=O)c2ccc(C(c3ccc4c(c3)C(=O)N(Cc3nc5ccc(Cc6ccc7nc(*)oc(=O)c7c6)cc5c(=O)o3)C4=O)(C(F)(F)F)C(F)(F)F)cc2C1=O,218.0,,,,,,,,,
5888,P432691,*c1ccc2c(c1)C(=O)N(c1ccc(C(=O)Nc3ccc(Oc4ccc(-c5ccc(Oc6ccc(NC(=O)c7ccc(N8C(=O)c9ccc(C(*)(C(F)(F)F)C(F)(F)F)cc9C8=O)cc7)cc6)cc5)cc4)cc3)cc1)C2=O,296.0,,,,,,,,,
5889,P432721,*CCCCCOC(=O)CCCCCCCCCCN1C(=O)c2ccc(-c3ccc(-c4ccc5c(c4)C(=O)N(CCCCCCCCCCC(=O)OCCCCCN4C(=O)c6ccc(-c7ccc8c(c7)C(=O)N(*)C8=O)cc6C4=O)C5=O)cc3)cc2C1=O,41.0,,,,,,,,,
5890,P432736,*c1ccc(Oc2ccc(C3(c4ccc(Oc5ccc(N6C(=O)c7ccc(Oc8ccc(C9(c%10ccc(Oc%11ccc%12c(c%11)C(=O)N(*)C%12=O)cc%10)CCC(c%10ccccc%10)CC9)cc8)cc7C6=O)cc5)cc4)CCC(C(C)(C)C)CC3)cc2)cc1,243.0,,,,,,,,,
5891,P432737,*c1ccc(Oc2c(C)cc(C(C)(C)c3cc(C)c(Oc4ccc(N5C(=O)c6ccc(Oc7ccc(C8(c9ccc(Oc%10ccc%11c(c%10)C(=O)N(*)C%11=O)cc9)CCC(c9ccccc9)CC8)cc7)cc6C5=O)cc4)c(C)c3)cc2C)cc1,232.0,,,,,,,,,
5892,P432738,*c1ccc(Oc2ccc(C3(c4ccc(Oc5ccc(N6C(=O)c7ccc(Oc8ccc(C9(c%10ccc(Oc%11ccc%12c(c%11)C(=O)N(*)C%12=O)cc%10)CCC(c%10ccccc%10)CC9)cc8)cc7C6=O)cc5)cc4)CC4CCC3C4)cc2)cc1,245.0,,,,,,,,,
5893,P432739,*c1ccc(Oc2ccc(Oc3ccc(N4C(=O)c5ccc(Oc6ccc(C7(c8ccc(Oc9ccc%10c(c9)C(=O)N(*)C%10=O)cc8)CCC(c8ccccc8)CC7)cc6)cc5C4=O)cc3)c(C(C)(C)C)c2)cc1,236.0,,,,,,,,,
5894,P432740,*c1ccc(Oc2ccc(-c3ccc(Oc4ccc(N5C(=O)c6ccc(Oc7ccc(C8(c9ccc(Oc%10ccc%11c(c%10)C(=O)N(*)C%11=O)cc9)CCC(c9ccccc9)CC8)cc7)cc6C5=O)cc4)cc3C)c(C)c2)cc1,226.0,,,,,,,,,
5895,P432741,*c1ccc(Cc2ccc(N3C(=O)c4ccc(Oc5ccc(C6(c7ccc(Oc8ccc9c(c8)C(=O)N(*)C9=O)cc7)CCC(c7ccccc7)CC6)cc5)cc4C3=O)cc2)cc1,232.0,,,,,,,,,
5896,P432742,*c1ccc(Oc2ccc(N3C(=O)c4ccc(Oc5ccc(C6(c7ccc(Oc8ccc9c(c8)C(=O)N(*)C9=O)cc7)CCC(c7ccccc7)CC6)cc5)cc4C3=O)cc2)cc1,236.0,,,,,,,,,
5897,P432745,*c1ccc(Oc2ccccc2Oc2ccc(-n3c(=O)c4cc5c(=O)n(*)c(=O)c5cc4c3=O)cc2)cc1,313.0,,,,,,,,,
5898,P432746,*c1ccc(Oc2ccc(Oc3ccc(-n4c(=O)c5cc6c(=O)n(*)c(=O)c6cc5c4=O)cc3)cc2C)cc1,310.0,,,,,,,,,
5899,P432747,*c1ccc(Oc2ccc(Oc3ccc(-n4c(=O)c5cc6c(=O)n(*)c(=O)c6cc5c4=O)cc3)cc2C(C)(C)C)cc1,314.0,,,,,,,,,
5900,P432748,*c1ccc(Oc2ccc(Oc3ccc(-n4c(=O)c5cc6c(=O)n(*)c(=O)c6cc5c4=O)cc3)cc2-c2ccccc2)cc1,271.0,,,,,,,,,
5901,P432749,*c1ccc(Oc2cc(C(C)(C)C)ccc2Oc2ccc(-n3c(=O)c4cc5c(=O)n(*)c(=O)c5cc4c3=O)cc2)cc1,321.0,,,,,,,,,
5902,P432750,*c1ccc(Oc2ccc(Oc3ccc(N4C(=O)c5ccc(-c6ccc7c(c6)C(=O)N(*)C7=O)cc5C4=O)cc3)cc2)cc1,265.0,,,,,,,,,
5903,P432751,*c1ccc(Oc2ccccc2Oc2ccc(N3C(=O)c4ccc(-c5ccc6c(c5)C(=O)N(*)C6=O)cc4C3=O)cc2)cc1,241.0,,,,,,,,,
5904,P432752,*c1ccc(Oc2ccc(Oc3ccc(N4C(=O)c5ccc(-c6ccc7c(c6)C(=O)N(*)C7=O)cc5C4=O)cc3)c(C)c2)cc1,265.0,,,,,,,,,
5905,P432753,*c1ccc(Oc2ccc(Oc3ccc(N4C(=O)c5ccc(-c6ccc7c(c6)C(=O)N(*)C7=O)cc5C4=O)cc3)c(C(C)(C)C)c2)cc1,274.0,,,,,,,,,
5906,P432754,*c1ccc(Oc2ccc(Oc3ccc(N4C(=O)c5ccc(-c6ccc7c(c6)C(=O)N(*)C7=O)cc5C4=O)cc3)c(-c3ccccc3)c2)cc1,247.0,,,,,,,,,
5907,P432755,*c1ccc(Oc2cc(C(C)(C)C)ccc2Oc2ccc(N3C(=O)c4ccc(-c5ccc6c(c5)C(=O)N(*)C6=O)cc4C3=O)cc2)cc1,257.0,,,,,,,,,
5908,P432756,*c1ccc(Oc2ccc(Oc3ccc(Oc4ccc(N5C(=O)c6ccc(-c7ccc8c(c7)C(=O)N(*)C8=O)cc6C5=O)cc4)cc3)cc2)cc1,228.51,,,,,,,,,
5909,P432757,*c1ccc(Oc2ccc(-c3ccc(Oc4ccc(N5C(=O)c6ccc(Oc7cccc(Oc8ccc9c(c8)C(=O)N(*)C9=O)c7)cc6C5=O)cc4)cc3)cc2)cc1,200.0,,,,,,,,,
5910,P432758,*c1ccc(Cc2ccc(-n3c(=O)c4cc5c(=O)n(*)c(=O)c5cc4c3=O)c(C(C)(C)C)c2)cc1C(C)(C)C,217.0,,,,,,,,,
5911,P432759,*c1ccc(Cc2ccc(N3C(=O)c4ccc(-c5ccc6c(c5)C(=O)N(*)C6=O)cc4C3=O)c(C(C)(C)C)c2)cc1C(C)(C)C,324.0,,,,,,,,,
5912,P432760,*C(=O)c1ccc2c(c1)C(=O)N(c1ccc(Cc3ccc(N4C(=O)c5ccc(*)cc5C4=O)c(C(C)(C)C)c3)cc1C(C)(C)C)C2=O,213.0,,,,,,,,,
5913,P432761,*c1ccc(Cc2ccc(N3C(=O)c4ccc(Oc5ccc6c(c5)C(=O)N(*)C6=O)cc4C3=O)c(C(C)(C)C)c2)cc1C(C)(C)C,216.0,,,,,,,,,
5914,P432762,*c1ccc(Oc2ccc(C3(c4ccc(Oc5ccc(N6C(=O)c7ccc(Oc8ccc(C9(c%10ccc(Oc%11ccc%12c(c%11)C(=O)N(*)C%12=O)cc%10)CCC(c%10ccccc%10)CC9)cc8)cc7C6=O)cc5)cc4)CC4CC3C3CCCC43)cc2)cc1,255.0,,,,,,,,,
5915,P432772,*c1cccc(P(C)(=O)c2cccc(N3C(=O)c4ccc(Oc5ccc(C(C)(C)c6ccc(Oc7ccc8c(c7)C(=O)N(*)C8=O)cc6)cc5)cc4C3=O)c2)c1,228.0,,,,,,,,,
5916,P432773,*c1cccc(P(=O)(c2ccccc2)c2cccc(N3C(=O)c4ccc(Oc5ccc(C(C)(C)c6ccc(Oc7ccc8c(c7)C(=O)N(*)C8=O)cc6)cc5)cc4C3=O)c2)c1,213.0,,,,,,,,,
5917,P432774,*c1ccc(NC2CC(=O)N(c3ccc(-c4sc(-c5ccc(N6C(=O)CC(Nc7ccc(-c8nc(-c9ccc(/C=C/c%10ccc([N+](=O)[O-])cc%10)s9)[nH]c8*)cc7)C6=O)cc5)c(-c5ccccc5)c4-c4ccccc4)cc3)C2=O)cc1,304.0,,,,,,,,,
5918,P432775,*c1cccc(Oc2ccc(P(=O)(c3ccccc3)c3ccccc3)c(Oc3cccc(N4C(=O)c5ccc(Oc6ccc7c(c6)C(=O)N(*)C7=O)cc5C4=O)c3)c2)c1,212.0,,,,,,,,,
5919,P432776,*c1cccc(Oc2ccc(P(=O)(c3ccccc3)c3ccccc3)c(Oc3cccc(N4C(=O)c5ccc(Oc6ccc(-c7ccc(Oc8ccc9c(c8)C(=O)N(*)C9=O)cc7)cc6)cc5C4=O)c3)c2)c1,227.0,,,,,,,,,
5920,P432777,*c1ccc2c(c1)C(=O)N(c1cccc(Oc3cc(Oc4cccc(N5C(=O)c6ccc(C(*)(C(F)(F)F)C(F)(F)F)cc6C5=O)c4)ccc3P(=O)(c3ccccc3)c3ccccc3)c1)C2=O,230.0,,,,,,,,,
5921,P432778,*c1cccc(Oc2ccc(P(=O)(c3ccccc3)c3ccccc3)c(Oc3cccc(N4C(=O)c5ccc(-c6ccc7c(c6)C(=O)N(*)C7=O)cc5C4=O)c3)c2)c1,234.0,,,,,,,,,
5922,P432779,*c1cccc(Oc2ccc(P(=O)(c3ccccc3)c3ccccc3)c(Oc3cccc(-n4c(=O)c5cc6c(=O)n(*)c(=O)c6cc5c4=O)c3)c2)c1,251.0,,,,,,,,,
5923,P432780,*c1ccc2c(c1)C(=O)N(c1ccc(C(=O)Nc3ccc(C(c4ccc(NC(=O)c5ccc(N6C(=O)c7ccc(C(*)(C(F)(F)F)C(F)(F)F)cc7C6=O)cc5)cc4)(C(F)(F)F)C(F)(F)F)cc3)cc1)C2=O,351.0,,,,,,,,,
5924,P432781,*c1ccc2c(c1)C(=O)N(c1ccc(C(=O)Nc3ccc(C(c4ccc(NC(=O)c5ccc(N6C(=O)c7ccc(C(*)(C(F)(F)F)C(F)(F)F)cc7C6=O)c(C)c5)cc4)(C(F)(F)F)C(F)(F)F)cc3)cc1C)C2=O,344.0,,,,,,,,,
5925,P432782,*C(=O)Nc1ccc(Cc2ccc(NC(=O)c3ccc4c(c3)C(=O)N(c3c(C)cc(-c5cc(C)c(N6C(=O)c7ccc(*)cc7C6=O)c(C)c5)cc3C)C4=O)c(C)c2)cc1C,329.0,,,,,,,,,
5926,P432783,*c1ccc2c(c1)C(=O)N(c1cc(C(=O)Oc3ccc(C(c4ccc(OC(=O)c5ccc(C)c(N6C(=O)c7ccc(C(*)(C(F)(F)F)C(F)(F)F)cc7C6=O)c5)cc4)(C(F)(F)F)C(F)(F)F)cc3)ccc1C)C2=O,289.0,,,,,,,,,
5927,P432784,*C(=O)Oc1ccc(C(c2ccc(OC(=O)c3ccc4c(c3)C(=O)N(c3c(C)cc(-c5cc(C)c(N6C(=O)c7ccc(*)cc7C6=O)c(C)c5)cc3C)C4=O)cc2)(C(F)(F)F)C(F)(F)F)cc1,335.0,,,,,,,,,
5928,P432785,*C(=O)Oc1c(C)cc(C(c2cc(C)c(OC(=O)c3ccc4c(c3)C(=O)N(c3c(C)cc(-c5cc(C)c(N6C(=O)c7ccc(*)cc7C6=O)c(C)c5)cc3C)C4=O)c(C)c2)(C(F)(F)F)C(F)(F)F)cc1C,327.0,,,,,,,,,
5929,P432786,*c1ccc2c(c1)C(=O)N(c1c(C)cc(-c3cc(C)c(-c4cc(C)c(N5C(=O)c6ccc(C(*)(C(F)(F)F)C(F)(F)F)cc6C5=O)c(C)c4)cc3C)cc1C)C2=O,361.0,,,,,,,,,
5930,P432787,*c1cccc(C(c2ccccc2)(c2cccc(N3C(=O)c4ccc(Oc5ccc6c(c5)C(=O)N(*)C6=O)cc4C3=O)c2)C(F)(F)F)c1,293.0,,,,,,,,,
5931,P432788,*C(=O)c1ccc2c(c1)C(=O)N(c1cccc(C(c3ccccc3)(c3cccc(N4C(=O)c5ccc(*)cc5C4=O)c3)C(F)(F)F)c1)C2=O,311.0,,,,,,,,,
5932,P432789,*c1ccc2c(c1)C(=O)N(c1cccc(C(c3ccccc3)(c3cccc(N4C(=O)c5ccc(C(*)(C(F)(F)F)C(F)(F)F)cc5C4=O)c3)C(F)(F)F)c1)C2=O,305.0,,,,,,,,,
5933,P432790,*CCN(CCN1C(=O)c2ccc(C(c3ccc4c(c3)C(=O)N(*)C4=O)(C(F)(F)F)C(F)(F)F)cc2C1=O)c1ccc(/C=C/C2=CC(=C(C#N)C#N)CC(C)(C)C2)cc1,224.0,,,,,,,,,
5934,P432792,*CCN(CCN1C(=O)c2ccc(C(c3ccc4c(c3)C(=O)N(*)C4=O)(C(F)(F)F)C(F)(F)F)cc2C1=O)c1ccc(/N=N/c2ccc([N+](=O)[O-])cc2)cc1,210.0,,,,,,,,,
5935,P432793,*CCN(CCN1C(=O)c2ccc(C(c3ccc4c(c3)C(=O)N(*)C4=O)(C(F)(F)F)C(F)(F)F)cc2C1=O)c1ccc(/N=N/c2ccc([N+](=O)[O-])cc2C)cc1,205.0,,,,,,,,,
5936,P432794,*CCN(CCN1C(=O)c2ccc(C(c3ccc4c(c3)C(=O)N(*)C4=O)(C(F)(F)F)C(F)(F)F)cc2C1=O)c1ccc(/N=N/c2ccc(C#N)cc2)cc1,213.0,,,,,,,,,
5937,P432798,*c1ccc2c(c1)C(=O)N(c1ccc(C(=O)Nc3ccc(Oc4ccc(Oc5ccc(NC(=O)c6ccc(N7C(=O)c8ccc(C(*)(C(F)(F)F)C(F)(F)F)cc8C7=O)cc6)cc5)cc4)cc3)cc1)C2=O,303.0,,,,,,,,,
5938,P432799,*c1ccc2c(c1)C(=O)N(c1ccc(C(=O)Nc3ccc(Oc4cccc(Oc5ccc(NC(=O)c6ccc(N7C(=O)c8ccc(C(*)(C(F)(F)F)C(F)(F)F)cc8C7=O)cc6)cc5)c4)cc3)cc1)C2=O,286.0,,,,,,,,,
5939,P432800,*c1ccc2c(c1)C(=O)N(c1ccc(C(=O)Nc3ccc(Oc4ccccc4Oc4ccc(NC(=O)c5ccc(N6C(=O)c7ccc(C(*)(C(F)(F)F)C(F)(F)F)cc7C6=O)cc5)cc4)cc3)cc1)C2=O,281.0,,,,,,,,,
5940,P432801,*c1ccc2c(c1)C(=O)N(c1ccc(C(=O)Nc3ccc(Oc4ccc(C(c5ccc(Oc6ccc(NC(=O)c7ccc(N8C(=O)c9ccc(C(*)(C(F)(F)F)C(F)(F)F)cc9C8=O)cc7)cc6)cc5)(C(F)(F)F)C(F)(F)F)cc4)cc3)cc1)C2=O,293.0,,,,,,,,,
5941,P432802,*c1ccc2c(c1)C(=O)N(c1cccc(C(=O)Nc3ccc(-c4ccc(NC(=O)c5cccc(N6C(=O)c7ccc(C(*)(C(F)(F)F)C(F)(F)F)cc7C6=O)c5)cc4)cc3)c1)C2=O,324.0,,,,,,,,,
5942,P432803,*c1ccc2c(c1)C(=O)N(c1cccc(C(=O)Nc3ccc(NC(=O)c4ccc(NC(=O)c5cccc(N6C(=O)c7ccc(C(*)(C(F)(F)F)C(F)(F)F)cc7C6=O)c5)cc4)cc3)c1)C2=O,328.0,,,,,,,,,
5943,P432804,*c1ccc2c(c1)C(=O)N(c1cccc(C(=O)Nc3ccc(Oc4ccc(Oc5ccc(NC(=O)c6cccc(N7C(=O)c8ccc(C(*)(C(F)(F)F)C(F)(F)F)cc8C7=O)c6)cc5)cc4)cc3)c1)C2=O,283.0,,,,,,,,,
5944,P432805,*c1ccc2c(c1)C(=O)N(c1cccc(C(=O)Nc3ccc(Oc4cccc(Oc5ccc(NC(=O)c6cccc(N7C(=O)c8ccc(C(*)(C(F)(F)F)C(F)(F)F)cc8C7=O)c6)cc5)c4)cc3)c1)C2=O,264.0,,,,,,,,,
5945,P432806,*c1ccc2c(c1)C(=O)N(c1cccc(C(=O)Nc3ccc(Oc4ccccc4Oc4ccc(NC(=O)c5cccc(N6C(=O)c7ccc(C(*)(C(F)(F)F)C(F)(F)F)cc7C6=O)c5)cc4)cc3)c1)C2=O,265.0,,,,,,,,,
5946,P432807,*c1ccc2c(c1)C(=O)N(c1cccc(C(=O)Nc3ccc(Oc4ccc(-c5ccc(Oc6ccc(NC(=O)c7cccc(N8C(=O)c9ccc(C(*)(C(F)(F)F)C(F)(F)F)cc9C8=O)c7)cc6)cc5)cc4)cc3)c1)C2=O,280.0,,,,,,,,,
5947,P432808,*c1ccc2c(c1)C(=O)N(c1cccc(C(=O)Nc3ccc(Oc4ccc(C(C)(C)c5ccc(Oc6ccc(NC(=O)c7cccc(N8C(=O)c9ccc(C(*)(C(F)(F)F)C(F)(F)F)cc9C8=O)c7)cc6)cc5)cc4)cc3)c1)C2=O,259.0,,,,,,,,,
5948,P432809,*c1ccc2c(c1)C(=O)N(c1cccc(C(=O)Nc3ccc(Oc4ccc(C(c5ccc(Oc6ccc(NC(=O)c7cccc(N8C(=O)c9ccc(C(*)(C(F)(F)F)C(F)(F)F)cc9C8=O)c7)cc6)cc5)(C(F)(F)F)C(F)(F)F)cc4)cc3)c1)C2=O,266.0,,,,,,,,,
5949,P432810,*c1ccc(Oc2ccc(C(c3ccc(Oc4ccc(N5C(=O)c6ccc(Oc7c(C)cc(C(C)(C)c8cc(C)c(Oc9ccc%10c(c9)C(=O)N(*)C%10=O)c(C)c8)cc7C)cc6C5=O)cc4)cc3)(C(F)(F)F)C(F)(F)F)cc2)cc1,244.0,,,,,,,,,
5950,P432811,*c1ccc(Oc2ccc(Oc3ccc(N4C(=O)c5ccc(Oc6c(C)cc(C(C)(C)c7cc(C)c(Oc8ccc9c(c8)C(=O)N(*)C9=O)c(C)c7)cc6C)cc5C4=O)cc3)c(C(C)(C)C)c2)cc1,244.0,,,,,,,,,
5951,P432812,*c1ccc(-c2ccc(N3C(=O)c4ccc(Oc5c(C)cc(C(C)(C)c6cc(C)c(Oc7ccc8c(c7)C(=O)N(*)C8=O)c(C)c6)cc5C)cc4C3=O)cc2C(F)(F)F)c(C(F)(F)F)c1,262.0,,,,,,,,,
5952,P432813,*c1ccc(Oc2ccc(-c3ccc(Oc4ccc(N5C(=O)c6ccc(Oc7c(C)cc(C(C)(C)c8cc(C)c(Oc9ccc%10c(c9)C(=O)N(*)C%10=O)c(C)c8)cc7C)cc6C5=O)cc4)cc3C)c(C)c2)cc1,257.0,,,,,,,,,
5953,P432814,*c1ccc(Oc2ccc(C3(c4ccc(Oc5ccc(N6C(=O)c7ccc(Oc8c(C)cc(C(C)(C)c9cc(C)c(Oc%10ccc%11c(c%10)C(=O)N(*)C%11=O)c(C)c9)cc8C)cc7C6=O)cc5)cc4)C4CC5CC(C4)CC3C5)cc2)cc1,282.0,,,,,,,,,
5954,P432815,*c1ccc(Oc2ccc(C3(c4ccc(Oc5ccc(N6C(=O)c7ccc(Oc8c(C)cc(C(C)(C)c9cc(C)c(Oc%10ccc%11c(c%10)C(=O)N(*)C%11=O)c(C)c9)cc8C)cc7C6=O)cc5)cc4)CC4CCC3C4)cc2)cc1,265.0,,,,,,,,,
5955,P432816,*c1ccc2c(c1)C(=O)N(c1ccc(Oc3ccccc3-c3ccccc3Oc3ccc(N4C(=O)c5ccc(C(*)(C(F)(F)F)C(F)(F)F)cc5C4=O)cc3)cc1)C2=O,78.0,,,,,,,,,
5956,P432820,*c1ccc(Oc2ccc(-c3ccc(Oc4ccc(N5C(=O)c6ccc(Oc7ccc8c(c7)C(=O)N(*)C8=O)cc6C5=O)cc4)cc3)cc2)cc1,245.0,,,,,,,,,
5957,P432822,*c1ccc(Oc2ccc(C3(c4ccc(Oc5ccc(N6C(=O)c7ccc(Oc8c(C)cc(C(C)(C)c9cc(C)c(Oc%10ccc%11c(c%10)C(=O)N(*)C%11=O)c(C)c9)cc8C)cc7C6=O)cc5)cc4)CC4CC3C3CCCC43)cc2)cc1,262.0,,,,,,,,,
5958,P432823,*c1ccc(Oc2ccc(N3C(=O)C4CCC(C5CCC6C(=O)N(*)C(=O)C6C5)CC4C3=O)cc2)cc1,257.0,,,,,,,,,
5959,P432824,*c1ccc(Cc2ccc(N3C(=O)C4CCC(C5CCC6C(=O)N(*)C(=O)C6C5)CC4C3=O)cc2)cc1,260.0,,,,,,,,,
5960,P432825,*c1ccc(Oc2ccc(Oc3ccc(N4C(=O)C5CCC(C6CCC7C(=O)N(*)C(=O)C7C6)CC5C4=O)cc3)cc2)cc1,238.0,,,,,,,,,
5961,P432826,*c1ccc(Oc2cccc(Oc3ccc(N4C(=O)C5CCC(C6CCC7C(=O)N(*)C(=O)C7C6)CC5C4=O)cc3)c2)cc1,215.0,,,,,,,,,
5962,P432827,*c1ccc(Oc2ccc(C(C)(C)c3ccc(Oc4ccc(N5C(=O)C6CCC(C7CCC8C(=O)N(*)C(=O)C8C7)CC6C5=O)cc4)cc3)cc2)cc1,225.0,,,,,,,,,
5963,P432828,*c1ccc(Oc2ccc(S(=O)(=O)c3ccc(Oc4ccc(N5C(=O)C6CCC(C7CCC8C(=O)N(*)C(=O)C8C7)CC6C5=O)cc4)cc3)cc2)cc1,256.5,,,,,,,,,
5964,P432829,*c1ccc(Oc2ccc(Oc3ccc(Oc4ccc(N5C(=O)C6CCC(C7CCC8C(=O)N(*)C(=O)C8C7)CC6C5=O)cc4)cc3)cc2)cc1,217.0,,,,,,,,,
5965,P432830,*c1cccc(N2C(=O)C3CCC(C4CCC5C(=O)N(*)C(=O)C5C4)CC3C2=O)c1,263.0,,,,,,,,,
5966,P432832,*C(=O)c1ccc2c(c1)C(=O)N(c1cc(C(c3ccc(O)c(N4C(=O)c5ccc(*)cc5C4=O)c3)(C(F)(F)F)C(F)(F)F)ccc1O)C2=O,315.0,,,,,,,,,
5967,P432833,*c1ccc2c(c1)C(=O)N(c1cc(-c3ccc(O)c(N4C(=O)c5ccc(C(*)(C(F)(F)F)C(F)(F)F)cc5C4=O)c3)ccc1O)C2=O,370.0,,,,,,,,,
5968,P432835,*C(=O)c1ccc2c(c1)C(=O)N(c1ccc(-c3ccc(N4C(=O)c5ccc(*)cc5C4=O)c(OCCCCCCOc4ccc(/C=C/c5ccc(F)cc5)cc4)c3)cc1OCCCCCCOc1ccc(/C=C/c3ccc(F)cc3)cc1)C2=O,128.0,,,,,,,,,
5969,P432836,*c1ccc(-c2ccc(N3C(=O)c4ccc(Oc5ccc6c(c5)C(=O)N(*)C6=O)cc4C3=O)c(OCCCCCCOc3ccc(/C=C/c4ccc(F)cc4)cc3)c2)cc1OCCCCCCOc1ccc(/C=C/c2ccc(F)cc2)cc1,124.0,,,,,,,,,
5970,P432837,*c1ccc2c(c1)C(=O)N(c1ccc(-c3ccc(N4C(=O)c5ccc(C(*)(C(F)(F)F)C(F)(F)F)cc5C4=O)c(OCCCCCCOc4ccc(/C=C/c5ccc(F)cc5)cc4)c3)cc1OCCCCCCOc1ccc(/C=C/c3ccc(F)cc3)cc1)C2=O,140.0,,,,,,,,,
5971,P432843,*c1ccc2c(c1)C(=O)N(c1ccc(-c3ccc(N4C(=O)c5ccc(C(*)(C(F)(F)F)C(F)(F)F)cc5C4=O)c(OC(=O)/C=C/c4ccccc4)c3)cc1OC(=O)/C=C/c1ccccc1)C2=O,181.0,,,,,,,,,
5972,P432844,*C1=C(c2ccc(-c3ccc4c(c3)C(CCCCCC)(CCCCCC)c3cc(-c5ccc(*)cc5)ccc3-4)cc2)C(=O)N(CCCC)C1=O,155.0,,,,,,,,,
5973,P432845,*C1=C(c2ccc(-c3ccc4c(c3)C(CCCCCC)(CCCCCC)c3cc(-c5ccc(*)cc5)ccc3-4)cc2)C(=O)N(CCCCCCCC)C1=O,122.0,,,,,,,,,
5974,P432846,*C1=C(c2ccc(-c3ccc4c(c3)C(CCCCCC)(CCCCCC)c3cc(-c5ccc(*)cc5)ccc3-4)cc2)C(=O)N(CCCCCCCCCCCC)C1=O,100.0,,,,,,,,,
5975,P432847,*c1ccc(NC2CC(=O)N(c3ccc(-c4sc(-c5ccc(N6C(=O)CC(Nc7ccc(-c8nc(C#N)c(C#N)nc8*)cc7)C6=O)cc5)c(-c5ccccc5)c4-c4ccccc4)cc3)C2=O)cc1,231.0,,,,,,,,,
5976,P432866,*c1ccc2c(c1)C(=O)N(c1ccc(-c3ccc(N4C(=O)c5ccc(C(*)(C(F)(F)F)C(F)(F)F)cc5C4=O)c(OCCN(CC)c4ccc(C(C#N)=C(C#N)C#N)cc4)c3)cc1OCCN(CC)c1ccc(C(C#N)=C(C#N)C#N)cc1)C2=O,222.0,,,,,,,,,
5977,P432872,*C(=O)c1ccc2c(c1)C(=O)N(c1ccc(-c3ccc(N4C(=O)c5ccc(*)cc5C4=O)cc3C)c(C)c1)C2=O,385.0,,,,,,,,,
5978,P432874,*c1ccc(C2C3C(=O)N(c4ccc(N5C(=O)C6ON(C)C(*)C6C5=O)cc4)C(=O)C3ON2C)cc1,67.0,,,,,,,,,
5979,P432875,*c1ccc(OCCCCCCOc2ccc(C3C4C(=O)N(c5ccc(N6C(=O)C7ON(C)C(*)C7C6=O)cc5)C(=O)C4ON3C)cc2)cc1,52.0,,,,,,,,,
5980,P432877,*c1ccc2nc(-c3ccc4c(c3)C(=O)N(c3cc(C(*)(C(F)(F)F)C(F)(F)F)ccc3O)C4=O)oc2c1,329.0,,,,,,,,,
5981,P432878,*c1cccc(N2C(=O)C(=O)N(CCCCCCN3C(=O)C(=O)N(*)C3=O)C2=O)n1,169.5,,,,,,,,,
5982,P432879,*c1cccc(N2C(=O)C(=O)N(c3ccc(Cc4ccc(N5C(=O)C(=O)N(*)C5=O)cc4)cc3)C2=O)n1,237.0,,,,,,,,,
5983,P432880,*c1ccc(Oc2ccc(N3C(=O)c4cc(-c5ccc(C(C)(C)C)cc5)c(-c5cc6c(cc5-c5ccc(C(C)(C)C)cc5)C(=O)N(*)C6=O)cc4C3=O)cc2)cc1,370.0,,,,,,,,,
5984,P432881,*c1ccc(Cc2ccc(N3C(=O)c4cc(-c5ccc(C(C)(C)C)cc5)c(-c5cc6c(cc5-c5ccc(C(C)(C)C)cc5)C(=O)N(*)C6=O)cc4C3=O)cc2)cc1,360.0,,,,,,,,,
5985,P432882,*c1ccc(C(c2ccc(N3C(=O)c4cc(-c5ccc(C(C)(C)C)cc5)c(-c5cc6c(cc5-c5ccc(C(C)(C)C)cc5)C(=O)N(*)C6=O)cc4C3=O)cc2)(C(F)(F)F)C(F)(F)F)cc1,381.0,,,,,,,,,
5986,P432883,*c1ccc(Oc2ccc(N3C(=O)c4cc(-c5ccc([Si](C)(C)C)cc5)c(-c5cc6c(cc5-c5ccc([Si](C)(C)C)cc5)C(=O)N(*)C6=O)cc4C3=O)cc2)cc1,348.0,,,,,,,,,
5987,P432884,*c1ccc(Cc2ccc(N3C(=O)c4cc(-c5ccc([Si](C)(C)C)cc5)c(-c5cc6c(cc5-c5ccc([Si](C)(C)C)cc5)C(=O)N(*)C6=O)cc4C3=O)cc2)cc1,348.0,,,,,,,,,
5988,P432885,*c1ccc(C(c2ccc(N3C(=O)c4cc(-c5ccc([Si](C)(C)C)cc5)c(-c5cc6c(cc5-c5ccc([Si](C)(C)C)cc5)C(=O)N(*)C6=O)cc4C3=O)cc2)(C(F)(F)F)C(F)(F)F)cc1,365.0,,,,,,,,,
5989,P432888,*/C=C/C1CC(*)C2C(=O)N(CCCCCCC)C(=O)C12,59.0,,,,,,,,,
5990,P432889,*/C=C/C1CC(*)C2C(=O)N(CCCCCCCC)C(=O)C12,56.5,,,,,,,,,
5991,P432890,*/C=C/C1CC(*)C2C(=O)N(CCCCCCCCCC)C(=O)C12,46.0,,,,,,,,,
5992,P432891,*/C=C/C1CC(*)C2C(=O)N(CCCCCCCCC)C(=O)C12,52.0,,,,,,,,,
5993,P432892,*/C=C/C1CC(*)C2C(=O)N(CCCCCCCCCCCC)C(=O)C12,50.0,,,,,,,,,
5994,P432893,*/C=C/C1CC(*)C2C(=O)N(CCC)C(=O)C12,139.0,,,,,,,,,
5995,P432894,*c1ccc(Oc2ccc(-c3ccc(Oc4ccc(N5C(=O)c6ccc(Oc7ccc(C8(c9ccc(Oc%10ccc%11c(c%10)C(=O)N(*)C%11=O)cc9)CCCCCCCCCCC8)cc7)cc6C5=O)cc4)cc3C)c(C)c2)cc1,257.0,,,,,,,,,
5996,P432895,*c1ccc(Cc2ccc(N3C(=O)c4ccc(Oc5ccc(C6(c7ccc(Oc8ccc9c(c8)C(=O)N(*)C9=O)cc7)CCCCCCCCCCC6)cc5)cc4C3=O)cc2)cc1,240.0,,,,,,,,,
5997,P432896,*c1ccc(Oc2ccc(Oc3ccc(N4C(=O)c5ccc(Oc6ccc(C7(c8ccc(Oc9ccc%10c(c9)C(=O)N(*)C%10=O)cc8)CCCCCCCCCCC7)cc6)cc5C4=O)cc3)c(C(C)(C)C)c2)cc1,262.0,,,,,,,,,
5998,P432897,*c1ccc(Oc2ccc(N3C(=O)c4ccc(Oc5ccc(C6(c7ccc(Oc8ccc9c(c8)C(=O)N(*)C9=O)cc7)CCCCCCCCCCC6)cc5)cc4C3=O)cc2)cc1,230.0,,,,,,,,,
5999,P432898,*c1ccc(Oc2ccc(C3(c4ccc(Oc5ccc(N6C(=O)c7ccc(Oc8ccc(C9(c%10ccc(Oc%11ccc%12c(c%11)C(=O)N(*)C%12=O)cc%10)CCCCCCCCCCC9)cc8)cc7C6=O)cc5)cc4)CC4CCC3C4)cc2)cc1,259.0,,,,,,,,,
6000,P432899,*c1ccc(Oc2ccc(C3(c4ccc(Oc5ccc(N6C(=O)c7ccc(Oc8ccc(C9(c%10ccc(Oc%11ccc%12c(c%11)C(=O)N(*)C%12=O)cc%10)CCCCCCCCCCC9)cc8)cc7C6=O)cc5)cc4)CCC(C(C)(C)C)CC3)cc2)cc1,254.0,,,,,,,,,
6001,P432900,*c1ccc(Oc2ccc(C3(c4ccc(Oc5ccc(N6C(=O)c7ccc(Oc8ccc(C9(c%10ccc(Oc%11ccc%12c(c%11)C(=O)N(*)C%12=O)cc%10)CCCCCCCCCCC9)cc8)cc7C6=O)cc5)cc4)C4CC5CC(C4)CC3C5)cc2)cc1,262.0,,,,,,,,,
6002,P432902,*c1ccc(Cc2ccc(N3C(=O)c4cccc5c(N6CCC(CCCC7CCN(c8ccc9c%10c(cccc8%10)C(=O)N(*)C9=O)CC7)CC6)ccc(c45)C3=O)c(C(C)(C)C)c2)cc1C(C)(C)C,202.7,,,,,,,,,
6003,P432903,*C(=O)Nc1ccc(Oc2ccccc2-c2ccccc2Oc2ccc(NC(=O)c3ccc4c(c3)C(=O)N(c3ccc(N5C(=O)c6ccc(*)cc6C5=O)cc3)C4=O)cc2)cc1,268.0,,,,,,,,,
6004,P432905,*C(=O)Nc1ccc(Oc2ccccc2-c2ccccc2Oc2ccc(NC(=O)c3ccc4c(c3)C(=O)N(c3cccc(N5C(=O)c6ccc(*)cc6C5=O)c3)C4=O)cc2)cc1,237.0,,,,,,,,,
6005,P432906,*C(=O)Nc1ccc(Oc2ccc(-c3ccc(Oc4ccc(NC(=O)c5ccc6c(c5)C(=O)N(c5cccc(N7C(=O)c8ccc(*)cc8C7=O)c5)C6=O)cc4)cc3)cc2)cc1,292.0,,,,,,,,,
6006,P432907,*C(=O)Nc1ccc(Oc2ccccc2-c2ccccc2Oc2ccc(NC(=O)c3ccc4c(c3)C(=O)N(c3ccc(C)c(N5C(=O)c6ccc(*)cc6C5=O)c3)C4=O)cc2)cc1,266.0,,,,,,,,,
6007,P432908,*C(=O)Nc1ccc(Oc2ccc(-c3ccc(Oc4ccc(NC(=O)c5ccc6c(c5)C(=O)N(c5ccc(C)c(N7C(=O)c8ccc(*)cc8C7=O)c5)C6=O)cc4)cc3)cc2)cc1,299.0,,,,,,,,,
6008,P432909,*C(=O)Nc1ccc(Oc2ccccc2-c2ccccc2Oc2ccc(NC(=O)c3ccc4c(c3)C(=O)N(c3ccc(Cc5ccc(N6C(=O)c7ccc(*)cc7C6=O)cc5)cc3)C4=O)cc2)cc1,240.0,,,,,,,,,
6009,P432911,*C(=O)Nc1ccc(Oc2ccccc2-c2ccccc2Oc2ccc(NC(=O)c3ccc4c(c3)C(=O)N(c3ccc(Oc5ccc(N6C(=O)c7ccc(*)cc7C6=O)cc5)cc3)C4=O)cc2)cc1,244.0,,,,,,,,,
6010,P432912,*C(=O)Nc1ccc(Oc2ccc(-c3ccc(Oc4ccc(NC(=O)c5ccc6c(c5)C(=O)N(c5ccc(Oc7ccc(N8C(=O)c9ccc(*)cc9C8=O)cc7)cc5)C6=O)cc4)cc3)cc2)cc1,286.0,,,,,,,,,
6011,P432913,*C(=O)Nc1ccc(Oc2ccccc2-c2ccccc2Oc2ccc(NC(=O)c3ccc4c(c3)C(=O)N(c3ccc(Oc5ccc(N6C(=O)c7ccc(*)cc7C6=O)cc5)cc3)C4=O)cc2)cc1,239.0,,,,,,,,,
6012,P432914,*C(=O)Nc1ccc(Oc2ccc(-c3ccc(Oc4ccc(NC(=O)c5ccc6c(c5)C(=O)N(c5ccc(Oc7ccc(N8C(=O)c9ccc(*)cc9C8=O)cc7)cc5)C6=O)cc4)cc3)cc2)cc1,262.0,,,,,,,,,
6013,P432915,*C(=O)Nc1ccc(Oc2ccccc2-c2ccccc2Oc2ccc(NC(=O)c3ccc4c(c3)C(=O)N(c3ccc(Oc5ccc(Oc6ccc(N7C(=O)c8ccc(*)cc8C7=O)cc6)cc5)cc3)C4=O)cc2)cc1,238.0,,,,,,,,,
6014,P432917,*C(=O)Nc1ccc(Oc2ccccc2-c2ccccc2Oc2ccc(NC(=O)c3ccc4c(c3)C(=O)N(c3ccc(Oc5cccc(Oc6ccc(N7C(=O)c8ccc(*)cc8C7=O)cc6)c5)cc3)C4=O)cc2)cc1,229.0,,,,,,,,,
6015,P432919,*C(=O)Nc1ccc(Oc2ccccc2-c2ccccc2Oc2ccc(NC(=O)c3ccc4c(c3)C(=O)N(c3ccc(Oc5ccccc5-c5ccccc5Oc5ccc(N6C(=O)c7ccc(*)cc7C6=O)cc5)cc3)C4=O)cc2)cc1,227.0,,,,,,,,,
6016,P432920,*C(=O)Nc1ccc(Oc2ccc(-c3ccc(Oc4ccc(NC(=O)c5ccc6c(c5)C(=O)N(c5ccc(Oc7ccccc7-c7ccccc7Oc7ccc(N8C(=O)c9ccc(*)cc9C8=O)cc7)cc5)C6=O)cc4)cc3)cc2)cc1,254.0,,,,,,,,,
6017,P432921,*C(=O)Nc1ccc(Oc2ccccc2-c2ccccc2Oc2ccc(NC(=O)c3ccc4c(c3)C(=O)N(c3ccc(Oc5ccc(-c6ccc(Oc7ccc(N8C(=O)c9ccc(*)cc9C8=O)cc7)cc6)cc5)cc3)C4=O)cc2)cc1,239.0,,,,,,,,,
6018,P432923,*C(=O)Nc1ccc(Oc2ccccc2-c2ccccc2Oc2ccc(NC(=O)c3ccc4c(c3)C(=O)N(c3ccc(Oc5ccc(C(C)(C)c6ccc(Oc7ccc(N8C(=O)c9ccc(*)cc9C8=O)cc7)cc6)cc5)cc3)C4=O)cc2)cc1,229.0,,,,,,,,,
6019,P432924,*C(=O)Nc1ccc(Oc2ccc(-c3ccc(Oc4ccc(NC(=O)c5ccc6c(c5)C(=O)N(c5ccc(Oc7ccc(C(C)(C)c8ccc(Oc9ccc(N%10C(=O)c%11ccc(*)cc%11C%10=O)cc9)cc8)cc7)cc5)C6=O)cc4)cc3)cc2)cc1,283.0,,,,,,,,,
6020,P432925,*C(=O)Nc1ccc(Oc2ccccc2-c2ccccc2Oc2ccc(NC(=O)c3ccc4c(c3)C(=O)N(c3ccc(Oc5ccc(S(=O)(=O)c6ccc(Oc7ccc(N8C(=O)c9ccc(*)cc9C8=O)cc7)cc6)cc5)cc3)C4=O)cc2)cc1,236.0,,,,,,,,,
6021,P432926,*C(=O)Nc1ccc(Oc2ccc(-c3ccc(Oc4ccc(NC(=O)c5ccc6c(c5)C(=O)N(c5ccc(Oc7ccc(S(=O)(=O)c8ccc(Oc9ccc(N%10C(=O)c%11ccc(*)cc%11C%10=O)cc9)cc8)cc7)cc5)C6=O)cc4)cc3)cc2)cc1,267.0,,,,,,,,,
6022,P432927,*c1ccc2c(c1)C(=O)N(c1ccc(Oc3ccc4ccc(Oc5ccc(N6C(=O)c7ccc(C(*)(C(F)(F)F)C(F)(F)F)cc7C6=O)cc5)cc4c3)cc1)C2=O,302.3,,,,,,,,,
6023,P432928,*c1ccc(Oc2ccc3ccc(Oc4ccc(-n5c(=O)c6cc7c(=O)n(*)c(=O)c7cc6c5=O)cc4)cc3c2)cc1,320.8,,,,,,,,,
6024,P432941,*c1ccc(Cc2ccc(NC(=O)c3cccc(-c4nc5cc(-c6ccc7[nH]c(-c8cccc(C(=O)Nc9ccc(Cc%10ccc(-n%11c(=O)c%12cc%13c(=O)n(*)c(=O)c%13cc%12c%11=O)cc%10)cc9)c8)nc7c6)ccc5[nH]4)c3)cc2)cc1,277.0,,,,,,,,,
6025,P432942,*c1cccc(C(=O)Nc2ccc(Cc3ccc(N4C(=O)c5ccc(S(=O)(=O)c6ccc7c(c6)C(=O)N(c6ccc(Cc8ccc(NC(=O)c9cccc(-c%10nc%11cc(-c%12ccc%13[nH]c(*)nc%13c%12)ccc%11[nH]%10)c9)cc8)cc6)C7=O)cc5C4=O)cc3)cc2)c1,270.0,,,,,,,,,
6026,P432943,*CCC1C(=O)N(C)C(=O)C1*,141.2,,,,,,,,,
6027,P432944,*CCC1C(=O)N(CC)C(=O)C1*,109.2,,,,,,,,,
6028,P432945,*CCC1C(=O)N(CCC)C(=O)C1*,90.4,,,,,,,,,
6029,P432946,*CCC1C(=O)N(CCCC)C(=O)C1*,67.9,,,,,,,,,
6030,P432947,*CCC1C(=O)N(CCCCCC)C(=O)C1*,41.5,,,,,,,,,
6031,P432948,*CCC1C(=O)N(CCCCCCCCCCCC)C(=O)C1*,55.4,,,,,,,,,
6032,P432949,*CCC1C(=O)N(CCCCCCCCCCCCCC)C(=O)C1*,62.4,,,,,,,,,
6033,P432950,*CCC1C(=O)N(CCCCCCCCCCCCCCCC)C(=O)C1*,65.6,,,,,,,,,
6034,P432951,*CCC1C(=O)N(CCCCCCCCCCCCCCCCCC)C(=O)C1*,67.1,,,,,,,,,
6035,P432961,*C(=O)N1C(=O)N(C(=O)c2ccc3c(c2)C(=O)N(c2ccc(Oc4ccc(N5C(=O)c6ccc(*)cc6C5=O)cc4)cc2)C3=O)C(C)(C)C1=O,156.0,,,,,,,,,
6036,P432963,*C(=O)N1C(=O)N(C(=O)c2ccc3c(c2)C(=O)N(c2ccc(Oc4ccc(N5C(=O)c6ccc(*)cc6C5=O)cc4)cc2)C3=O)C(CC)(CC)C1=O,160.0,,,,,,,,,
6037,P432968,*CC(c1ccccc1)C1C(=O)N(C(C)(C)C)C(=O)C1*,178.0,,,,,,,,,
6038,P432969,*CC(c1ccccc1)C1C(=O)N(c2ccc(C(C)(C)C)cc2)C(=O)C1*,237.0,,,,,,,,,
6039,P432970,*CC(c1ccccc1)C1C(=O)N(c2ccc(Oc3ccccc3)cc2)C(=O)C1*,194.0,,,,,,,,,
6040,P432971,*C(=O)Nc1ccc(NC(=O)c2ccc3c(c2)C(=O)N(c2c(C)cc(C)c(N4C(=O)c5ccc(*)cc5C4=O)c2C)C3=O)cc1,327.0,,,,,,,,,
6041,P432972,*C(=O)Nc1c(C)cc(C)c(NC(=O)c2ccc3c(c2)C(=O)N(c2c(C)cc(C)c(N4C(=O)c5ccc(*)cc5C4=O)c2C)C3=O)c1C,288.0,,,,,,,,,
6042,P432973,*C(=O)Nc1ccc(-c2ccc(NC(=O)c3ccc4c(c3)C(=O)N(c3c(C)cc(C)c(N5C(=O)c6ccc(*)cc6C5=O)c3C)C4=O)cc2C)c(C)c1,259.0,,,,,,,,,
6043,P432974,*C(=O)Nc1ccc(-c2ccc(NC(=O)c3ccc4c(c3)C(=O)N(c3c(C)cc(C)c(N5C(=O)c6ccc(*)cc6C5=O)c3C)C4=O)cc2C(F)(F)F)c(C(F)(F)F)c1,267.0,,,,,,,,,
6044,P432984,*C(=O)c1ccc2c(c1)C(=O)N(c1ccc(Oc3ccc(C(=O)c4ccc(Oc5ccc(N6C(=O)c7ccc(*)cc7C6=O)cc5)cc4)cc3)cc1)C2=O,252.0,,,,,,,,,
6045,P432985,*c1ccc(Oc2ccc(C(=O)c3ccc(Oc4ccc(N5C(=O)c6ccc(-c7ccc8c(c7)C(=O)N(*)C8=O)cc6C5=O)cc4)cc3)cc2)cc1,253.0,,,,,,,,,
6046,P432986,*c1ccc(Oc2ccc(C(=O)c3ccc(Oc4ccc(N5C(=O)c6ccc(Oc7ccc8c(c7)C(=O)N(*)C8=O)cc6C5=O)cc4)cc3)cc2)cc1,243.0,,,,,,,,,
6047,P432987,*c1ccc(Oc2ccc(C(=O)c3ccc(Oc4ccc(N5C(=O)c6ccc(S(=O)(=O)c7ccc8c(c7)C(=O)N(*)C8=O)cc6C5=O)cc4)cc3)cc2)cc1,275.5,,,,,,,,,
6048,P432988,*c1ccc2c(c1)C(=O)N(c1ccc(Oc3ccc(C(=O)c4ccc(Oc5ccc(N6C(=O)c7ccc(C(*)(C(F)(F)F)C(F)(F)F)cc7C6=O)cc5)cc4)cc3)cc1)C2=O,266.0,,,,,,,,,
6049,P432989,*c1cccc(P(=O)(c2cccc(-n3c(=O)c4c(-c5cc(C(F)(F)F)cc(C(F)(F)F)c5)c5c(=O)n(*)c(=O)c5c(-c5cc(C(F)(F)F)cc(C(F)(F)F)c5)c4c3=O)c2)c2cc(C(F)(F)F)cc(C(F)(F)F)c2)c1,293.0,,,,,,,,,
6050,P432990,*c1cccc(P(=O)(c2ccc(C(F)(F)F)cc2)c2cccc(-n3c(=O)c4c(-c5cc(C(F)(F)F)cc(C(F)(F)F)c5)c5c(=O)n(*)c(=O)c5c(-c5cc(C(F)(F)F)cc(C(F)(F)F)c5)c4c3=O)c2)c1,311.0,,,,,,,,,
6051,P432991,*c1cccc(P(=O)(c2ccccc2)c2cccc(-n3c(=O)c4c(-c5cc(C(F)(F)F)cc(C(F)(F)F)c5)c5c(=O)n(*)c(=O)c5c(-c5cc(C(F)(F)F)cc(C(F)(F)F)c5)c4c3=O)c2)c1,324.0,,,,,,,,,
6052,P432992,*c1cccc(P(=O)(c2cccc(-n3c(=O)c4c(-c5ccc(C(F)(F)F)cc5)c5c(=O)n(*)c(=O)c5c(-c5ccc(C(F)(F)F)cc5)c4c3=O)c2)c2cc(C(F)(F)F)cc(C(F)(F)F)c2)c1,310.0,,,,,,,,,
6053,P432993,*c1cccc(P(=O)(c2ccc(C(F)(F)F)cc2)c2cccc(-n3c(=O)c4c(-c5ccc(C(F)(F)F)cc5)c5c(=O)n(*)c(=O)c5c(-c5ccc(C(F)(F)F)cc5)c4c3=O)c2)c1,324.0,,,,,,,,,
6054,P432994,*c1cccc(P(=O)(c2ccccc2)c2cccc(-n3c(=O)c4c(-c5ccc(C(F)(F)F)cc5)c5c(=O)n(*)c(=O)c5c(-c5ccc(C(F)(F)F)cc5)c4c3=O)c2)c1,334.0,,,,,,,,,
6055,P432995,*c1cccc(P(=O)(c2cccc(-n3c(=O)c4c(-c5ccccc5)c5c(=O)n(*)c(=O)c5c(-c5ccccc5)c4c3=O)c2)c2cc(C(F)(F)F)cc(C(F)(F)F)c2)c1,320.0,,,,,,,,,
6056,P432996,*c1cccc(P(=O)(c2ccc(C(F)(F)F)cc2)c2cccc(-n3c(=O)c4c(-c5ccccc5)c5c(=O)n(*)c(=O)c5c(-c5ccccc5)c4c3=O)c2)c1,337.0,,,,,,,,,
6057,P432997,*c1cccc(P(=O)(c2ccccc2)c2cccc(-n3c(=O)c4c(-c5ccccc5)c5c(=O)n(*)c(=O)c5c(-c5ccccc5)c4c3=O)c2)c1,342.0,,,,,,,,,
6058,P432999,*c1ccc(C(=O)Oc2ccc(OC(=O)c3ccc(N4C(=O)CC(SCCOCCSC5CC(=O)N(*)C5=O)C4=O)cc3)cc2)cc1,166.0,,,,,,,,,
6059,P433002,*c1ccc(C(=O)Oc2ccc3ccc(OC(=O)c4ccc(N5C(=O)CC(SCCOCCSC6CC(=O)N(*)C6=O)C5=O)cc4)cc3c2)cc1,160.0,,,,,,,,,
6060,P433003,*c1ccc(C(=O)Oc2ccc(C(C)(C)c3ccc(OC(=O)c4ccc(N5C(=O)CC(SCCOCCSC6CC(=O)N(*)C6=O)C5=O)cc4)cc3)cc2)cc1,143.0,,,,,,,,,
6061,P433005,*c1ccc(Oc2ccc(N3C(=O)c4cccc(Oc5cccc6c5C(=O)N(*)C6=O)c4C3=O)cc2)cc1,292.5,,,,,,,,,
6062,P433006,*c1ccc(Oc2ccc(N3C(=O)c4ccc(Oc5cccc6c5C(=O)N(*)C6=O)cc4C3=O)cc2)cc1,285.0,,,,,,,,,
6063,P433007,*c1ccc(Oc2ccc(Oc3ccc(N4C(=O)c5cccc(Oc6cccc7c6C(=O)N(*)C7=O)c5C4=O)cc3)cc2)cc1,258.0,,,,,,,,,
6064,P433008,*c1ccc(Oc2ccc(Oc3ccc(N4C(=O)c5ccc(Oc6cccc7c6C(=O)N(*)C7=O)cc5C4=O)cc3)cc2)cc1,249.0,,,,,,,,,
6065,P433009,*C(=O)Oc1ccc(C(C)(C)c2ccc(OC(=O)c3ccc4c(c3)C(=O)N(c3ccc(-c5ccc(N6C(=O)c7ccc(*)cc7C6=O)cc5C)c(C)c3)C4=O)cc2)cc1,166.0,,,,,,,,,
6066,P433010,*C(=O)Oc1c(C)cc(C(C)(C)c2cc(C)c(OC(=O)c3ccc4c(c3)C(=O)N(c3ccc(-c5ccc(N6C(=O)c7ccc(*)cc7C6=O)cc5C)c(C)c3)C4=O)c(C)c2)cc1C,182.0,,,,,,,,,
6067,P433011,*C(=O)Oc1ccc(-c2ccc(OC(=O)c3ccc4c(c3)C(=O)N(c3ccc(-c5ccc(N6C(=O)c7ccc(*)cc7C6=O)cc5C)c(C)c3)C4=O)cc2C)c(C)c1,177.0,,,,,,,,,
6068,P433012,*C(=O)Oc1ccc(C23CC4CC(CC(C4)C2)C3)c(OC(=O)c2ccc3c(c2)C(=O)N(c2ccc(-c4ccc(N5C(=O)c6ccc(*)cc6C5=O)cc4C)c(C)c2)C3=O)c1,225.0,,,,,,,,,
6069,P433013,*C(=O)Oc1ccc(C2(c3ccc(OC(=O)c4ccc5c(c4)C(=O)N(c4ccc(-c6ccc(N7C(=O)c8ccc(*)cc8C7=O)cc6C)c(C)c4)C5=O)cc3)C3CC4CC(C3)CC2C4)cc1,222.0,,,,,,,,,
6070,P433014,*C(=O)Oc1ccc(C2(c3ccc(OC(=O)c4ccc5c(c4)C(=O)N(c4ccc(-c6ccc(N7C(=O)c8ccc(*)cc8C7=O)cc6C)c(C)c4)C5=O)cc3)CC3CC2C2CCCC32)cc1,226.0,,,,,,,,,
6071,P433015,*C(=O)Oc1ccc(C2(c3ccc(OC(=O)c4ccc5c(c4)C(=O)N(c4ccc(-c6ccc(N7C(=O)c8ccc(*)cc8C7=O)cc6C)c(C)c4)C5=O)cc3)CCCCCCCCCCC2)cc1,204.0,,,,,,,,,
6072,P433016,*C(=O)Oc1ccc(C2(c3ccc(OC(=O)c4ccc5c(c4)C(=O)N(c4ccc(-c6ccc(N7C(=O)c8ccc(*)cc8C7=O)cc6C)c(C)c4)C5=O)cc3)CCC(C(C)(C)C)CC2)cc1,217.0,,,,,,,,,
6073,P433017,*c1ccc(Oc2ccc(N3C(=O)C4CCC5C(=O)N(*)C(=O)C5C4C3=O)cc2)cc1,342.0,,,,,,,,,
6074,P433018,*c1ccc(Cc2ccc(N3C(=O)C4CCC5C(=O)N(*)C(=O)C5C4C3=O)cc2)cc1,341.0,,,,,,,,,
6075,P433019,*c1ccc(Cc2ccc(N3C(=O)C4CCC5C(=O)N(*)C(=O)C5C4C3=O)c(C)c2)cc1C,340.0,,,,,,,,,
6076,P433020,*c1ccc(Oc2ccc(Oc3ccc(N4C(=O)C5CCC6C(=O)N(*)C(=O)C6C5C4=O)cc3)cc2)cc1,274.0,,,,,,,,,
6077,P433021,*c1ccc(Oc2ccc(C(C)(C)c3ccc(Oc4ccc(N5C(=O)C6CCC7C(=O)N(*)C(=O)C7C6C5=O)cc4)cc3)cc2)cc1,263.5,,,,,,,,,
6078,P433022,*c1ccc2c(c1)C(=O)N(c1ccc(-c3ccc(N4C(=O)c5ccc(C(*)(C(F)(F)F)C(F)(F)F)cc5C4=O)c(OCCOc4ccc5c(C)cc(=O)oc5c4)c3)cc1OCCOc1ccc3c(C)cc(=O)oc3c1)C2=O,132.0,,,,,,,,,
6079,P433026,*c1ccc(Oc2ccccc2Oc2ccc(-n3c(=O)c4cc5c(=O)n(*)c(=O)c5cc4c3=O)cc2C(F)(F)F)c(C(F)(F)F)c1,277.0,,,,,,,,,
6080,P433027,*C(=O)c1ccc2c(c1)C(=O)N(c1ccc(Oc3ccccc3Oc3ccc(N4C(=O)c5ccc(*)cc5C4=O)cc3C(F)(F)F)c(C(F)(F)F)c1)C2=O,236.0,,,,,,,,,
6081,P433028,*c1ccc(Oc2ccccc2Oc2ccc(N3C(=O)c4ccc(-c5ccc6c(c5)C(=O)N(*)C6=O)cc4C3=O)cc2C(F)(F)F)c(C(F)(F)F)c1,249.0,,,,,,,,,
6082,P433029,*c1ccc(Oc2ccccc2Oc2ccc(N3C(=O)c4ccc(S(=O)(=O)c5ccc6c(c5)C(=O)N(*)C6=O)cc4C3=O)cc2C(F)(F)F)c(C(F)(F)F)c1,255.0,,,,,,,,,
6083,P433030,*c1ccc(Oc2ccccc2Oc2ccc(N3C(=O)c4ccc(Oc5ccc6c(c5)C(=O)N(*)C6=O)cc4C3=O)cc2C(F)(F)F)c(C(F)(F)F)c1,223.0,,,,,,,,,
6084,P433031,*c1ccc2c(c1)C(=O)N(c1ccc(Oc3ccccc3Oc3ccc(N4C(=O)c5ccc(C(*)(C(F)(F)F)C(F)(F)F)cc5C4=O)cc3C(F)(F)F)c(C(F)(F)F)c1)C2=O,247.0,,,,,,,,,
6085,P433036,*C(=O)Nc1cccc(P(=O)(c2ccccc2)c2cccc(NC(=O)c3ccc4c(c3)C(=O)N(c3cccc(P(=O)(c5ccccc5)c5cccc(N6C(=O)c7ccc(*)cc7C6=O)c5)c3)C4=O)c2)c1,206.0,,,,,,,,,
6086,P433037,*C(=O)Nc1ccc(-c2cc(-c3ccccc3)cc(-c3ccc(NC(=O)c4ccc5c(c4)C(=O)N(c4cccc(P(=O)(c6ccccc6)c6cccc(N7C(=O)c8ccc(*)cc8C7=O)c6)c4)C5=O)cc3)n2)cc1,258.0,,,,,,,,,
6087,P433038,*C(=O)Nc1ccc(S(=O)(=O)c2ccc(NC(=O)c3ccc4c(c3)C(=O)N(c3cccc(P(=O)(c5ccccc5)c5cccc(N6C(=O)c7ccc(*)cc7C6=O)c5)c3)C4=O)cc2)cc1,241.0,,,,,,,,,
6088,P433039,*C(=O)Nc1ccc(NC(=O)c2ccc3c(c2)C(=O)N(c2cccc(P(=O)(c4ccccc4)c4cccc(N5C(=O)c6ccc(*)cc6C5=O)c4)c2)C3=O)cc1,204.0,,,,,,,,,
6089,P433040,*C(=O)Nc1ccc(Cc2ccc(NC(=O)c3ccc4c(c3)C(=O)N(c3cccc(P(=O)(c5ccccc5)c5cccc(N6C(=O)c7ccc(*)cc7C6=O)c5)c3)C4=O)cc2)cc1,233.0,,,,,,,,,
6090,P433041,*C(=O)Nc1ccc(Oc2ccc(NC(=O)c3ccc4c(c3)C(=O)N(c3cccc(P(=O)(c5ccccc5)c5cccc(N6C(=O)c7ccc(*)cc7C6=O)c5)c3)C4=O)cc2)cc1,235.0,,,,,,,,,
6091,P433042,*C(=O)Nc1ccc2c(c1)-c1cc(NC(=O)c3ccc4c(c3)C(=O)N(c3cccc(P(=O)(c5ccccc5)c5cccc(N6C(=O)c7ccc(*)cc7C6=O)c5)c3)C4=O)ccc1C2,248.0,,,,,,,,,
6092,P433043,*C(=O)Nc1ccc(-c2ccc(NC(=O)c3ccc4c(c3)C(=O)N(c3cccc(P(=O)(c5ccccc5)c5cccc(N6C(=O)c7ccc(*)cc7C6=O)c5)c3)C4=O)cc2)cc1,253.0,,,,,,,,,
6093,P433052,*c1ccc(Oc2ccc(C(C)(C)c3ccccc3)cc2)c(-n2c(=O)c3cc4c(=O)n(*)c(=O)c4cc3c2=O)c1,340.0,,,,,,,,,
6094,P433053,*c1ccc(Oc2ccc(C(C)(C)c3ccccc3)cc2)c(N2C(=O)c3ccc(-c4ccc5c(c4)C(=O)N(*)C5=O)cc3C2=O)c1,275.0,,,,,,,,,
6095,P433054,*C(=O)c1ccc2c(c1)C(=O)N(c1ccc(Oc3ccc(C(C)(C)c4ccccc4)cc3)c(N3C(=O)c4ccc(*)cc4C3=O)c1)C2=O,267.0,,,,,,,,,
6096,P433055,*c1ccc(Oc2ccc(S(=O)(=O)c3ccc(C)cc3)cc2)c(-n2c(=O)c3cc4c(=O)n(*)c(=O)c4cc3c2=O)c1,320.0,,,,,,,,,
6097,P433056,*c1ccc(Oc2ccc(S(=O)(=O)c3ccc(C)cc3)cc2)c(N2C(=O)c3ccc(-c4ccc5c(c4)C(=O)N(*)C5=O)cc3C2=O)c1,281.0,,,,,,,,,
6098,P433057,*C(=O)c1ccc2c(c1)C(=O)N(c1ccc(Oc3ccc(S(=O)(=O)c4ccc(C)cc4)cc3)c(N3C(=O)c4ccc(*)cc4C3=O)c1)C2=O,293.0,,,,,,,,,
6099,P433065,*C(=O)N1C(=S)N(C(=O)c2ccc3c(c2)C(=O)N(c2ccc(Oc4ccc(N5C(=O)c6ccc(*)cc6C5=O)cc4)cc2)C3=O)C(C)=C(C(=O)OCC)C1c1ccccc1,155.0,,,,,,,,,
6100,P433069,*C(=O)N1C(=S)N(C(=O)c2ccc3c(c2)C(=O)N(c2ccc(Oc4ccc(N5C(=O)c6ccc(*)cc6C5=O)cc4)cc2)C3=O)C(C)=C(C(=O)OCC)C1c1ccc(OC)cc1OC,165.0,,,,,,,,,
6101,P433070,*C(=O)Nc1ccc(C(=O)c2ccc(NC(=O)c3ccc4c(c3)C(=O)N(c3cccc(P(=O)(c5ccccc5)c5cccc(N6C(=O)c7ccc(*)cc7C6=O)c5)c3)C4=O)cc2)cc1,238.0,,,,,,,,,
6102,P433071,*C1C(=O)N(c2ccc(O[Si](C)(C)C)cc2)C(=O)C1*,172.0,,,,,,,,,
6103,P433072,*C1C(=O)N(c2ccc(O[Si](c3ccccc3)(c3ccccc3)c3ccccc3)cc2)C(=O)C1*,183.0,,,,,,,,,
6104,P433073,*C1C(=O)N(c2ccc(O[Si](C)(C)C(C)(C)C)cc2)C(=O)C1*,169.0,,,,,,,,,
6105,P433074,*C1C(=O)N(c2ccc(O[Si](CC)(CC)CC)cc2)C(=O)C1*,165.0,,,,,,,,,
6106,P433075,*C1C(=O)N(c2cc(Br)c(O[Si](C)(C)C)c(Br)c2)C(=O)C1*,167.0,,,,,,,,,
6107,P433076,*C1C(=O)N(c2cc(Br)c(O[Si](c3ccccc3)(c3ccccc3)c3ccccc3)c(Br)c2)C(=O)C1*,179.0,,,,,,,,,
6108,P433077,*C1C(=O)N(c2cc(Br)c(O[Si](C)(C)C(C)(C)C)c(Br)c2)C(=O)C1*,164.0,,,,,,,,,
6109,P433078,*C1C(=O)N(c2cc(Br)c(O[Si](CC)(CC)CC)c(Br)c2)C(=O)C1*,160.0,,,,,,,,,
6110,P433081,*CCC1C(=O)N(CCCCNC(=O)C(F)(F)C(F)(F)C(F)(F)C(F)(F)C(F)(F)C(F)(F)C(F)(F)F)C(=O)C1*,100.0,,,,,,,,,
6111,P433082,*CC(c1ccccc1)C1C(=O)N(CCCCNC(=O)C(F)(F)C(F)(F)C(F)(F)C(F)(F)C(F)(F)C(F)(F)C(F)(F)F)C(=O)C1*,113.0,,,,,,,,,
6112,P433083,*CC(CCCCCCCCCCCCCCCC)C1C(=O)N(CCCCNC(=O)C(F)(F)C(F)(F)C(F)(F)C(F)(F)C(F)(F)C(F)(F)C(F)(F)F)C(=O)C1*,63.0,,,,,,,,,
6113,P433084,*CC(CCCCCCCCCCCCCCCC)C1C(=O)N(CCCCCCCCCCCC)C(=O)C1*,30.0,,0.335,,,,,,,
6114,P433085,*/C=C/C1CC(*)C2C(=O)N(c3cc(C(F)(F)F)cc(C(F)(F)F)c3)C(=O)C12,162.0,,,,,,,,,
6115,P433087,*C(=O)Nc1c(C)cc(Cc2cc(C)c(NC(=O)c3ccc4c(c3)C(=O)N(c3ccc(/N=N/c5ccc(F)cc5)c(N5C(=O)c6ccc(*)cc6C5=O)c3)C4=O)c(C)c2)cc1C,279.0,,,,,,,,,
6116,P433088,*C(=O)Nc1c(C)cc(Cc2cc(C)c(NC(=O)c3ccc4c(c3)C(=O)N(c3ccc(/N=N/c5ccc(OC(F)(F)F)cc5)c(N5C(=O)c6ccc(*)cc6C5=O)c3)C4=O)c(C)c2)cc1C,278.0,,,,,,,,,
6117,P433089,*C(=O)Nc1c(C)cc(Cc2cc(C)c(NC(=O)c3ccc4c(c3)C(=O)N(c3ccc(/N=N/c5ccc([N+](=O)[O-])cc5)c(N5C(=O)c6ccc(*)cc6C5=O)c3)C4=O)c(C)c2)cc1C,280.0,,,,,,,,,
6118,P433090,*C(=O)Nc1ccc(Cc2ccc(NC(=O)c3ccc4c(c3)C(=O)N(c3ccc(/N=N/c5ccc(C)cc5)c(N5C(=O)c6ccc(*)cc6C5=O)c3)C4=O)cc2)cc1,268.0,,,,,,,,,
6119,P433091,*C(=O)Nc1ccc(Cc2ccc(NC(=O)c3ccc4c(c3)C(=O)N(c3ccc(/N=N/c5ccc(C)cc5)c(N5C(=O)c6ccc(*)cc6C5=O)c3)C4=O)c(C)c2)cc1C,257.0,,,,,,,,,
6120,P433092,*C(=O)Nc1c(CC)cc(Cc2cc(CC)c(NC(=O)c3ccc4c(c3)C(=O)N(c3ccc(/N=N/c5ccc(C)cc5)c(N5C(=O)c6ccc(*)cc6C5=O)c3)C4=O)c(CC)c2)cc1CC,269.0,,,,,,,,,
6121,P433093,*c1cc(C(c2ccc(OCCN(C)c3ccc(/C=C/C4=CC(=C(C#N)C#N)CC(C)(C)C4)cc3)c(N3C(=O)c4ccc(Oc5ccc6c(c5)C(=O)N(*)C6=O)cc4C3=O)c2)(C(F)(F)F)C(F)(F)F)ccc1OCCN(C)c1ccc(/C=C/C2=CC(=C(C#N)C#N)CC(C)(C)C2)cc1,215.0,,,,,,,,,
6122,P433094,*c1cc(C(c2ccc(OCCN(C)c3ccc(/C=C/C4=C/C(=C(/C#N)S(C)(=O)=O)CC(C)(C)C4)cc3)c(N3C(=O)c4ccc(Oc5ccc6c(c5)C(=O)N(*)C6=O)cc4C3=O)c2)(C(F)(F)F)C(F)(F)F)ccc1OCCN(C)c1ccc(/C=C/C2=C/C(=C(/C#N)S(C)(=O)=O)CC(C)(C)C2)cc1,225.0,,,,,,,,,
6123,P433095,*c1cc(C(c2ccc(OCCN(CC)c3ccc(/C=C/C4=CC(=C(C#N)C#N)CC(C)(C)C4)cc3)c(N3C(=O)c4ccc(Oc5ccc6c(c5)C(=O)N(*)C6=O)cc4C3=O)c2)(C(F)(F)F)C(F)(F)F)ccc1OCCN(CC)c1ccc(/C=C/C2=CC(=C(C#N)C#N)CC(C)(C)C2)cc1,202.0,,,,,,,,,
6124,P433096,*c1cc(C(c2ccc(OCCN(c3ccccc3)c3ccc(/C=C/C4=CC(=C(C#N)C#N)CC(C)(C)C4)cc3)c(N3C(=O)c4ccc(Oc5ccc6c(c5)C(=O)N(*)C6=O)cc4C3=O)c2)(C(F)(F)F)C(F)(F)F)ccc1OCCN(c1ccccc1)c1ccc(/C=C/C2=CC(=C(C#N)C#N)CC(C)(C)C2)cc1,220.0,,,,,,,,,
6125,P433097,*c1cc(C(c2ccc(OCCN(c3ccccc3)c3ccc(/C=C/C4=C/C(=C(/C#N)S(C)(=O)=O)CC(C)(C)C4)cc3)c(N3C(=O)c4ccc(Oc5ccc6c(c5)C(=O)N(*)C6=O)cc4C3=O)c2)(C(F)(F)F)C(F)(F)F)ccc1OCCN(c1ccccc1)c1ccc(/C=C/C2=C/C(=C(/C#N)S(C)(=O)=O)CC(C)(C)C2)cc1,234.0,,,,,,,,,
6126,P433098,*c1cc(C(c2ccc(OCCN(C)c3ccc(/C=C/C4=C/C(=C(/C#N)C(=O)OC)CC(C)(C)C4)cc3)c(N3C(=O)c4ccc(Oc5ccc6c(c5)C(=O)N(*)C6=O)cc4C3=O)c2)(C(F)(F)F)C(F)(F)F)ccc1OCCN(c1ccccc1)c1ccc(/C=C/C2=C/C(=C(/C#N)C(=O)OC)CC(C)(C)C2)cc1,207.0,,,,,,,,,
6127,P433099,*c1cc(C(c2ccc(OCCN(C)c3ccc(/C=C/C4=C/C(=C(/C#N)C(=O)OCCc5ccccc5)CC(C)(C)C4)cc3)c(N3C(=O)c4ccc(Oc5ccc6c(c5)C(=O)N(*)C6=O)cc4C3=O)c2)(C(F)(F)F)C(F)(F)F)ccc1OCCN(c1ccccc1)c1ccc(/C=C/C2=C/C(=C(/C#N)C(=O)OCCc3ccccc3)CC(C)(C)C2)cc1,177.0,,,,,,,,,
6128,P433100,*c1cc(C(c2ccc(OCCN(C)c3ccc(/C=C/C4=C/C(=C(/C#N)C(=O)OCc5ccc(Oc6c(F)c(F)c(F)c(F)c6F)cc5)CC(C)(C)C4)cc3)c(N3C(=O)c4ccc(Oc5ccc6c(c5)C(=O)N(*)C6=O)cc4C3=O)c2)(C(F)(F)F)C(F)(F)F)ccc1OCCN(c1ccccc1)c1ccc(/C=C/C2=C/C(=C(/C#N)C(=O)OCc3ccc(Oc4c(F)c(F)c(F)c(F)c4F)cc3)CC(C)(C)C2)cc1,162.0,,,,,,,,,
6129,P433101,*Oc1ccc(/C=C/c2cc(OCCCCCCCC)c(/C=C/c3ccc(Oc4cc5c(=O)n(CCCCCCCC)c(=O)c6ccc7c8c(*)cc9c(=O)n(CCCCCCCC)c(=O)c%10ccc(c4c7c65)c8c%109)cc3)cc2OCCCCCCCC)cc1,103.0,,,,,,,,,
6130,P433102,*C(=O)Nc1ccc(NC(=O)Nc2ccc(NC(=O)c3ccc4c(c3)C(=O)N(c3ccc(NC(=O)Nc5ccc(N6C(=O)c7ccc(*)cc7C6=O)cc5)cc3)C4=O)cc2)cc1,208.0,,,,,,,,,
6131,P433103,*C(=O)Nc1ccc(-c2cc(-c3ccccc3)cc(-c3ccc(NC(=O)c4ccc5c(c4)C(=O)N(c4ccc(NC(=O)Nc6ccc(N7C(=O)c8ccc(*)cc8C7=O)cc6)cc4)C5=O)cc3)n2)cc1,215.0,,,,,,,,,
6132,P433104,*C(=O)Nc1ccc(S(=O)(=O)c2ccc(NC(=O)c3ccc4c(c3)C(=O)N(c3ccc(NC(=O)Nc5ccc(N6C(=O)c7ccc(*)cc7C6=O)cc5)cc3)C4=O)cc2)cc1,205.0,,,,,,,,,
6133,P433105,*C(=O)Nc1ccc(NC(=O)c2ccc3c(c2)C(=O)N(c2ccc(NC(=O)Nc4ccc(N5C(=O)c6ccc(*)cc6C5=O)cc4)cc2)C3=O)cc1,216.0,,,,,,,,,
6134,P433106,*C(=O)Nc1ccc(C(=O)c2ccc(NC(=O)c3ccc4c(c3)C(=O)N(c3ccc(NC(=O)Nc5ccc(N6C(=O)c7ccc(*)cc7C6=O)cc5)cc3)C4=O)cc2)cc1,212.0,,,,,,,,,
6135,P433107,*C(=O)Nc1ccc(Cc2ccc(NC(=O)c3ccc4c(c3)C(=O)N(c3ccc(NC(=O)Nc5ccc(N6C(=O)c7ccc(*)cc7C6=O)cc5)cc3)C4=O)cc2)cc1,211.0,,,,,,,,,
6136,P433108,*C(=O)Nc1ccc(Oc2ccc(NC(=O)c3ccc4c(c3)C(=O)N(c3ccc(NC(=O)Nc5ccc(N6C(=O)c7ccc(*)cc7C6=O)cc5)cc3)C4=O)cc2)cc1,205.0,,,,,,,,,
6137,P433109,*C(=O)Nc1ccc2c(c1)Cc1cc(NC(=O)c3ccc4c(c3)C(=O)N(c3ccc(NC(=O)Nc5ccc(N6C(=O)c7ccc(*)cc7C6=O)cc5)cc3)C4=O)ccc1-2,224.0,,,,,,,,,
6138,P433110,*C(=O)Nc1ccc(-c2ccc(NC(=O)c3ccc4c(c3)C(=O)N(c3ccc(NC(=O)Nc5ccc(N6C(=O)c7ccc(*)cc7C6=O)cc5)cc3)C4=O)cc2)cc1,233.0,,,,,,,,,
6139,P433111,*c1ccc(-c2ccc(N(c3ccccc3)c3ccc(-c4ccc(N(c5ccccc5)c5ccc(-c6ccc(-n7c(=O)c8cc9c(=O)n(*)c(=O)c9cc8c7=O)cc6)cc5)cc4)cc3)cc2)cc1,220.0,,,,,,,,,
6140,P433114,*C(=O)Nc1cccc(NC(=O)c2ccc3c(c2)C(=O)N(c2cccc(P(=O)(c4ccccc4)c4cccc(N5C(=O)c6ccc(*)cc6C5=O)c4)c2)C3=O)n1,156.0,,,,,,,,,
6141,P433120,*C(=O)c1ccc2c(c1)C(=O)N(c1ccc(C(C)(C)c3ccc(C(C)(C)c4ccc(N5C(=O)c6ccc(*)cc6C5=O)cc4)cc3)cc1)C2=O,322.0,,,,,,,,,
6142,P433121,*C(=O)c1ccc2c(c1)C(=O)N(c1ccc(C(C)(C)c3cccc(C(C)(C)c4ccc(N5C(=O)c6ccc(*)cc6C5=O)cc4)c3)cc1)C2=O,316.5,,,,,,,,,
6143,P433122,*c1ccc(C(=O)Nc2ccc(Oc3ccc(NC(=O)c4ccc(-n5c(=O)c6cc7c(=O)n(*)c(=O)c7cc6c5=O)cc4)cc3)cc2)cc1,360.0,,,,,,,,,
6144,P433123,*C(=O)c1ccc2c(c1)C(=O)N(c1ccc(C(=O)Nc3ccc(Oc4ccc(NC(=O)c5ccc(NC(=O)Nc6ccc(Cc7ccc(NC(=O)Nc8ccc(C(=O)Nc9ccc(Oc%10ccc(NC(=O)c%11ccc(N%12C(=O)c%13ccc(*)cc%13C%12=O)cc%11)cc%10)cc9)cc8)cc7)cc6)cc5)cc4)cc3)cc1)C2=O,229.0,,,,,,,,,
6145,P433124,*c1ccc(Oc2ccc(C(c3ccc(Oc4ccc(-n5c(=O)c6ccc7c(=O)n(*)c(=O)c8ccc(c5=O)c6c78)cc4)cc3)(C(F)(F)F)C(F)(F)F)cc2)cc1,280.0,,,,,,,,,
6146,P433125,*c1ccc(Oc2ccc(C(c3ccc(Oc4ccc(-n5c(=O)c6ccc7c(=O)n(*)c(=O)c8ccc(c5=O)c6c78)cc4)c(S(=O)(=O)O)c3)(C(F)(F)F)C(F)(F)F)cc2S(=O)(=O)O)cc1,270.0,,,,,,,,,
6147,P433127,*C(=O)c1ccc2c(c1)C(=O)N(c1c(C)cc(Cc3cc(C)c(N4C(=O)c5ccc(*)cc5C4=O)c(C)c3)cc1C)C2=O,331.0,,,,,,,,,
6148,P433128,*C(=O)c1ccc2c(c1)C(=O)N(c1c(CC)cc(Cc3cc(CC)c(N4C(=O)c5ccc(*)cc5C4=O)c(CC)c3)cc1CC)C2=O,296.0,,,,,,,,,
6149,P433129,*C(=O)c1ccc2c(c1)C(=O)N(c1c(C(C)C)cc(Cc3cc(C(C)C)c(N4C(=O)c5ccc(*)cc5C4=O)c(C(C)C)c3)cc1C(C)C)C2=O,263.0,,,,,,,,,
6150,P433132,*c1cc(Oc2c(C)cc(-c3cc(C)c(Oc4cc(N5C(=O)c6ccc(-c7ccc8c(c7)C(=O)N(*)C8=O)cc6C5=O)cc(C(F)(F)F)c4)c(C)c3)cc2C)cc(C(F)(F)F)c1,281.1,,,,,,,,,
6151,P433133,*C(=O)c1ccc2c(c1)C(=O)N(c1cc(Oc3c(C)cc(-c4cc(C)c(Oc5cc(N6C(=O)c7ccc(*)cc7C6=O)cc(C(F)(F)F)c5)c(C)c4)cc3C)cc(C(F)(F)F)c1)C2=O,265.4,,,,,,,,,
6152,P433134,*c1cc(Oc2c(C)cc(-c3cc(C)c(Oc4cc(N5C(=O)c6ccc(Oc7ccc8c(c7)C(=O)N(*)C8=O)cc6C5=O)cc(C(F)(F)F)c4)c(C)c3)cc2C)cc(C(F)(F)F)c1,252.2,,,,,,,,,
6153,P433135,*c1ccc2c(c1)C(=O)N(c1cc(Oc3c(C)cc(-c4cc(C)c(Oc5cc(N6C(=O)c7ccc(C(*)(C(F)(F)F)C(F)(F)F)cc7C6=O)cc(C(F)(F)F)c5)c(C)c4)cc3C)cc(C(F)(F)F)c1)C2=O,264.8,,,,,,,,,
6154,P433136,*c1ccc(Oc2ccc(Oc3ccc(N4C(=O)c5ccc(Oc6ccccc6Oc6ccc7c(c6)C(=O)N(*)C7=O)cc5C4=O)cc3C(F)(F)F)cc2)c(C(F)(F)F)c1,197.0,,,,,,,,,
6155,P433137,*c1ccc(Oc2ccccc2Oc2ccc(N3C(=O)c4ccc(Oc5ccccc5Oc5ccc6c(c5)C(=O)N(*)C6=O)cc4C3=O)cc2C(F)(F)F)c(C(F)(F)F)c1,185.0,,,,,,,,,
6156,P433138,*c1ccc(Oc2ccc(-c3ccc(Oc4ccc(N5C(=O)c6ccc(Oc7ccccc7Oc7ccc8c(c7)C(=O)N(*)C8=O)cc6C5=O)cc4C(F)(F)F)cc3)cc2)c(C(F)(F)F)c1,208.0,,,,,,,,,
6157,P433139,*c1ccc(Oc2c(C)cc(-c3cc(C)c(Oc4ccc(N5C(=O)c6ccc(Oc7ccccc7Oc7ccc8c(c7)C(=O)N(*)C8=O)cc6C5=O)cc4C(F)(F)F)c(C)c3)cc2C)c(C(F)(F)F)c1,270.0,,,,,,,,,
6158,P433140,*c1ccc(Oc2ccc(C(C)(C)c3ccc(Oc4ccc(N5C(=O)c6ccc(Oc7ccccc7Oc7ccc8c(c7)C(=O)N(*)C8=O)cc6C5=O)cc4C(F)(F)F)cc3)cc2)c(C(F)(F)F)c1,192.0,,,,,,,,,
6159,P433141,*c1ccc(Oc2ccc(C(c3ccc(Oc4ccc(N5C(=O)c6ccc(Oc7ccccc7Oc7ccc8c(c7)C(=O)N(*)C8=O)cc6C5=O)cc4C(F)(F)F)cc3)(C(F)(F)F)C(F)(F)F)cc2)c(C(F)(F)F)c1,191.0,,,,,,,,,
6160,P433142,*c1ccc(Oc2ccc(C3(c4ccc(Oc5ccc(N6C(=O)c7ccc(Oc8ccccc8Oc8ccc9c(c8)C(=O)N(*)C9=O)cc7C6=O)cc5C(F)(F)F)cc4)c4ccccc4-c4ccccc43)cc2)c(C(F)(F)F)c1,241.0,,,,,,,,,
6161,P433145,*c1ccc2c(c1)C(=O)N(c1cccc(P(=O)(c3ccc(Oc4ccc(C56CC7CC(CC(C7)C5)C6)cc4)cc3)c3cccc(N4C(=O)c5ccc(C(*)(C(F)(F)F)C(F)(F)F)cc5C4=O)c3)c1)C2=O,298.0,,,,,,,,,
6162,P433146,*C(=O)c1ccc2c(c1)C(=O)N(c1cccc(P(=O)(c3ccc(Oc4ccc(C56CC7CC(CC(C7)C5)C6)cc4)cc3)c3cccc(N4C(=O)c5ccc(*)cc5C4=O)c3)c1)C2=O,305.0,,,,,,,,,
6163,P433147,*c1cccc(P(=O)(c2ccc(Oc3ccc(C45CC6CC(CC(C6)C4)C5)cc3)cc2)c2cccc(N3C(=O)c4ccc(Oc5ccc6c(c5)C(=O)N(*)C6=O)cc4C3=O)c2)c1,290.0,,,,,,,,,
6164,P433148,*c1cccc(P(=O)(c2ccc(Oc3ccc(C45CC6CC(CC(C6)C4)C5)cc3)cc2)c2cccc(-n3c(=O)c4cc5c(=O)n(*)c(=O)c5cc4c3=O)c2)c1,330.0,,,,,,,,,
6165,P433149,*C(=O)OCCN(CCOC(=O)c1ccc2c(c1)C(=O)N(c1cccc(N3C(=O)c4ccc(*)cc4C3=O)c1)C2=O)c1ccc(/N=N/c2ccc([N+](=O)[O-])cc2)cc1,210.0,,,,,,,,,
6166,P433150,*C(=O)OCCN(CCOC(=O)c1ccc2c(c1)C(=O)N(c1cccc(N3C(=O)c4ccc(*)cc4C3=O)c1)C2=O)c1ccc(/N=N/c2ccc(C)cc2)cc1,171.0,,,,,,,,,
6167,P433151,*C(=O)OCCN(CCOC(=O)c1ccc2c(c1)C(=O)N(c1cccc(N3C(=O)c4ccc(*)cc4C3=O)c1)C2=O)c1ccc(/N=N/c2ccc(F)cc2)cc1,168.0,,,,,,,,,
6168,P433154,*C(=O)Nc1ccc(/N=N/c2ccc([N+](=O)[O-])cc2)c(NC(=O)c2ccc3c(c2)C(=O)N(c2c(C)cc(Cc4cc(C)c(N5C(=O)c6ccc(*)cc6C5=O)c(C)c4)cc2C)C3=O)c1,264.0,,,,,,,,,
6169,P433159,*C(=O)Nc1ccc(/N=N/c2ccc([N+](=O)[O-])cc2)c(NC(=O)c2ccc3c(c2)C(=O)N(c2c(C)cc(-c4cc(C)c(N5C(=O)c6ccc(*)cc6C5=O)c(C)c4)cc2C)C3=O)c1,278.0,,,,,,,,,
6170,P433160,*c1cccc(C(=O)c2c(C)cc(C)c(N3C(=O)c4ccc(-c5ccc6c(c5)C(=O)N(*)C6=O)cc4C3=O)c2C)c1,320.0,,,,,,,,,
6171,P433161,*c1cccc(C(=O)c2c(C)cc(C)c(N3C(=O)c4ccc(Oc5ccc6c(c5)C(=O)N(*)C6=O)cc4C3=O)c2C)c1,287.0,,,,,,,,,
6172,P433162,*C(=O)c1ccc2c(c1)C(=O)N(c1cccc(C(=O)c3c(C)cc(C)c(N4C(=O)c5ccc(*)cc5C4=O)c3C)c1)C2=O,300.0,,,,,,,,,
6173,P433163,*c1ccc2c(c1)C(=O)N(c1c(C)cc(C)c(C(=O)c3cccc(N4C(=O)c5ccc(C(*)(C(F)(F)F)C(F)(F)F)cc5C4=O)c3)c1C)C2=O,280.0,,,,,,,,,
6174,P433164,*c1ccc2c(c1)C(=O)N(c1cc(N3C(=O)c4ccc(C(*)(C(F)(F)F)C(F)(F)F)cc4C3=O)ccc1OCCCCCCOc1ccc(-c3ccc(OCC)cc3)cc1)C2=O,150.3,,,,,,,,,
6175,P433165,*c1ccc2c(c1)C(=O)N(c1cc(N3C(=O)c4ccc(C(*)(C(F)(F)F)C(F)(F)F)cc4C3=O)ccc1OCCCCCCOc1ccc(/N=N/c3ccc(OCC)cc3)cc1)C2=O,198.0,,,,,,,,,
6176,P433166,*c1cccc(P(=O)(c2cccc(-n3c(=O)c4cc5c(=O)n(*)c(=O)c5c(-c5cc(C(F)(F)F)cc(C(F)(F)F)c5)c4c3=O)c2)c2cc(C(F)(F)F)cc(C(F)(F)F)c2)c1,280.0,,,,,,,,,
6177,P433167,*c1cccc(P(=O)(c2ccc(C(F)(F)F)cc2)c2cccc(-n3c(=O)c4cc5c(=O)n(*)c(=O)c5c(-c5cc(C(F)(F)F)cc(C(F)(F)F)c5)c4c3=O)c2)c1,290.0,,,,,,,,,
6178,P433168,*c1cccc(P(=O)(c2ccccc2)c2cccc(-n3c(=O)c4cc5c(=O)n(*)c(=O)c5c(-c5cc(C(F)(F)F)cc(C(F)(F)F)c5)c4c3=O)c2)c1,299.0,,,,,,,,,
6179,P433169,*c1cccc(P(=O)(c2cccc(-n3c(=O)c4cc5c(=O)n(*)c(=O)c5c(-c5ccc(C(F)(F)F)cc5)c4c3=O)c2)c2cc(C(F)(F)F)cc(C(F)(F)F)c2)c1,292.0,,,,,,,,,
6180,P433170,*c1cccc(P(=O)(c2ccc(C(F)(F)F)cc2)c2cccc(-n3c(=O)c4cc5c(=O)n(*)c(=O)c5c(-c5ccc(C(F)(F)F)cc5)c4c3=O)c2)c1,303.0,,,,,,,,,
6181,P433171,*c1cccc(P(=O)(c2ccccc2)c2cccc(-n3c(=O)c4cc5c(=O)n(*)c(=O)c5c(-c5ccc(C(F)(F)F)cc5)c4c3=O)c2)c1,321.0,,,,,,,,,
6182,P433172,*c1cccc(P(=O)(c2cccc(-n3c(=O)c4cc5c(=O)n(*)c(=O)c5c(-c5ccccc5)c4c3=O)c2)c2cc(C(F)(F)F)cc(C(F)(F)F)c2)c1,300.0,,,,,,,,,
6183,P433173,*c1cccc(P(=O)(c2ccc(C(F)(F)F)cc2)c2cccc(-n3c(=O)c4cc5c(=O)n(*)c(=O)c5c(-c5ccccc5)c4c3=O)c2)c1,311.0,,,,,,,,,
6184,P433174,*c1cccc(P(=O)(c2ccccc2)c2cccc(-n3c(=O)c4cc5c(=O)n(*)c(=O)c5c(-c5ccccc5)c4c3=O)c2)c1,325.0,,,,,,,,,
6185,P433175,*c1ccc(N(c2ccc(C#N)cc2)c2ccc(-n3c(=O)c4cc5c(=O)n(*)c(=O)c5cc4c3=O)cc2)cc1,353.0,,,,,,,,,
6186,P433176,*c1ccc(N(c2ccc(C#N)cc2)c2ccc(N3C(=O)c4ccc(-c5ccc6c(c5)C(=O)N(*)C6=O)cc4C3=O)cc2)cc1,358.0,,,,,,,,,
6187,P433177,*C(=O)c1ccc2c(c1)C(=O)N(c1ccc(N(c3ccc(C#N)cc3)c3ccc(N4C(=O)c5ccc(*)cc5C4=O)cc3)cc1)C2=O,315.0,,,,,,,,,
6188,P433178,*c1ccc(N(c2ccc(C#N)cc2)c2ccc(N3C(=O)c4ccc(Oc5ccc6c(c5)C(=O)N(*)C6=O)cc4C3=O)cc2)cc1,304.0,,,,,,,,,
6189,P433179,*c1ccc2c(c1)C(=O)N(c1ccc(N(c3ccc(C#N)cc3)c3ccc(N4C(=O)c5ccc(C(*)(C(F)(F)F)C(F)(F)F)cc5C4=O)cc3)cc1)C2=O,321.0,,,,,,,,,
6190,P433180,*c1ccc(-c2cc(-c3ccc(OCCCC#N)cc3)cc(-c3ccc(-n4c(=O)c5cc6c(=O)n(*)c(=O)c6cc5c4=O)cc3)n2)cc1,345.0,,,,,,,,,
6191,P433181,*c1ccc(-c2cc(-c3ccc(OCCCC#N)cc3)cc(-c3ccc(N4C(=O)c5ccc(-c6ccc7c(c6)C(=O)N(*)C7=O)cc5C4=O)cc3)n2)cc1,360.0,,,,,,,,,
6192,P433182,*C(=O)c1ccc2c(c1)C(=O)N(c1ccc(-c3cc(-c4ccc(OCCCC#N)cc4)cc(-c4ccc(N5C(=O)c6ccc(*)cc6C5=O)cc4)n3)cc1)C2=O,342.0,,,,,,,,,
6193,P433183,*c1ccc(-c2cc(-c3ccc(OCCCC#N)cc3)cc(-c3ccc(N4C(=O)c5ccc(Oc6ccc7c(c6)C(=O)N(*)C7=O)cc5C4=O)cc3)n2)cc1,315.0,,,,,,,,,
6194,P433184,*c1ccc2c(c1)C(=O)N(c1ccc(-c3cc(-c4ccc(OCCCC#N)cc4)cc(-c4ccc(N5C(=O)c6ccc(C(*)(C(F)(F)F)C(F)(F)F)cc6C5=O)cc4)n3)cc1)C2=O,339.0,,,,,,,,,
6195,P433185,*C(=O)c1ccc2c(c1)C(=O)N(c1ccc(N(c3ccccc3)c3ccc(N4C(=O)c5ccc(*)cc5C4=O)cc3)cc1)C2=O,270.0,,,,,,,,,
6196,P433186,*C(=O)c1ccc2c(c1)C(=O)N(c1ccc(-c3cc(-c4ccc(OC)cc4)cc(-c4ccc(N5C(=O)c6ccc(*)cc6C5=O)cc4)n3)cc1)C2=O,331.0,,,,,,,,,
6197,P433189,*c1ccc(C(=O)NC(CC)COC(=O)c2ccc(N3C(=O)CC(SCCCCCSC4CC(=O)N(*)C4=O)C3=O)cc2)cc1,91.0,,,,,,,,,
6198,P433197,*c1ccc(N2C(=O)c3ccc(Oc4ccc(C(C)(C)c5cccc(Oc6ccc7c(c6)C(=O)N(*)C7=O)c5)cc4)cc3C2=O)cc1,268.0,,,,,,,,,
6199,P433206,*C(=O)c1ccc2c(c1OCc1ccccc1[N+](=O)[O-])C(=O)N(c1ccc(Oc3ccc(N4C(=O)c5ccc(*)c(OCc6ccccc6[N+](=O)[O-])c5C4=O)cc3)cc1)C2=O,198.0,,,,,,,,,
6200,P433207,*c1c(C)cc(-c2cc(C)c(N3C(=O)c4cccc(Oc5ccc(C(C)(C)c6ccc(Oc7cccc8c7C(=O)N(*)C8=O)cc6)cc5)c4C3=O)c(C)c2)cc1C,265.0,,,,,,,,,
6201,P433208,*c1c(C)cc(Cc2cc(C)c(N3C(=O)c4cccc(Oc5ccc(C(C)(C)c6ccc(Oc7cccc8c7C(=O)N(*)C8=O)cc6)cc5)c4C3=O)c(C)c2)cc1C,223.0,,,,,,,,,
6202,P433210,*c1ccc(Oc2ccc(-c3ccc(Oc4ccc(N5C(=O)c6cccc(Oc7ccc(C(C)(C)c8ccc(Oc9cccc%10c9C(=O)N(*)C%10=O)cc8)cc7)c6C5=O)cc4)cc3)cc2)cc1,236.0,,,,,,,,,
6203,P433211,*c1ccc(Oc2ccc(Oc3ccc(N4C(=O)c5cccc(Oc6ccc(C(C)(C)c7ccc(Oc8cccc9c8C(=O)N(*)C9=O)cc7)cc6)c5C4=O)c(C)c3)cc2)cc1C,222.0,,,,,,,,,
6204,P433212,*c1ccc(Oc2ccc(N3C(=O)c4cccc(Oc5c(C)cc(Cc6cc(C)c(Oc7cccc8c7C(=O)N(*)C8=O)c(C)c6)cc5C)c4C3=O)cc2)cc1,270.0,,,,,,,,,
6205,P433213,*c1c(C)cc(-c2cc(C)c(N3C(=O)c4cccc(Oc5c(C)cc(Cc6cc(C)c(Oc7cccc8c7C(=O)N(*)C8=O)c(C)c6)cc5C)c4C3=O)c(C)c2)cc1C,276.0,,,,,,,,,
6206,P433214,*c1c(C)cc(Cc2cc(C)c(N3C(=O)c4cccc(Oc5c(C)cc(Cc6cc(C)c(Oc7cccc8c7C(=O)N(*)C8=O)c(C)c6)cc5C)c4C3=O)c(C)c2)cc1C,243.0,,,,,,,,,
6207,P433215,*c1cccc(N2C(=O)c3cccc(Oc4c(C)cc(Cc5cc(C)c(Oc6cccc7c6C(=O)N(*)C7=O)c(C)c5)cc4C)c3C2=O)c1,269.0,,,,,,,,,
6208,P433216,*c1c(C)cc(C)c(N2C(=O)c3cccc(Oc4c(C)cc(Cc5cc(C)c(Oc6cccc7c6C(=O)N(*)C7=O)c(C)c5)cc4C)c3C2=O)c1C,287.0,,,,,,,,,
6209,P433217,*c1ccc(Oc2ccc(-c3ccc(Oc4ccc(N5C(=O)c6cccc(Oc7c(C)cc(Cc8cc(C)c(Oc9cccc%10c9C(=O)N(*)C%10=O)c(C)c8)cc7C)c6C5=O)cc4)cc3)cc2)cc1,259.0,,,,,,,,,
6210,P433218,*c1ccc(Oc2ccc(Oc3ccc(N4C(=O)c5cccc(Oc6c(C)cc(Cc7cc(C)c(Oc8cccc9c8C(=O)N(*)C9=O)c(C)c7)cc6C)c5C4=O)c(C)c3)cc2)cc1C,238.0,,,,,,,,,
6211,P433219,*c1ccc(Oc2ccc(N3C(=O)c4cccc(Oc5c(C)cc(-c6cc(C)c(Oc7cccc8c7C(=O)N(*)C8=O)c(C)c6)cc5C)c4C3=O)cc2)cc1,298.0,,,,,,,,,
6212,P433220,*c1c(C)cc(-c2cc(C)c(N3C(=O)c4cccc(Oc5c(C)cc(-c6cc(C)c(Oc7cccc8c7C(=O)N(*)C8=O)c(C)c6)cc5C)c4C3=O)c(C)c2)cc1C,327.0,,,,,,,,,
6213,P433221,*c1c(C)cc(Cc2cc(C)c(N3C(=O)c4cccc(Oc5c(C)cc(-c6cc(C)c(Oc7cccc8c7C(=O)N(*)C8=O)c(C)c6)cc5C)c4C3=O)c(C)c2)cc1C,289.0,,,,,,,,,
6214,P433222,*c1cccc(N2C(=O)c3cccc(Oc4c(C)cc(-c5cc(C)c(Oc6cccc7c6C(=O)N(*)C7=O)c(C)c5)cc4C)c3C2=O)c1,311.0,,,,,,,,,
6215,P433223,*c1c(C)cc(C)c(N2C(=O)c3cccc(Oc4c(C)cc(-c5cc(C)c(Oc6cccc7c6C(=O)N(*)C7=O)c(C)c5)cc4C)c3C2=O)c1C,325.0,,,,,,,,,
6216,P433224,*c1ccc(Oc2ccc(-c3ccc(Oc4ccc(N5C(=O)c6cccc(Oc7c(C)cc(-c8cc(C)c(Oc9cccc%10c9C(=O)N(*)C%10=O)c(C)c8)cc7C)c6C5=O)cc4)cc3)cc2)cc1,290.0,,,,,,,,,
6217,P433225,*c1ccc(Oc2ccc(N3C(=O)c4cccc(Oc5c(Oc6cccc7c6C(=O)N(*)C7=O)cc(C(C)(C)C)cc5C(C)(C)C)c4C3=O)cc2)cc1,238.0,,,,,,,,,
6218,P433226,*c1ccc(Oc2ccc(-c3ccc(Oc4ccc(N5C(=O)c6cccc(Oc7c(Oc8cccc9c8C(=O)N(*)C9=O)cc(C(C)(C)C)cc7C(C)(C)C)c6C5=O)cc4)cc3)cc2)cc1,237.0,,,,,,,,,
6219,P433227,*c1ccc(Oc2ccc(-c3ccc(Oc4ccc(N5C(=O)c6cccc(Oc7cc(C(C)(C)C)c(Oc8cccc9c8C(=O)N(*)C9=O)cc7C(C)(C)C)c6C5=O)cc4)cc3)cc2)cc1,275.0,,,,,,,,,
6220,P433228,*c1ccc(Oc2ccc(-c3ccc(Oc4ccc(N5C(=O)c6cccc(Oc7ccc(C(c8ccc(Oc9cccc%10c9C(=O)N(*)C%10=O)cc8)(C(F)(F)F)C(F)(F)F)cc7)c6C5=O)cc4)cc3)cc2)cc1,234.0,,,,,,,,,
6221,P433229,*c1c(C)cc(-c2cc(C)c(N3C(=O)c4ccc(Oc5ccc(C(C)(C)c6ccc(Oc7ccc8c(c7)C(=O)N(*)C8=O)cc6)cc5)cc4C3=O)c(C)c2)cc1C,280.0,,,,,,,,,
6222,P433230,*c1c(C)cc(Cc2cc(C)c(N3C(=O)c4ccc(Oc5ccc(C(C)(C)c6ccc(Oc7ccc8c(c7)C(=O)N(*)C8=O)cc6)cc5)cc4C3=O)c(C)c2)cc1C,247.0,,,,,,,,,
6223,P433231,*c1ccc(Oc2ccc(-c3ccc(Oc4ccc(N5C(=O)c6ccc(Oc7ccc(C(C)(C)c8ccc(Oc9ccc%10c(c9)C(=O)N(*)C%10=O)cc8)cc7)cc6C5=O)cc4)cc3)cc2)cc1,220.0,,,,,,,,,
6224,P433232,*c1ccc(Oc2ccc(N3C(=O)c4ccc(Oc5c(C)cc(Cc6cc(C)c(Oc7ccc8c(c7)C(=O)N(*)C8=O)c(C)c6)cc5C)cc4C3=O)cc2)cc1,266.0,,,,,,,,,
6225,P433233,*c1c(C)cc(-c2cc(C)c(N3C(=O)c4ccc(Oc5c(C)cc(Cc6cc(C)c(Oc7ccc8c(c7)C(=O)N(*)C8=O)c(C)c6)cc5C)cc4C3=O)c(C)c2)cc1C,420.0,,,,,,,,,
6226,P433234,*c1c(C)cc(Cc2cc(C)c(N3C(=O)c4ccc(Oc5c(C)cc(Cc6cc(C)c(Oc7ccc8c(c7)C(=O)N(*)C8=O)c(C)c6)cc5C)cc4C3=O)c(C)c2)cc1C,264.0,,,,,,,,,
6227,P433235,*c1cccc(N2C(=O)c3ccc(Oc4c(C)cc(Cc5cc(C)c(Oc6ccc7c(c6)C(=O)N(*)C7=O)c(C)c5)cc4C)cc3C2=O)c1,245.0,,,,,,,,,
6228,P433236,*c1ccc(Oc2ccc(-c3ccc(Oc4ccc(N5C(=O)c6ccc(Oc7c(C)cc(Cc8cc(C)c(Oc9ccc%10c(c9)C(=O)N(*)C%10=O)c(C)c8)cc7C)cc6C5=O)cc4)cc3)cc2)cc1,248.0,,,,,,,,,
6229,P433237,*c1ccc(Oc2ccc(N3C(=O)c4ccc(Oc5c(C)cc(-c6cc(C)c(Oc7ccc8c(c7)C(=O)N(*)C8=O)c(C)c6)cc5C)cc4C3=O)cc2)cc1,299.0,,,,,,,,,
6230,P433238,*c1c(C)cc(Cc2cc(C)c(N3C(=O)c4ccc(Oc5c(C)cc(-c6cc(C)c(Oc7ccc8c(c7)C(=O)N(*)C8=O)c(C)c6)cc5C)cc4C3=O)c(C)c2)cc1C,420.0,,,,,,,,,
6231,P433239,*c1cccc(N2C(=O)c3ccc(Oc4c(C)cc(-c5cc(C)c(Oc6ccc7c(c6)C(=O)N(*)C7=O)c(C)c5)cc4C)cc3C2=O)c1,295.0,,,,,,,,,
6232,P433240,*c1ccc(Oc2ccc(N3C(=O)c4ccc(Oc5c(Oc6ccc7c(c6)C(=O)N(*)C7=O)cc(C(C)(C)C)cc5C(C)(C)C)cc4C3=O)cc2)cc1,228.0,,,,,,,,,
6233,P433241,*c1ccc(Oc2ccc(-c3ccc(Oc4ccc(N5C(=O)c6ccc(Oc7cc(C(C)(C)C)c(Oc8ccc9c(c8)C(=O)N(*)C9=O)cc7C(C)(C)C)cc6C5=O)cc4)cc3)cc2)cc1,262.0,,,,,,,,,
6234,P433242,*c1ccc(Oc2ccc(-c3ccc(Oc4ccc(N5C(=O)c6ccc(Oc7ccc(C(c8ccc(Oc9ccc%10c(c9)C(=O)N(*)C%10=O)cc8)(C(F)(F)F)C(F)(F)F)cc7)cc6C5=O)cc4)cc3)cc2)cc1,217.0,,,,,,,,,
6235,P433243,*c1c(C)cc(C(c2cccc(C(F)(F)F)c2)c2cc(C)c(N3C(=O)c4ccc(-c5ccc6c(c5)C(=O)N(*)C6=O)cc4C3=O)c(C)c2)cc1C,312.9,,,,,,,,,
6236,P433244,*C(=O)c1ccc2c(c1)C(=O)N(c1c(C)cc(C(c3cccc(C(F)(F)F)c3)c3cc(C)c(N4C(=O)c5ccc(*)cc5C4=O)c(C)c3)cc1C)C2=O,285.0,,,,,,,,,
6237,P433245,*c1c(C)cc(C(c2cccc(C(F)(F)F)c2)c2cc(C)c(N3C(=O)c4ccc(Oc5ccc6c(c5)C(=O)N(*)C6=O)cc4C3=O)c(C)c2)cc1C,264.1,,,,,,,,,
6238,P433246,*c1ccc2c(c1)C(=O)N(c1c(C)cc(C(c3cccc(C(F)(F)F)c3)c3cc(C)c(N4C(=O)c5ccc(C(*)(C(F)(F)F)C(F)(F)F)cc5C4=O)c(C)c3)cc1C)C2=O,286.1,,,,,,,,,
6239,P433247,*c1c(C)cc(C(c2cc(C(F)(F)F)cc(C(F)(F)F)c2)c2cc(C)c(N3C(=O)c4ccc(-c5ccc6c(c5)C(=O)N(*)C6=O)cc4C3=O)c(C)c2)cc1C,317.4,,,,,,,,,
6240,P433248,*C(=O)c1ccc2c(c1)C(=O)N(c1c(C)cc(C(c3cc(C(F)(F)F)cc(C(F)(F)F)c3)c3cc(C)c(N4C(=O)c5ccc(*)cc5C4=O)c(C)c3)cc1C)C2=O,301.1,,,,,,,,,
6241,P433249,*c1c(C)cc(C(c2cc(C(F)(F)F)cc(C(F)(F)F)c2)c2cc(C)c(N3C(=O)c4ccc(Oc5ccc6c(c5)C(=O)N(*)C6=O)cc4C3=O)c(C)c2)cc1C,281.9,,,,,,,,,
6242,P433250,*c1ccc2c(c1)C(=O)N(c1c(C)cc(C(c3cc(C(F)(F)F)cc(C(F)(F)F)c3)c3cc(C)c(N4C(=O)c5ccc(C(*)(C(F)(F)F)C(F)(F)F)cc5C4=O)c(C)c3)cc1C)C2=O,288.0,,,,,,,,,
6243,P433254,*c1ccc(Oc2ccc(Oc3ccc(N4C(=O)c5ccc(Oc6ccc7c(c6)C(=O)N(*)C7=O)cc5C4=O)cc3C(F)(F)F)cc2)cc1,232.3,,,,,,,,,
6244,P433255,*C(=O)c1ccc2c(c1)C(=O)N(c1ccc(Oc3ccc(Oc4ccc(N5C(=O)c6ccc(*)cc6C5=O)cc4C(F)(F)F)cc3)cc1)C2=O,237.1,,,,,,,,,
6245,P433256,*c1ccc2c(c1)C(=O)N(c1ccc(Oc3ccc(Oc4ccc(N5C(=O)c6ccc(C(*)(C(F)(F)F)C(F)(F)F)cc6C5=O)cc4)cc3)c(C(F)(F)F)c1)C2=O,260.8,,,,,,,,,
6246,P433257,*c1ccc(Oc2ccc(Oc3ccc(-n4c(=O)c5cc6c(=O)n(*)c(=O)c6cc5c4=O)cc3)cc2)c(C(F)(F)F)c1,272.2,,,,,,,,,
6247,P433260,*c1ccc(Oc2ccc(S(=O)(=O)c3ccc(Oc4ccc(N5C(=O)c6ccc([Si](C)(C)c7ccc8c(c7)C(=O)N(*)C8=O)cc6C5=O)cc4)cc3)cc2)cc1,246.0,,,,,,,,,
6248,P433270,*CC(C)N1C(=O)C2C3C=CC(C4C(=O)N(*)C(=O)C34)C2C1=O,212.0,,,,,,,,,
6249,P433271,*CCCN1C(=O)C2C3C=CC(C4C(=O)N(*)C(=O)C34)C2C1=O,210.0,,,,,,,,,
6250,P433272,*CCCCN1C(=O)C2C3C=CC(C4C(=O)N(*)C(=O)C34)C2C1=O,211.0,,,,,,,,,
6251,P433273,*CCCCCCCCCCN1C(=O)C2C3C=CC(C4C(=O)N(*)C(=O)C34)C2C1=O,219.0,,,,,,,,,
6252,P433276,*C1CCC(CC2CCC(N3C(=O)C4C5C=CC(C6C(=O)N(*)C(=O)C56)C4C3=O)CC2)CC1,239.0,,,,,,,,,
6253,P433277,*C1CCC(CC2CCC(N3C(=O)C4C5C=CC(C6C(=O)N(*)C(=O)C56)C4C3=O)C(C)C2)CC1C,241.0,,,,,,,,,
6254,P433281,*c1ccc(Sc2cc3c(cc2Sc2ccc(N4C(=O)C5C6C=CC(C7C(=O)N(*)C(=O)C67)C5C4=O)cc2)C(=O)N(CCc2ccccc2)C3=O)cc1,258.0,,,,,,,,,
6255,P433282,*c1ccc(Sc2cc3c(cc2Sc2ccc(N4C(=O)C5C6C=CC(C7C(=O)N(*)C(=O)C67)C5C4=O)cc2)C(=O)N(c2ccc(CC)cc2)C3=O)cc1,320.0,,,,,,,,,
6256,P433283,*c1ccc(Sc2cc3c(cc2Sc2ccc(N4C(=O)C5C6C=CC(C7C(=O)N(*)C(=O)C67)C5C4=O)cc2)C(=O)N(CCN(C)C)C3=O)cc1,310.0,,,,,,,,,
6257,P433284,*c1ccc(Sc2cc3c(cc2Sc2ccc(N4C(=O)c5ccc(Oc6ccc7c(c6)C(=O)N(*)C7=O)cc5C4=O)cc2)C(=O)N(CCCCCCCCCCCCCCCC)C3=O)cc1,156.0,,,,,,,,,
6258,P433285,*c1ccc(Sc2cc3c(cc2Sc2ccc(N4C(=O)c5ccc(Oc6ccc7c(c6)C(=O)N(*)C7=O)cc5C4=O)cc2)C(=O)N(CCc2ccccc2)C3=O)cc1,218.0,,,,,,,,,
6259,P433286,*c1ccc(Sc2cc3c(cc2Sc2ccc(N4C(=O)c5ccc(Oc6ccc7c(c6)C(=O)N(*)C7=O)cc5C4=O)cc2)C(=O)N(c2ccc(CC)cc2)C3=O)cc1,271.0,,,,,,,,,
6260,P433287,*c1cc(C(c2ccc(OCc3cc(OCCN(C)c4ccc(/C=C/C5=CC(=C(C#N)C#N)CC(C)(C)C5)cc4)cc(OCCN(C)c4ccc(/C=C/C5=CC(=C(C#N)C#N)CC(C)(C)C5)cc4)c3)c(N3C(=O)c4ccc(Oc5ccc6c(c5)C(=O)N(*)C6=O)cc4C3=O)c2)(C(F)(F)F)C(F)(F)F)ccc1OCc1cc(OCCN(C)c2ccc(/C=C/C3=CC(=C(C#N)C#N)CC(C)(C)C3)cc2)cc(OCCN(C)c2ccc(/C=C/C3=CC(=C(C#N)C#N)CC(C)(C)C3)cc2)c1,178.0,,,,,,,,,
6261,P433290,*c1cc(C(c2ccc(O)c(N3C(=O)c4ccc(Oc5ccc6c(c5)C(=O)N(*)C6=O)cc4C3=O)c2)(C(F)(F)F)C(F)(F)F)ccc1O,266.0,,,,,,,,,
6262,P433291,*c1ccc(Oc2ccc(C(=O)c3cccc(C(=O)c4ccc(Oc5ccc(-n6c(=O)c7cc8c(=O)n(*)c(=O)c8cc7c6=O)cc5)cc4)n3)cc2)cc1,324.6,,,,,,,,,
6263,P433292,*c1ccc(Oc2ccc(C(=O)c3cccc(C(=O)c4ccc(Oc5ccc(N6C(=O)c7ccc(Oc8ccc9c(c8)C(=O)N(*)C9=O)cc7C6=O)cc5)cc4)n3)cc2)cc1,208.6,,,,,,,,,
6264,P433293,*C(=O)c1ccc2c(c1)C(=O)N(c1ccc(Oc3ccc(C(=O)c4cccc(C(=O)c5ccc(Oc6ccc(N7C(=O)c8ccc(*)cc8C7=O)cc6)cc5)n4)cc3)cc1)C2=O,314.5,,,,,,,,,
6265,P433294,*c1ccc2c(c1)C(=O)N(c1ccc(Oc3ccc(C(=O)c4cccc(C(=O)c5ccc(Oc6ccc(N7C(=O)c8ccc(C(*)(C(F)(F)F)C(F)(F)F)cc8C7=O)cc6)cc5)n4)cc3)cc1)C2=O,226.9,,,,,,,,,
6266,P433302,*CCCCCCN1C(=O)C(C)C(SCCOCCSC2C(=O)N(CCCCCCN3C(=O)CC(C)(SCCOCCSC4(C)CC(=O)N(*)C4=O)C3=O)C(=O)C2C)C1=O,78.0,,,,,,,,,
6267,P433303,*c1ccc(Cc2ccc(N3C(=O)C(C)C(SCCOCCSC4C(=O)N(c5ccc(Cc6ccc(N7C(=O)CC(C)(SCCOCCSC8(C)CC(=O)N(*)C8=O)C7=O)cc6)cc5)C(=O)C4C)C3=O)cc2)cc1,105.0,,,,,,,,,
6268,P433304,*c1ccc(Oc2ccc(N3C(=O)C(C)C(SCCOCCSC4C(=O)N(c5ccc(Oc6ccc(N7C(=O)CC(C)(SCCOCCSC8(C)CC(=O)N(*)C8=O)C7=O)cc6)cc5)C(=O)C4C)C3=O)cc2)cc1,145.0,,,,,,,,,
6269,P433305,*c1ccc(S(=O)(=O)c2ccc(N3C(=O)C(C)C(SCCOCCSC4C(=O)N(c5ccc(S(=O)(=O)c6ccc(N7C(=O)CC(C)(SCCOCCSC8(C)CC(=O)N(*)C8=O)C7=O)cc6)cc5)C(=O)C4C)C3=O)cc2)cc1,157.0,,,,,,,,,
6270,P433306,*c1ccc(Oc2cccc(Oc3ccc(N4C(=O)c5ccc(Oc6ccc(C(C)(C)c7ccc(Oc8ccc9c(c8)C(=O)N(*)C9=O)cc7)cc6)cc5C4=O)cc3)c2C#N)cc1,213.0,,,,,,,,,
6271,P433307,*c1ccc(Oc2cccc(Oc3ccc(N4C(=O)c5ccc(-c6ccc7c(c6)C(=O)N(*)C7=O)cc5C4=O)cc3)c2C#N)cc1,271.0,,,,,,,,,
6272,P433308,*C(=O)c1ccc2c(c1)C(=O)N(c1ccc(Oc3cccc(Oc4ccc(N5C(=O)c6ccc(*)cc6C5=O)cc4)c3C#N)cc1)C2=O,245.0,,,,,,,,,
6273,P433309,*c1ccc2c(c1)C(=O)N(c1ccc(Oc3cccc(Oc4ccc(N5C(=O)c6ccc(C(*)(C(F)(F)F)C(F)(F)F)cc6C5=O)cc4)c3C#N)cc1)C2=O,280.0,,,,,,,,,
6274,P433310,*c1ccc(Oc2cccc(Oc3ccc(-n4c(=O)c5cc6c(=O)n(*)c(=O)c6cc5c4=O)cc3)c2C#N)cc1,328.0,,,,,,,,,
6275,P433314,*c1ccc(Oc2ccc(N3C(=O)c4ccc(C(c5ccc6c(c5)C(=O)N(c5ncc(*)s5)C6=O)(C(F)(F)F)C(F)(F)F)cc4C3=O)cc2)cc1,268.2,,,,,,,,,
6276,P433315,*c1ccc(Oc2ccc(N3C(=O)c4ccc(Oc5ccc6c(c5)C(=O)N(c5ncc(*)s5)C6=O)cc4C3=O)cc2)cc1,300.0,,,,,,,,,
6277,P433316,*c1ccc(Oc2ccc(N3C(=O)c4ccc(C(=O)c5ccc6c(c5)C(=O)N(c5ncc(*)s5)C6=O)cc4C3=O)cc2)cc1,320.2,,,,,,,,,
6278,P433317,*c1ccc(Oc2ccc(-n3c(=O)c4cc5c(=O)n(-c6ncc(*)s6)c(=O)c5cc4c3=O)cc2)cc1,328.8,,,,,,,,,
6279,P433320,*c1ccc(Oc2ccc(C(C)(C)c3ccc(Oc4ccc(N5C(=O)c6ccc(Oc7ccc(C(C)(C)c8ccc(Oc9ccc%10c(c9)C(=O)N(*)C%10=O)cc8)cc7)cc6C5=O)cc4)cc3)cc2)cc1,176.0,,,,,,,,,
6280,P433321,*c1ccc(S(=O)(=O)c2ccc(N3C(=O)c4ccc(Oc5ccc(C(C)(C)c6ccc(Oc7ccc8c(c7)C(=O)N(*)C8=O)cc6)cc5)cc4C3=O)cc2)cc1,267.0,,,,,,,,,
6281,P433327,*c1ccc(Oc2ccc(C(=O)c3cccc(C(=O)c4ccc(Oc5ccc(N6C(=O)c7ccc(Oc8ccc9c(c8)C(=O)N(*)C9=O)cc7C6=O)cc5C(F)(F)F)cc4)n3)cc2)c(C(F)(F)F)c1,212.2,,,,,,,,,
6282,P433328,*c1ccc2c(c1)C(=O)N(c1ccc(Oc3ccc(C(=O)c4cccc(C(=O)c5ccc(Oc6ccc(N7C(=O)c8ccc(C(*)(C(F)(F)F)C(F)(F)F)cc8C7=O)cc6C(F)(F)F)cc5)n4)cc3)c(C(F)(F)F)c1)C2=O,206.4,,,,,,,,,
6283,P433329,*C(=O)c1ccc2c(c1)C(=O)N(c1ccc(Oc3ccc(C(=O)c4cccc(C(=O)c5ccc(Oc6ccc(N7C(=O)c8ccc(*)cc8C7=O)cc6C(F)(F)F)cc5)n4)cc3)c(C(F)(F)F)c1)C2=O,225.2,,,,,,,,,
6284,P433330,*c1ccc(Oc2ccc(C(=O)c3cccc(C(=O)c4ccc(Oc5ccc(-n6c(=O)c7cc8c(=O)n(*)c(=O)c8cc7c6=O)cc5C(F)(F)F)cc4)n3)cc2)c(C(F)(F)F)c1,227.1,,,,,,,,,
6285,P433331,*c1ccc(Oc2cccc(Oc3ccc(N4C(=O)c5ccc(Oc6ccc(C(C)(C)c7ccc(Oc8ccc9c(c8)C(=O)N(*)C9=O)cc7)cc6)cc5C4=O)cc3)c2)cc1,246.0,,,,,,,,,
6286,P433334,*c1ccc(Oc2ccc3ccccc3c2-c2c(Oc3ccc(N4C(=O)c5ccc(NC(=O)Nc6cccc(NC(=O)Nc7ccc8c(c7)C(=O)N(*)C8=O)n6)cc5C4=O)cc3)ccc3ccccc23)cc1,283.0,,,,,,,,,
6287,P433335,*c1ccc(Oc2ccc3ccccc3c2-c2c(Oc3ccc(N4C(=O)c5ccc(NC(=O)Nc6cccc7c(NC(=O)Nc8ccc9c(c8)C(=O)N(*)C9=O)cccc67)cc5C4=O)cc3)ccc3ccccc23)cc1,297.0,,,,,,,,,
6288,P433336,*c1ccc(Oc2ccc3ccccc3c2-c2c(Oc3ccc(N4C(=O)c5ccc(NC(=O)Nc6ccc(Oc7ccc(NC(=O)Nc8ccc9c(c8)C(=O)N(*)C9=O)cc7)cc6)cc5C4=O)cc3)ccc3ccccc23)cc1,274.0,,,,,,,,,
6289,P433337,*c1ccc(Oc2ccc3ccccc3c2-c2c(Oc3ccc(N4C(=O)c5ccc(NC(=O)Nc6ccc(Oc7ccccc7-c7ccccc7Oc7ccc(NC(=O)Nc8ccc9c(c8)C(=O)N(*)C9=O)cc7)cc6)cc5C4=O)cc3)ccc3ccccc23)cc1,285.0,,,,,,,,,
6290,P433338,*c1ccc(Oc2ccc3ccccc3c2-c2c(Oc3ccc(N4C(=O)c5ccc(NC(=O)Nc6ccc(-c7cc(-c8ccc(-c9ccccc9)cc8)cc(-c8ccc(NC(=O)Nc9ccc%10c(c9)C(=O)N(*)C%10=O)cc8)n7)cc6)cc5C4=O)cc3)ccc3ccccc23)cc1,302.0,,,,,,,,,
6291,P433341,*c1cccc(-n2c(=O)c3cc4c(=O)n(*)c(=O)c4cc3c2=O)n1,183.5,,,,,,,,,
6292,P433342,*c1ccc(OCC2CCC(COc3ccc(-n4c(=O)c5cc6c(=O)n(*)c(=O)c6cc5c4=O)cc3)CC2)cc1,306.7,,,,,,,,,
6293,P433343,*c1ccc(OCC2CCC(COc3ccc(N4C(=O)c5ccc(-c6ccc7c(c6)C(=O)N(*)C7=O)cc5C4=O)cc3)CC2)cc1,254.4,,,,,,,,,
6294,P433352,*c1ccc(-c2cc(-c3ccc(-c4ccccc4)cc3)cc(-c3ccc(N4C(=O)c5ccc(NC(=O)Nc6ccc(Oc7ccccc7-c7ccccc7Oc7ccc(NC(=O)Nc8ccc9c(c8)C(=O)N(*)C9=O)cc7)cc6)cc5C4=O)cc3)n2)cc1,249.0,,,,,,,,,
6295,P433353,*c1ccc(-c2cc(-c3ccc(-c4ccccc4)cc3)cc(-c3ccc(N4C(=O)c5ccc(NC(=O)Nc6ccc(-c7cc(-c8ccc(-c9ccccc9)cc8)cc(-c8ccc(NC(=O)Nc9ccc%10c(c9)C(=O)N(*)C%10=O)cc8)n7)cc6)cc5C4=O)cc3)n2)cc1,272.0,,,,,,,,,
6296,P433354,*c1ccc(-c2cc(-c3ccc(-c4ccccc4)cc3)cc(-c3ccc(N4C(=O)c5ccc(NC(=O)Nc6ccc(NC(=O)Nc7ccc8c(c7)C(=O)N(*)C8=O)cc6)cc5C4=O)cc3)n2)cc1,243.0,,,,,,,,,
6297,P433355,*c1ccc(-c2cc(-c3ccc(-c4ccccc4)cc3)cc(-c3ccc(N4C(=O)c5ccc(NC(=O)Nc6cccc(NC(=O)Nc7ccc8c(c7)C(=O)N(*)C8=O)n6)cc5C4=O)cc3)n2)cc1,248.0,,,,,,,,,
6298,P433356,*c1ccc(-c2cc(-c3ccc(-c4ccccc4)cc3)cc(-c3ccc(N4C(=O)c5ccc(NC(=O)Nc6cccc7c(NC(=O)Nc8ccc9c(c8)C(=O)N(*)C9=O)cccc67)cc5C4=O)cc3)n2)cc1,254.0,,,,,,,,,
6299,P433357,*c1ccc(-c2cc(-c3ccc(-c4ccccc4)cc3)cc(-c3ccc(N4C(=O)c5ccc(NC(=O)Nc6ccc(Oc7ccc(NC(=O)Nc8ccc9c(c8)C(=O)N(*)C9=O)cc7)cc6)cc5C4=O)cc3)n2)cc1,241.0,,,,,,,,,
6300,P433358,*C(=O)Nc1ccc(Oc2cccc3c(NC(=O)c4ccc5c(c4)C(=O)N(c4ccc(Oc6cccc7c(N8C(=O)c9ccc(*)cc9C8=O)cccc67)cc4)C5=O)cccc23)cc1,276.0,,,,,,,,,
6301,P433359,*C(=O)Nc1cccc(NC(=O)c2ccc3c(c2)C(=O)N(c2ccc(Oc4cccc5c(N6C(=O)c7ccc(*)cc7C6=O)cccc45)cc2)C3=O)n1,293.0,,,,,,,,,
6302,P433360,*C(=O)Nc1ccc(-c2cc(-c3ccccc3)cc(-c3ccc(NC(=O)c4ccc5c(c4)C(=O)N(c4ccc(Oc6cccc7c(N8C(=O)c9ccc(*)cc9C8=O)cccc67)cc4)C5=O)cc3)n2)cc1,295.0,,,,,,,,,
6303,P433361,*C(=O)Nc1nc(NC(=O)c2ccc3c(c2)C(=O)N(c2ccc(Oc4cccc5c(N6C(=O)c7ccc(*)cc7C6=O)cccc45)cc2)C3=O)nc(-c2ccccc2)n1,291.0,,,,,,,,,
6304,P433362,*C(=O)Nc1ccc(NC(=O)c2ccc3c(c2)C(=O)N(c2ccc(Oc4cccc5c(N6C(=O)c7ccc(*)cc7C6=O)cccc45)cc2)C3=O)cc1,307.0,,,,,,,,,
6305,P433363,*C(=O)Nc1ccc(-c2ccc(NC(=O)c3ccc4c(c3)C(=O)N(c3ccc(Oc5cccc6c(N7C(=O)c8ccc(*)cc8C7=O)cccc56)cc3)C4=O)cc2)cc1,301.0,,,,,,,,,
6306,P433364,*C(=O)Nc1ccc(-c2ccc(NC(=O)c3ccc4c(c3)C(=O)N(c3ccc(Oc5cccc6c(N7C(=O)c8ccc(*)cc8C7=O)cccc56)cc3)C4=O)c(OC)c2)cc1OC,304.0,,,,,,,,,
6307,P433365,*C(=O)Nc1ccc(Oc2ccc(NC(=O)c3ccc4c(c3)C(=O)N(c3ccc(Oc5cccc6c(N7C(=O)c8ccc(*)cc8C7=O)cccc56)cc3)C4=O)cc2)cc1,278.0,,,,,,,,,
6308,P433366,*C(=O)Nc1cccc2c(NC(=O)c3ccc4c(c3)C(=O)N(c3ccc(Oc5cccc6c(N7C(=O)c8ccc(*)cc8C7=O)cccc56)cc3)C4=O)cccc12,299.0,,,,,,,,,
6309,P433369,*c1cc(C)c(/N=C/c2ccc(OCc3ccc(COc4ccc(/C=N/c5cc(C)c(-n6c(=O)c7ccc8c9ccc%10c(=O)n(*)c(=O)c%11ccc(c%12ccc(c6=O)c7c8%12)c9c%10%11)cc5C)cc4OC)cc3)c(OC)c2)cc1C,145.0,,,,,,,,,
6310,P433370,*c1cc(C)c(/N=C/c2ccc(OCc3ccccc3COc3ccc(/C=N/c4cc(C)c(-n5c(=O)c6ccc7c8ccc9c(=O)n(*)c(=O)c%10ccc(c%11ccc(c5=O)c6c7%11)c8c9%10)cc4C)cc3OC)c(OC)c2)cc1C,143.0,,,,,,,,,
6311,P433371,*c1cc(C)c(/N=C/c2ccc(OCc3ccc(COc4ccc(/C=N/c5cc(C)c(-n6c(=O)c7ccc8c9ccc%10c(=O)n(*)c(=O)c%11ccc(c%12ccc(c6=O)c7c8%12)c9c%10%11)cc5C)cc4)cc3)cc2)cc1C,130.0,,,,,,,,,
6312,P433372,*c1cc(C)c(/N=C/c2ccc(OCc3ccccc3COc3ccc(/C=N/c4cc(C)c(-n5c(=O)c6ccc7c8ccc9c(=O)n(*)c(=O)c%10ccc(c%11ccc(c5=O)c6c7%11)c8c9%10)cc4C)cc3)cc2)cc1C,128.0,,,,,,,,,
6313,P433373,*c1ccc(Sc2ccc(Sc3ccc(Sc4ccc(-n5c(=O)c6cc7c(=O)n(*)c(=O)c7cc6c5=O)cc4)cc3)cc2)cc1,234.05,,,,,,,,,
6314,P433374,*c1ccc(Sc2ccc3c(c2)Sc2ccc(Sc4ccc(-n5c(=O)c6cc7c(=O)n(*)c(=O)c7cc6c5=O)cc4)cc2S3)cc1,254.75,,,,,,,,,
6315,P433378,*C(=O)Nc1ccc(C2(c3ccc(NC(=O)c4ccc5c(c4)C(=O)N(c4cccc(N6C(=O)c7ccc(*)cc7C6=O)c4)C5=O)cc3)c3ccccc3-c3ccccc32)cc1,209.0,,,,,,,,,
6316,P433379,*C(=O)Nc1ccc(C2(c3ccc(NC(=O)c4ccc5c(c4)C(=O)N(c4ccc(-c6ccc(N7C(=O)c8ccc(*)cc8C7=O)c(OC)c6)cc4OC)C5=O)cc3)c3ccccc3-c3ccccc32)cc1,181.0,,,,,,,,,
6317,P433380,*C(=O)Nc1ccc(C2(c3ccc(NC(=O)c4ccc5c(c4)C(=O)N(c4ccc(Oc6ccc(N7C(=O)c8ccc(*)cc8C7=O)cc6)cc4)C5=O)cc3)c3ccccc3-c3ccccc32)cc1,240.0,,,,,,,,,
6318,P433381,*C(=O)Nc1ccc(C2(c3ccc(NC(=O)c4ccc5c(c4)C(=O)N(c4ccc(Oc6cccc(Oc7ccc(N8C(=O)c9ccc(*)cc9C8=O)cc7)c6)cc4)C5=O)cc3)c3ccccc3-c3ccccc32)cc1,278.0,,,,,,,,,
6319,P433386,*c1c(C)cc(C(c2cccnc2)c2cc(C)c(N3C(=O)CC(Nc4ccc(Cc5ccc(NC6CC(=O)N(*)C6=O)cc5)cc4)C3=O)c(C)c2)cc1C,219.0,,,,,,,,,
6320,P433387,*c1c(C)cc(C(c2cccnc2)c2cc(C)c(N3C(=O)CC(Nc4cccc(NC5CC(=O)N(*)C5=O)c4)C3=O)c(C)c2)cc1C,224.0,,,,,,,,,
6321,P433388,*c1c(C)cc(C(c2cccnc2)c2cc(C)c(N3C(=O)CC(Nc4ccc(NC5CC(=O)N(*)C5=O)cc4)C3=O)c(C)c2)cc1C,231.0,,,,,,,,,
6322,P433389,*c1ccc(Oc2c(C)cc(C(c3cccnc3)c3cc(C)c(Oc4ccc(N5C(=O)CC(Nc6ccc(Cc7ccc(NC8CC(=O)N(*)C8=O)cc7)cc6)C5=O)cc4)c(C)c3)cc2C)cc1,201.0,,,,,,,,,
6323,P433390,*c1ccc(Oc2c(C)cc(C(c3cccnc3)c3cc(C)c(Oc4ccc(N5C(=O)CC(Nc6cccc(NC7CC(=O)N(*)C7=O)c6)C5=O)cc4)c(C)c3)cc2C)cc1,217.0,,,,,,,,,
6324,P433391,*c1ccc(Oc2c(C)cc(C(c3cccnc3)c3cc(C)c(Oc4ccc(N5C(=O)CC(Nc6ccc(NC7CC(=O)N(*)C7=O)cc6)C5=O)cc4)c(C)c3)cc2C)cc1,229.0,,,,,,,,,
6325,P433392,*c1ccc(C(=O)Oc2c(C)cc(C(c3cccnc3)c3cc(C)c(OC(=O)c4ccc(N5C(=O)CC(Nc6ccc(Cc7ccc(NC8CC(=O)N(*)C8=O)cc7)cc6)C5=O)cc4)c(C)c3)cc2C)cc1,186.0,,,,,,,,,
6326,P433393,*c1ccc(C(=O)Oc2c(C)cc(C(c3cccnc3)c3cc(C)c(OC(=O)c4ccc(N5C(=O)CC(Nc6cccc(NC7CC(=O)N(*)C7=O)c6)C5=O)cc4)c(C)c3)cc2C)cc1,194.0,,,,,,,,,
6327,P433394,*c1ccc(C(=O)Oc2c(C)cc(C(c3cccnc3)c3cc(C)c(OC(=O)c4ccc(N5C(=O)CC(Nc6ccc(NC7CC(=O)N(*)C7=O)cc6)C5=O)cc4)c(C)c3)cc2C)cc1,212.0,,,,,,,,,
6328,P433406,*C(=O)Oc1ccc(OC(=O)c2ccc3c(c2)C(=O)N(C2CCC(N4C(=O)c5ccc(*)cc5C4=O)CC2)C3=O)cc1,360.0,,,,,,,,,
6329,P433412,*c1ccc(C(=O)Nc2ccc(N3C(=O)c4ccc(-c5ccc6c(c5)C(=O)N(*)C6=O)cc4C3=O)cc2)cc1,335.0,,,,,,,,,
6330,P433415,*c1ccc(Oc2ccc(C(C)(C)c3ccc(Oc4ccc(N5C(=O)c6ccc(Oc7ccc8c(c7)C(=O)N(*)C8=O)cc6C5=O)cc4)cc3)cc2)cc1,227.5,,,,,,,,,
6331,P433416,*c1ccc(N(c2ccc(C#N)cc2)c2ccc(N3C(=O)c4ccc(Oc5ccc(C6(c7ccc(Oc8ccc9c(c8)C(=O)N(*)C9=O)cc7)CCCCC6)cc5)cc4C3=O)cc2)cc1,243.0,,,,,,,,,
6332,P433417,*c1ccc(N(c2ccc(C#N)cc2)c2ccc(N3C(=O)c4ccc(Oc5ccc(C6(c7ccc(Oc8ccc9c(c8)C(=O)N(*)C9=O)cc7)c7ccccc7-c7ccccc76)cc5)cc4C3=O)cc2)cc1,279.0,,,,,,,,,
6333,P433418,*c1ccc(N(c2ccc(C#N)cc2)c2ccc(N3C(=O)c4ccc(Oc5ccc(C(C)(C)c6ccc(Oc7ccc8c(c7)C(=O)N(*)C8=O)cc6)cc5)cc4C3=O)cc2)cc1,230.0,,,,,,,,,
6334,P433419,*c1ccc(N(c2ccc(C#N)cc2)c2ccc(N3C(=O)c4ccc(Oc5ccc(C(c6ccc(Oc7ccc8c(c7)C(=O)N(*)C8=O)cc6)(C(F)(F)F)C(F)(F)F)cc5)cc4C3=O)cc2)cc1,234.0,,,,,,,,,
6335,P433420,*c1ccc(N(c2ccc(C#N)cc2)c2ccc(N3C(=O)c4ccc(Oc5ccc(C(C)(C)c6ccc(C(C)(C)c7ccc(Oc8ccc9c(c8)C(=O)N(*)C9=O)cc7)cc6)cc5)cc4C3=O)cc2)cc1,224.0,,,,,,,,,
6336,P433422,*c1ccc(O)c(N2C(=O)c3ccc(Oc4ccc(C(C)(C)c5ccc(Oc6ccc7c(c6)C(=O)N(*)C7=O)cc5)cc4)cc3C2=O)c1,246.0,,,,,,,,,
6337,P433425,*C(=O)Oc1ccc(C(C)(C)c2ccc(OC(=O)c3ccc4c(c3)C(=O)N(c3ccc(O)c(N5C(=O)c6ccc(*)cc6C5=O)c3)C4=O)cc2)cc1,225.0,,,,,,,,,
6338,P433434,*C(CC)COC(=O)NCCCCCCNC(=O)OCC(CC)n1c(=O)c2cc3c(=O)n(*)c(=O)c3cc2c1=O,61.0,,,,,,,,,
6339,P433438,*c1cccc(Oc2cccc(Oc3cccc(N4C(=O)c5ccc(Oc6ccc7c(c6)C(=O)N(*)C7=O)cc5C4=O)c3)c2C#N)c1,219.0,,,,,,,,,
6340,P433441,*c1ccc(N2C(=O)c3ccc(-c4ccc5c(c4)C(=O)N(c4ccc6[nH]c(*)nc6c4)C5=O)cc3C2=O)cc1,397.5,,,,,,,,,
6341,P433442,*c1ccc(N2C(=O)c3ccc(C(=O)c4ccc5c(c4)C(=O)N(c4ccc6[nH]c(*)nc6c4)C5=O)cc3C2=O)cc1,412.0,,,,,,,,,
6342,P433443,*c1ccc(N2C(=O)c3ccc(Oc4ccc(C(C)(C)c5ccc(Oc6ccc7c(c6)C(=O)N(c6ccc8[nH]c(*)nc8c6)C7=O)cc5)cc4)cc3C2=O)cc1,324.0,,,,,,,,,
6343,P433447,*c1cccc(P(C)(=O)c2cccc(N3C(=O)c4ccc(NC(=O)OCCOc5ccc(C(C)(C)c6ccc(OCCOC(=O)Nc7ccc8c(c7)C(=O)N(*)C8=O)cc6)cc5)cc4C3=O)c2)c1,211.0,,,,,,,,,
6344,P433448,*c1cccc(P(C)(=O)c2cccc(N3C(=O)c4ccc(NC(=O)OCCOc5ccc(C(c6ccc(OCCOC(=O)Nc7ccc8c(c7)C(=O)N(*)C8=O)cc6)(C(F)(F)F)C(F)(F)F)cc5)cc4C3=O)c2)c1,204.0,,,,,,,,,
6345,P433449,*c1cccc(P(C)(=O)c2cccc(N3C(=O)c4ccc(NC(=O)OCCOc5c(Br)cc(C(C)(C)c6cc(Br)c(OCCOC(=O)Nc7ccc8c(c7)C(=O)N(*)C8=O)c(Br)c6)cc5Br)cc4C3=O)c2)c1,191.0,,,,,,,,,
6346,P433450,*c1cccc(P(C)(=O)c2cccc(N3C(=O)c4ccc(NC(=O)OCCOc5ccc(P(=O)(c6ccccc6)c6ccc(OCCOC(=O)Nc7ccc8c(c7)C(=O)N(*)C8=O)cc6)cc5)cc4C3=O)c2)c1,201.0,,,,,,,,,
6347,P433451,*c1cccc(P(=O)(c2ccccc2)c2cccc(N3C(=O)c4ccc(NC(=O)OCCOc5ccc(C(C)(C)c6ccc(OCCOC(=O)Nc7ccc8c(c7)C(=O)N(*)C8=O)cc6)cc5)cc4C3=O)c2)c1,220.0,,,,,,,,,
6348,P433452,*c1cccc(P(=O)(c2ccccc2)c2cccc(N3C(=O)c4ccc(NC(=O)OCCOc5ccc(C(c6ccc(OCCOC(=O)Nc7ccc8c(c7)C(=O)N(*)C8=O)cc6)(C(F)(F)F)C(F)(F)F)cc5)cc4C3=O)c2)c1,214.0,,,,,,,,,
6349,P433453,*c1cccc(P(=O)(c2ccccc2)c2cccc(N3C(=O)c4ccc(NC(=O)OCCOc5c(Br)cc(C(C)(C)c6cc(Br)c(OCCOC(=O)Nc7ccc8c(c7)C(=O)N(*)C8=O)c(Br)c6)cc5Br)cc4C3=O)c2)c1,201.0,,,,,,,,,
6350,P433454,*c1cccc(P(=O)(c2ccccc2)c2cccc(N3C(=O)c4ccc(NC(=O)OCCOc5ccc(P(=O)(c6ccccc6)c6ccc(OCCOC(=O)Nc7ccc8c(c7)C(=O)N(*)C8=O)cc6)cc5)cc4C3=O)c2)c1,218.0,,,,,,,,,
6351,P433461,*C1CCC(N2C(=O)c3ccc(S(=O)(=O)c4ccc5c(c4)C(=O)N(*)C5=O)cc3C2=O)CC1,363.0,,,,,,,,,
6352,P433463,*c1ccc(-c2ccc(Oc3ccc(C4(C)CC(C)(C)c5ccc(Oc6ccc(-c7ccc(-n8c(=O)c9cc%10c(=O)n(*)c(=O)c%10cc9c8=O)cc7)cc6C(F)(F)F)cc54)cc3)c(C(F)(F)F)c2)cc1,265.0,,,,,,,,,
6353,P433464,*C(=O)c1ccc2c(c1)C(=O)N(c1ccc(-c3ccc(Oc4ccc(C5(C)CC(C)(C)c6ccc(Oc7ccc(-c8ccc(N9C(=O)c%10ccc(*)cc%10C9=O)cc8)cc7C(F)(F)F)cc65)cc4)c(C(F)(F)F)c3)cc1)C2=O,252.0,,,,,,,,,
6354,P433465,*c1ccc2c(c1)C(=O)N(c1ccc(-c3ccc(Oc4ccc5c(c4)C(C)(c4ccc(Oc6ccc(-c7ccc(N8C(=O)c9ccc(C(*)(C(F)(F)F)C(F)(F)F)cc9C8=O)cc7)cc6C(F)(F)F)cc4)CC5(C)C)c(C(F)(F)F)c3)cc1)C2=O,262.0,,,,,,,,,
6355,P433466,*c1ccc(-c2ccc(Oc3ccc(C4(C)CC(C)(C)c5ccc(Oc6ccc(-c7ccc(N8C(=O)c9ccc(Oc%10ccc%11c(c%10)C(=O)N(*)C%11=O)cc9C8=O)cc7)cc6C(F)(F)F)cc54)cc3)c(C(F)(F)F)c2)cc1,249.0,,,,,,,,,
6356,P433467,*c1ccc(-c2ccc(Oc3ccc(C4(C)CC(C)(C)c5ccc(Oc6ccc(-c7ccc(N8C(=O)c9ccc(Oc%10ccc(C(C)(C)c%11ccc(Oc%12ccc%13c(c%12)C(=O)N(*)C%13=O)cc%11)cc%10)cc9C8=O)cc7)cc6C(F)(F)F)cc54)cc3)c(C(F)(F)F)c2)cc1,241.0,,,,,,,,,
6357,P433468,*c1cc(OCCCC)cc(N2C(=O)c3ccc(Oc4ccc5c(c4)C(=O)N(*)C5=O)cc3C2=O)c1,237.0,,,,,,,,,
6358,P433469,*c1cc(OCCCCCCCC)cc(N2C(=O)c3ccc(Oc4ccc5c(c4)C(=O)N(*)C5=O)cc3C2=O)c1,185.0,,,,,,,,,
6359,P433470,*c1cc(OCCCCCCCCCCCC)cc(N2C(=O)c3ccc(Oc4ccc5c(c4)C(=O)N(*)C5=O)cc3C2=O)c1,162.0,,,,,,,,,
6360,P433471,*c1cc(OCCCCCCCCCCCCCCCC)cc(N2C(=O)c3ccc(Oc4ccc5c(c4)C(=O)N(*)C5=O)cc3C2=O)c1,159.0,,,,,,,,,
6361,P433472,*c1ccc2c(c1)C(=O)N(c1cc(OCCCC)cc(N3C(=O)c4ccc(C(*)(C(F)(F)F)C(F)(F)F)cc4C3=O)c1)C2=O,246.0,,,,,,,,,
6362,P433473,*c1ccc2c(c1)C(=O)N(c1cc(OCCCCCCCC)cc(N3C(=O)c4ccc(C(*)(C(F)(F)F)C(F)(F)F)cc4C3=O)c1)C2=O,195.0,,,,,,,,,
6363,P433474,*c1ccc2c(c1)C(=O)N(c1cc(OCCCCCCCCCCCC)cc(N3C(=O)c4ccc(C(*)(C(F)(F)F)C(F)(F)F)cc4C3=O)c1)C2=O,165.0,,,,,,,,,
6364,P433475,*c1ccc2c(c1)C(=O)N(c1cc(OCCCCCCCCCCCCCCCC)cc(N3C(=O)c4ccc(C(*)(C(F)(F)F)C(F)(F)F)cc4C3=O)c1)C2=O,161.0,,,,,,,,,
6365,P433476,*C(=O)c1ccc2c(c1)C(=O)N(c1cc(OCCCC)cc(N3C(=O)c4ccc(*)cc4C3=O)c1)C2=O,244.0,,,,,,,,,
6366,P433477,*C(=O)c1ccc2c(c1)C(=O)N(c1cc(OCCCCCCCC)cc(N3C(=O)c4ccc(*)cc4C3=O)c1)C2=O,195.0,,,,,,,,,
6367,P433478,*C(=O)c1ccc2c(c1)C(=O)N(c1cc(OCCCCCCCCCCCC)cc(N3C(=O)c4ccc(*)cc4C3=O)c1)C2=O,182.0,,,,,,,,,
6368,P433479,*C(=O)c1ccc2c(c1)C(=O)N(c1cc(OCCCCCCCCCCCCCCCC)cc(N3C(=O)c4ccc(*)cc4C3=O)c1)C2=O,179.0,,,,,,,,,
6369,P433480,*c1cccc(Oc2ccc(C#N)c(Oc3cccc(N4C(=O)c5ccc(Oc6ccc7c(c6)C(=O)N(*)C7=O)cc5C4=O)c3)c2)c1,196.0,,,,,,,,,
6370,P433481,*c1cccc(Oc2cccc(Oc3cccc(Oc4cccc(Oc5cccc(N6C(=O)c7ccc(Oc8ccc9c(c8)C(=O)N(*)C9=O)cc7C6=O)c5)c4C#N)c3)c2C#N)c1,176.0,,,,,,,,,
6371,P433482,*c1ccc(NC2CC(=O)N(c3ccc(-c4sc(-c5ccc(N6C(=O)CC(Nc7ccc(-c8nc(-c9ccc(-c%10nc(-c%11ccc([N+](=O)[O-])cc%11)c(-c%11ccc([N+](=O)[O-])cc%11)[nH]%10)cc9)[nH]c8*)cc7)C6=O)cc5)c(-c5ccccc5)c4-c4ccccc4)cc3)C2=O)cc1,152.0,,,,,,,,,
6372,P433483,*c1ccc(-c2cc(C(C)(C)C)c(Oc3ccc(-n4c(=O)c5cc6c(=O)n(*)c(=O)c6cc5c4=O)cc3)c(C(C)(C)C)c2)cc1,398.5,,,,,,,,,
6373,P433484,*C(=O)c1ccc2c(c1)C(=O)N(c1ccc(-c3cc(C(C)(C)C)c(Oc4ccc(N5C(=O)c6ccc(*)cc6C5=O)cc4)c(C(C)(C)C)c3)cc1)C2=O,347.5,,,,,,,,,
6374,P433485,*c1ccc(-c2cc(C(C)(C)C)c(Oc3ccc(N4C(=O)c5ccc(Oc6ccc7c(c6)C(=O)N(*)C7=O)cc5C4=O)cc3)c(C(C)(C)C)c2)cc1,342.0,,,,,,,,,
6375,P433486,*c1ccc2c(c1)C(=O)N(c1ccc(Oc3c(C(C)(C)C)cc(-c4ccc(N5C(=O)c6ccc(C(*)(C(F)(F)F)C(F)(F)F)cc6C5=O)cc4)cc3C(C)(C)C)cc1)C2=O,355.0,,,,,,,,,
6376,P433487,*c1ccc(-c2cc(C(C)(C)C)c(Oc3ccc(N4C(=O)c5ccc(-c6ccc7c(c6)C(=O)N(*)C7=O)cc5C4=O)cc3)c(C(C)(C)C)c2)cc1,381.5,,,,,,,,,
6377,P433488,*c1ccc(-c2cc(C(C)(C)C)c(Oc3ccc(N4C(=O)c5ccc(S(=O)(=O)c6ccc7c(c6)C(=O)N(*)C7=O)cc5C4=O)cc3)c(C(C)(C)C)c2)cc1,354.5,,,,,,,,,
6378,P433489,*c1ccc(-c2cc(C(C)(C)C)c(Oc3ccc(-n4c(=O)c5cc6c(=O)n(*)c(=O)c6cc5c4=O)cc3C(F)(F)F)c(C(C)(C)C)c2)cc1,420.0,,,,,,,,,
6379,P433490,*C(=O)c1ccc2c(c1)C(=O)N(c1ccc(-c3cc(C(C)(C)C)c(Oc4ccc(N5C(=O)c6ccc(*)cc6C5=O)cc4C(F)(F)F)c(C(C)(C)C)c3)cc1)C2=O,362.0,,,,,,,,,
6380,P433491,*c1ccc(-c2cc(C(C)(C)C)c(Oc3ccc(N4C(=O)c5ccc(Oc6ccc7c(c6)C(=O)N(*)C7=O)cc5C4=O)cc3C(F)(F)F)c(C(C)(C)C)c2)cc1,353.0,,,,,,,,,
6381,P433492,*c1ccc2c(c1)C(=O)N(c1ccc(Oc3c(C(C)(C)C)cc(-c4ccc(N5C(=O)c6ccc(C(*)(C(F)(F)F)C(F)(F)F)cc6C5=O)cc4)cc3C(C)(C)C)c(C(F)(F)F)c1)C2=O,362.5,,,,,,,,,
6382,P433493,*c1ccc(-c2cc(C(C)(C)C)c(Oc3ccc(N4C(=O)c5ccc(-c6ccc7c(c6)C(=O)N(*)C7=O)cc5C4=O)cc3C(F)(F)F)c(C(C)(C)C)c2)cc1,389.0,,,,,,,,,
6383,P433494,*c1ccc(-c2cc(C(C)(C)C)c(Oc3ccc(N4C(=O)c5ccc(S(=O)(=O)c6ccc7c(c6)C(=O)N(*)C7=O)cc5C4=O)cc3C(F)(F)F)c(C(C)(C)C)c2)cc1,365.5,,,,,,,,,
6384,P433495,*c1ccc(-c2cc(C(C)(C)C)c(Oc3ccc(-n4c(=O)c5ccc6c(=O)n(*)c(=O)c7ccc(c4=O)c5c67)cc3C(F)(F)F)c(C(C)(C)C)c2)cc1,456.0,,,,,,,,,
6385,P433496,*c1cc(C(=O)Oc2ccc(-c3ccc(O[Si](C)(C)C(C)(C)C)cc3)cc2)cc(N2C(=O)c3ccc(-c4ccc5c(c4)C(=O)N(*)C5=O)cc3C2=O)c1,230.0,,,,,,,,,
6386,P433500,*c1ccc(Sc2ccc(Sc3ccc(N4C(=O)c5ccc(Sc6ccc(Sc7ccc(Sc8ccc9c(c8)C(=O)N(*)C9=O)cc7)cc6)cc5C4=O)cc3)cc2)cc1,190.75,,,,,,,,,
6387,P433501,*c1ccc(Sc2ccc(Sc3ccc(Sc4ccc(N5C(=O)c6ccc(Sc7ccc(Sc8ccc(Sc9ccc%10c(c9)C(=O)N(*)C%10=O)cc8)cc7)cc6C5=O)cc4)cc3)cc2)cc1,176.45,,,,,,,,,
6388,P433502,*c1ccc(Sc2ccc(Sc3ccc(Sc4ccc(N5C(=O)c6ccc(Oc7ccc8c(c7)C(=O)N(*)C8=O)cc6C5=O)cc4)cc3)cc2)cc1,202.65,,,,,,,,,
6389,P433503,*c1ccc(Sc2ccc(Sc3ccc(Sc4ccc(N5C(=O)c6ccc(-c7cccc8c7C(=O)N(*)C8=O)cc6C5=O)cc4)cc3)cc2)cc1,226.7,,,,,,,,,
6390,P433504,*c1ccc(Sc2ccc(Sc3ccc(Sc4ccc(N5C(=O)c6ccc(-c7ccc8c(c7)C(=O)N(*)C8=O)cc6C5=O)cc4)cc3)cc2)cc1,227.1,,,,,,,,,
6391,P433505,*Sc1ccc(Sc2ccc(Sc3cccc4c3C(=O)N(N3C(=O)c5cccc(*)c5C3=O)C4=O)cc2)cc1,266.0,,,,,,,,,
6392,P433506,*Sc1ccc(Sc2ccc(Sc3ccc4c(c3)C(=O)N(N3C(=O)c5cccc(*)c5C3=O)C4=O)cc2)cc1,242.0,,,,,,,,,
6393,P433507,*Sc1ccc(Sc2ccc(Sc3ccc4c(c3)C(=O)N(N3C(=O)c5ccc(*)cc5C3=O)C4=O)cc2)cc1,223.5,,,,,,,,,
6394,P433532,*c1ccc(Oc2ccc(N3C(=O)c4ccc(-c5ccc6c(c5)C(=O)N(*)C6=O)cc4C3=O)cc2Br)c(Br)c1,275.0,,,,,,,,,
6395,P433533,*C(=O)c1ccc2c(c1)C(=O)N(c1ccc(Oc3ccc(N4C(=O)c5ccc(*)cc5C4=O)cc3Br)c(Br)c1)C2=O,296.0,,,,,,,,,
6396,P433534,*c1ccc(Oc2ccc(N3C(=O)c4ccc(Oc5ccc6c(c5)C(=O)N(*)C6=O)cc4C3=O)cc2Br)c(Br)c1,251.0,,,,,,,,,
6397,P433535,*c1ccc(Oc2ccc(N3C(=O)c4ccc(S(=O)(=O)c5ccc6c(c5)C(=O)N(*)C6=O)cc4C3=O)cc2Br)c(Br)c1,281.0,,,,,,,,,
6398,P433536,*c1ccc2c(c1)C(=O)N(c1ccc(Oc3ccc(N4C(=O)c5ccc(C(*)(C(F)(F)F)C(F)(F)F)cc5C4=O)cc3Br)c(Br)c1)C2=O,299.0,,,,,,,,,
6399,P433538,*c1cc(Br)c(Oc2c(Br)cc(N3C(=O)c4ccc(-c5ccc6c(c5)C(=O)N(*)C6=O)cc4C3=O)cc2Br)c(Br)c1,287.0,,,,,,,,,
6400,P433539,*C(=O)c1ccc2c(c1)C(=O)N(c1cc(Br)c(Oc3c(Br)cc(N4C(=O)c5ccc(*)cc5C4=O)cc3Br)c(Br)c1)C2=O,323.0,,,,,,,,,
6401,P433540,*c1cc(Br)c(Oc2c(Br)cc(N3C(=O)c4ccc(Oc5ccc6c(c5)C(=O)N(*)C6=O)cc4C3=O)cc2Br)c(Br)c1,283.0,,,,,,,,,
6402,P433541,*c1cc(Br)c(Oc2c(Br)cc(N3C(=O)c4ccc(S(=O)(=O)c5ccc6c(c5)C(=O)N(*)C6=O)cc4C3=O)cc2Br)c(Br)c1,328.0,,,,,,,,,
6403,P433542,*c1ccc2c(c1)C(=O)N(c1cc(Br)c(Oc3c(Br)cc(N4C(=O)c5ccc(C(*)(C(F)(F)F)C(F)(F)F)cc5C4=O)cc3Br)c(Br)c1)C2=O,303.0,,,,,,,,,
6404,P433543,*c1ccc2c(c1)C(=O)N(c1cc(C(c3ccc(OC(=O)C45CC6CC(CC(C6)C4)C5)c(N4C(=O)c5ccc(C(*)(C(F)(F)F)C(F)(F)F)cc5C4=O)c3)(C(F)(F)F)C(F)(F)F)ccc1OC(=O)C13CC4CC(CC(C4)C1)C3)C2=O,305.0,,,,,,,,,
6405,P433544,*c1ccc(Oc2cccc(-c3cc(-c4ccccc4)cc(-c4cccc(Oc5ccc(-n6c(=O)c7cc8c(=O)n(*)c(=O)c8cc7c6=O)cc5)c4)n3)c2)cc1,264.0,,,,,,,,,
6406,P433545,*c1ccc(Oc2cccc(-c3cc(-c4ccccc4)cc(-c4cccc(Oc5ccc(N6C(=O)c7ccc(Oc8ccc9c(c8)C(=O)N(*)C9=O)cc7C6=O)cc5)c4)n3)c2)cc1,224.0,,,,,,,,,
6407,P433546,*C(=O)c1ccc2c(c1)C(=O)N(c1ccc(Oc3cccc(-c4cc(-c5ccccc5)cc(-c5cccc(Oc6ccc(N7C(=O)c8ccc(*)cc8C7=O)cc6)c5)n4)c3)cc1)C2=O,260.0,,,,,,,,,
6408,P433547,*c1ccc2c(c1)C(=O)N(c1ccc(Oc3cccc(-c4cc(-c5ccccc5)cc(-c5cccc(Oc6ccc(N7C(=O)c8ccc(C(*)(C(F)(F)F)C(F)(F)F)cc8C7=O)cc6)c5)n4)c3)cc1)C2=O,180.0,,,,,,,,,
6409,P433548,*C(CC(C)C)C(=O)Nc1ccc(Oc2ccc(NC(=O)Nc3ccc(Cc4ccc(NC(=O)Nc5ccc(Oc6ccc(NC(=O)C(CC(C)C)n7c(=O)c8cc9c(=O)n(*)c(=O)c9cc8c7=O)cc6)cc5)cc4)cc3)cc2)cc1,181.4,,,,,,,,,
6410,P433551,*C(CC(C)C)C(=O)Nc1ccc(Oc2ccc(NC(=O)NCC3(C)CC(NC(=O)Nc4ccc(Oc5ccc(NC(=O)C(CC(C)C)n6c(=O)c7cc8c(=O)n(*)c(=O)c8cc7c6=O)cc5)cc4)CC(C)(C)C3)cc2)cc1,147.5,,,,,,,,,
6411,P433563,*C(=O)OCCN(CCOC(=O)c1ccc2c(c1)C(=O)N(c1c(C)cc(Cc3cc(C)c(N4C(=O)c5ccc(*)cc5C4=O)c(C)c3)cc1C)C2=O)c1ccccc1,177.0,,,,,,,,,
6412,P433564,*C(=O)OCCN(CCOC(=O)c1ccc2c(c1)C(=O)N(c1c(C)cc(Cc3cc(C)c(N4C(=O)c5ccc(*)cc5C4=O)c(C)c3)cc1C)C2=O)c1ccc(/N=N/c2ccc([N+](=O)[O-])cc2)cc1,179.0,,,,,,,,,
6413,P433565,*C(=O)OCCN(CCOC(=O)c1ccc2c(c1)C(=O)N(c1c(C)cc(Cc3cc(C)c(N4C(=O)c5ccc(*)cc5C4=O)c(C)c3)cc1C)C2=O)c1ccc(/N=N/c2ccc([N+](=O)[O-])cc2[N+](=O)[O-])cc1,176.0,,,,,,,,,
6414,P433566,*C(=O)OCCN(CCOC(=O)c1ccc2c(c1)C(=O)N(c1c(C)cc(Cc3cc(C)c(N4C(=O)c5ccc(*)cc5C4=O)c(C)c3)cc1C)C2=O)c1ccc(/N=N/c2ccc([N+](=O)[O-])cc2C#N)cc1,216.0,,,,,,,,,
6415,P433575,*c1cccc(C(=O)c2ccc(Oc3ccc(N4C(=O)c5ccc(Oc6ccc7c(c6)C(=O)N(*)C7=O)cc5C4=O)cc3C(F)(F)F)cc2)c1,224.0,,,,,,,,,
6416,P433576,*C(=O)c1ccc2c(c1)C(=O)N(c1cccc(C(=O)c3ccc(Oc4ccc(N5C(=O)c6ccc(*)cc6C5=O)cc4C(F)(F)F)cc3)c1)C2=O,242.0,,,,,,,,,
6417,P433577,*c1ccc2c(c1)C(=O)N(c1ccc(Oc3ccc(C(=O)c4cccc(N5C(=O)c6ccc(C(*)(C(F)(F)F)C(F)(F)F)cc6C5=O)c4)cc3)c(C(F)(F)F)c1)C2=O,222.0,,,,,,,,,
6418,P433578,*c1cccc(C(=O)c2ccc(Oc3ccc(N4C(=O)c5ccc(Oc6ccc7c(c6)C(=O)N(*)C7=O)cc5C4=O)cc3)cc2)c1,232.0,,,,,,,,,
6419,P433579,*C(=O)c1ccc2c(c1)C(=O)N(c1cccc(C(=O)c3ccc(Oc4ccc(N5C(=O)c6ccc(*)cc6C5=O)cc4)cc3)c1)C2=O,251.0,,,,,,,,,
6420,P433580,*c1ccc2c(c1)C(=O)N(c1ccc(Oc3ccc(C(=O)c4cccc(N5C(=O)c6ccc(C(*)(C(F)(F)F)C(F)(F)F)cc6C5=O)c4)cc3)cc1)C2=O,242.0,,,,,,,,,
6421,P433581,*c1cc(/C=N/C(=S)Nc2ccc(-n3c(=O)c4cc5c(=O)n(*)c(=O)c5cc4c3=O)cc2)ccc1Cl,276.0,,,,,,,,,
6422,P433582,*C(=O)c1ccc2c(c1)C(=O)N(c1cc(/C=N/C(=S)Nc3ccc(N4C(=O)c5ccc(*)cc5C4=O)cc3)ccc1Cl)C2=O,274.0,,,,,,,,,
6423,P433583,*c1ccc2c(c1)C(=O)N(c1ccc(NC(=S)/N=C/c3ccc(Cl)c(N4C(=O)c5ccc(C(*)(C(F)(F)F)C(F)(F)F)cc5C4=O)c3)cc1)C2=O,272.0,,,,,,,,,
6424,P433584,*c1ccc(Oc2ccc(N3C(=O)c4ccc([Si](C)(C)O[Si](C)(C)c5ccc6c(c5)C(=O)N(c5ccc(Oc7ccc(-c8nnc(*)o8)cc7)cc5)C6=O)cc4C3=O)cc2)cc1,190.5,,,,,,,,,
6425,P433585,*c1ccc(Oc2cccc(N3C(=O)c4ccc([Si](C)(C)O[Si](C)(C)c5ccc6c(c5)C(=O)N(c5cccc(Oc7ccc(-c8nnc(*)o8)cc7)c5)C6=O)cc4C3=O)c2)cc1,165.0,,,,,,,,,
6426,P433586,*c1cccc(N2C(=O)c3ccc(-c4cccc5c4C(=O)N(*)C5=O)cc3C2=O)c1,341.0,,,,,,,,,
6427,P433587,*c1ccc(-c2ccc(N3C(=O)c4ccc(-c5cccc6c5C(=O)N(*)C6=O)cc4C3=O)c(C)c2)cc1C,384.0,,,,,,,,,
6428,P433588,*c1ccc(-c2ccc(N3C(=O)c4ccc(-c5cccc6c5C(=O)N(*)C6=O)cc4C3=O)cc2C)c(C)c1,372.0,,,,,,,,,
6429,P433589,*c1ccc(-c2ccc(N3C(=O)c4ccc(-c5cccc6c5C(=O)N(*)C6=O)cc4C3=O)cc2C(F)(F)F)c(C(F)(F)F)c1,346.0,,,,,,,,,
6430,P433590,*c1ccc(Oc2cccc(N3C(=O)c4ccc(-c5cccc6c5C(=O)N(*)C6=O)cc4C3=O)c2)cc1,286.0,,,,,,,,,
6431,P433591,*c1ccc(Oc2ccc(Oc3ccc(N4C(=O)c5ccc(-c6cccc7c6C(=O)N(*)C7=O)cc5C4=O)cc3)cc2)cc1,285.0,,,,,,,,,
6432,P433592,*c1ccc(Oc2cccc(Oc3ccc(N4C(=O)c5ccc(-c6cccc7c6C(=O)N(*)C7=O)cc5C4=O)cc3)c2)cc1,259.0,,,,,,,,,
6433,P433593,*c1cccc(Oc2cccc(Oc3cccc(N4C(=O)c5ccc(-c6cccc7c6C(=O)N(*)C7=O)cc5C4=O)c3)c2)c1,213.0,,,,,,,,,
6434,P433594,*CCN1C(=O)c2ccc(C(c3ccc4c(c3)C(=O)N(*)C4=O)(C(F)(F)F)C(F)(F)F)cc2C1=O,180.0,,,,,,,,,
6435,P433595,*CCCN1C(=O)c2ccc(C(c3ccc4c(c3)C(=O)N(*)C4=O)(C(F)(F)F)C(F)(F)F)cc2C1=O,190.0,,,,,,,,,
6436,P433596,*CCCCN1C(=O)c2ccc(C(c3ccc4c(c3)C(=O)N(*)C4=O)(C(F)(F)F)C(F)(F)F)cc2C1=O,190.0,,,,,,,,,
6437,P433597,*CCCCCN1C(=O)c2ccc(C(c3ccc4c(c3)C(=O)N(*)C4=O)(C(F)(F)F)C(F)(F)F)cc2C1=O,180.0,,,,,,,,,
6438,P433598,*CCCCCCCN1C(=O)c2ccc(C(c3ccc4c(c3)C(=O)N(*)C4=O)(C(F)(F)F)C(F)(F)F)cc2C1=O,165.0,,,,,,,,,
6439,P433599,*CCCCCCCCN1C(=O)c2ccc(C(c3ccc4c(c3)C(=O)N(*)C4=O)(C(F)(F)F)C(F)(F)F)cc2C1=O,155.0,,,,,,,,,
6440,P433600,*CCCCCCCCCN1C(=O)c2ccc(C(c3ccc4c(c3)C(=O)N(*)C4=O)(C(F)(F)F)C(F)(F)F)cc2C1=O,135.0,,,,,,,,,
6441,P433601,*CCCCCCCCCCN1C(=O)c2ccc(C(c3ccc4c(c3)C(=O)N(*)C4=O)(C(F)(F)F)C(F)(F)F)cc2C1=O,123.0,,,,,,,,,
6442,P433602,*CCCCCCCCCCCCN1C(=O)c2ccc(C(c3ccc4c(c3)C(=O)N(*)C4=O)(C(F)(F)F)C(F)(F)F)cc2C1=O,101.0,,,,,,,,,
6443,P433603,*c1ccc(Sc2ccc(Sc3ccc(N4C(=O)c5ccc(Sc6ccc(Sc7ccc(Sc8ccc9c(c8)C(=O)N(*)C9=O)cc7)cc6)cc5C4=O)cc3)s2)cc1,185.5,,,,,,,,,
6444,P433604,*c1ccc(Sc2ccc(Sc3ccc(N4C(=O)c5ccc(Oc6ccc7c(c6)C(=O)N(*)C7=O)cc5C4=O)cc3)s2)cc1,218.0,,,,,,,,,
6445,P433605,*c1ccc(Sc2ccc(Sc3ccc(Sc4ccc(Sc5ccc(N6C(=O)c7ccc(Sc8ccc(Sc9ccc(Sc%10ccc%11c(c%10)C(=O)N(*)C%11=O)cc9)cc8)cc7C6=O)cc5)s4)s3)s2)cc1,177.0,,,,,,,,,
6446,P433606,*c1ccc(Sc2ccc(Sc3ccc(Sc4ccc(Sc5ccc(N6C(=O)c7ccc(Oc8ccc9c(c8)C(=O)N(*)C9=O)cc7C6=O)cc5)s4)s3)s2)cc1,158.5,,,,,,,,,
6447,P433607,*c1ccc2c(c1)C(=O)N(c1cc(NC(=O)OCCN(CCOC(=O)Nc3cc(N4C(=O)c5ccc(C(*)(C(F)(F)F)C(F)(F)F)cc5C4=O)ccc3C)c3ccc(/N=N/c4ccc([N+](=O)[O-])cc4)cc3)ccc1C)C2=O,196.0,,,,,,,,,
6448,P433608,*C/C=C/c1cc(C(C)(C)c2ccc(O)c(/C=C/CC3CC(=O)N(c4ccc(Cc5ccc(N6C(=O)CC(*)C6=O)cc5)cc4)C3=O)c2)ccc1O,206.0,,,,,,,,,
6449,P433614,*c1cccc(Oc2cccc(Oc3cccc(N4C(=O)C5C6C=CC(C7C(=O)N(*)C(=O)C67)C5C4=O)c3)c2)c1,177.0,,,,,,,,,
6450,P433615,*Cc1ccc(C(C)(C)c2ccc(Cn3c(=O)c4cc5c(=O)n(*)c(=O)c5cc4c3=O)o2)o1,138.0,,,,,,,,,
6451,P433616,*Cc1ccc(C(C)(C)c2ccc(CN3C(=O)c4ccc(Oc5ccc6c(c5)C(=O)N(*)C6=O)cc4C3=O)o2)o1,116.0,,,,,,,,,
6452,P433617,*Cc1ccc(C(C)(C)c2ccc(CN3C(=O)c4ccc(C(c5ccc6c(c5)C(=O)N(*)C6=O)(C(F)(F)F)C(F)(F)F)cc4C3=O)o2)o1,134.0,,,,,,,,,
6453,P433618,*Cc1ccc(C(C)(C)c2ccc(CN3C(=O)c4ccc(-c5ccc6c(c5)C(=O)N(*)C6=O)cc4C3=O)o2)o1,129.0,,,,,,,,,
6454,P433619,*Cc1ccc(C(C)(CC)c2ccc(Cn3c(=O)c4cc5c(=O)n(*)c(=O)c5cc4c3=O)o2)o1,143.0,,,,,,,,,
6455,P433620,*Cc1ccc(C(C)(CCC)c2ccc(Cn3c(=O)c4cc5c(=O)n(*)c(=O)c5cc4c3=O)o2)o1,134.0,,,,,,,,,
6456,P433621,*Cc1ccc(C(C)c2ccc(Cn3c(=O)c4cc5c(=O)n(*)c(=O)c5cc4c3=O)o2)o1,116.0,,,,,,,,,
6457,P433622,*Cc1ccc(C(C)c2ccc(CN3C(=O)c4ccc(Oc5ccc6c(c5)C(=O)N(*)C6=O)cc4C3=O)o2)o1,129.0,,,,,,,,,
6458,P433623,*c1ccc(Oc2ccc(-n3c(=O)c4cc5c(=O)n(*)c(=O)c5cc4c3=O)cc2-c2ccccc2)cc1,329.0,,,,,,,,,
6459,P433630,*c1ccc(Oc2ccc(-c3cccc(-c4ccc(Oc5ccc(-c6c7c(c(*)c8ccccc68)C(=O)N(c6ccccc6)C7=O)cc5)c(C(F)(F)F)c4)c3)cc2C(F)(F)F)cc1,271.0,,,,,,,,,
6460,P433631,*c1ccc(Oc2ccc(-c3ccc(-c4ccc(Oc5ccc(-c6c7c(c(*)c8ccccc68)C(=O)N(c6ccccc6)C7=O)cc5)c(C(F)(F)F)c4)cc3)cc2C(F)(F)F)cc1,317.0,,,,,,,,,
6461,P433632,*c1ccc(Oc2ccc(-c3ccc(-c4ccc(-c5ccc(Oc6ccc(-c7c8c(c(*)c9ccccc79)C(=O)N(c7ccccc7)C8=O)cc6)c(C(F)(F)F)c5)cc4)cc3)cc2C(F)(F)F)cc1,334.0,,,,,,,,,
6462,P433633,*c1ccc(Oc2ccc(-c3c4ccccc4c(-c4ccc(Oc5ccc(-c6c7c(c(*)c8ccccc68)C(=O)N(c6ccccc6)C7=O)cc5)c(C(F)(F)F)c4)c4ccccc34)cc2C(F)(F)F)cc1,361.0,,,,,,,,,
6463,P433634,*c1ccc(Oc2ccc(-c3cccc(-c4ccc(Oc5ccc(-c6c7c(c(*)c8ccccc68)C(=O)N(c6ccccc6)C7=O)cc5)c(C(F)(F)F)c4)n3)cc2C(F)(F)F)cc1,298.0,,,,,,,,,
6464,P433635,*c1ccc(Oc2ccc(-c3ccc(-c4ccc(Oc5ccc(-c6c7c(c(*)c8ccccc68)C(=O)N(c6ccccc6)C7=O)cc5)c(C(F)(F)F)c4)s3)cc2C(F)(F)F)cc1,287.0,,,,,,,,,
6465,P433636,*C(=O)Nc1cccc(NC(=O)c2ccc3c(c2)C(=O)N(c2cc(-c4nc5ccccc5o4)cc(N4C(=O)c5ccc(*)cc5C4=O)c2)C3=O)n1,365.0,,,,,,,,,
6466,P433638,*C(=O)Nc1ccc(S(=O)(=O)c2ccc(NC(=O)c3ccc4c(c3)C(=O)N(c3cc(-c5nc6ccccc6o5)cc(N5C(=O)c6ccc(*)cc6C5=O)c3)C4=O)cc2)cc1,367.0,,,,,,,,,
6467,P433639,*C(=O)Nc1cc(NC(=O)c2ccc3c(c2)C(=O)N(c2cc(-c4nc5ccccc5o4)cc(N4C(=O)c5ccc(*)cc5C4=O)c2)C3=O)cc(-c2nc3ccccc3[nH]2)c1,371.0,,,,,,,,,
6468,P433640,*C(=O)Nc1cccc(NC(=O)c2ccc3c(c2)C(=O)N(c2cc(-c4nc5ccccc5s4)cc(N4C(=O)c5ccc(*)cc5C4=O)c2)C3=O)n1,358.0,,,,,,,,,
6469,P433641,*C(=O)Nc1ccc(NC(=O)c2ccc3c(c2)C(=O)N(c2cc(-c4nc5ccccc5s4)cc(N4C(=O)c5ccc(*)cc5C4=O)c2)C3=O)cc1,356.0,,,,,,,,,
6470,P433642,*C(=O)Nc1ccc(S(=O)(=O)c2ccc(NC(=O)c3ccc4c(c3)C(=O)N(c3cc(-c5nc6ccccc6s5)cc(N5C(=O)c6ccc(*)cc6C5=O)c3)C4=O)cc2)cc1,357.0,,,,,,,,,
6471,P433643,*C(=O)Nc1cc(NC(=O)c2ccc3c(c2)C(=O)N(c2cc(-c4nc5ccccc5s4)cc(N4C(=O)c5ccc(*)cc5C4=O)c2)C3=O)cc(-c2nc3ccccc3[nH]2)c1,368.0,,,,,,,,,
6472,P433644,*C(=O)Nc1cccc(NC(=O)c2ccc3c(c2)C(=O)N(c2cccc(N4C(=O)c5ccc(*)cc5C4=O)c2)C3=O)n1,339.0,,,,,,,,,
6473,P433645,*C(=O)Nc1ccc(NC(=O)c2ccc3c(c2)C(=O)N(c2cccc(N4C(=O)c5ccc(*)cc5C4=O)c2)C3=O)cc1,341.0,,,,,,,,,
6474,P433646,*C(=O)Nc1ccc(S(=O)(=O)c2ccc(NC(=O)c3ccc4c(c3)C(=O)N(c3cccc(N5C(=O)c6ccc(*)cc6C5=O)c3)C4=O)cc2)cc1,342.0,,,,,,,,,
6475,P433647,*C(=O)Nc1cc(NC(=O)c2ccc3c(c2)C(=O)N(c2cccc(N4C(=O)c5ccc(*)cc5C4=O)c2)C3=O)cc(-c2nc3ccccc3[nH]2)c1,361.0,,,,,,,,,
6476,P433648,*Nc1cccc(NC(=O)c2cccc(C(=O)Nc3ccc(C(=O)NC(*)=S)cc3)c2)c1,270.0,,,,,,,,,
6477,P433649,*Nc1cccc(NC(=O)c2ccc(C(=O)Nc3ccc(C(=O)NC(*)=S)cc3)cc2)c1,273.0,,,,,,,,,
6478,P433650,*Nc1cccc(NC(=O)CCCCC(=O)Nc2ccc(C(=O)NC(*)=S)cc2)c1,267.0,,,,,,,,,
6479,P433651,*Nc1cccc(NC(=O)CCCCCCCCC(=O)Nc2ccc(C(=O)NC(*)=S)cc2)c1,265.0,,,,,,,,,
6480,P433652,*C(=O)Nc1ccc(Oc2ccc(N3C(=O)CC(N4C(=O)c5ccc(*)cc5C4=O)C3=O)cc2)cc1,223.0,,,,,,,,,
6481,P433653,*C(=O)Nc1cccc(N2C(=O)CC(N3C(=O)c4ccc(*)cc4C3=O)C2=O)c1,130.0,,,,,,,,,
6482,P433654,*C(=O)Nc1ccc(-c2ccc(N3C(=O)CC(N4C(=O)c5ccc(*)cc5C4=O)C3=O)cc2)cc1,219.0,,,,,,,,,
6483,P433655,*C(=O)Nc1ccc(N2C(=O)CC(N3C(=O)c4ccc(*)cc4C3=O)C2=O)cc1,120.0,,,,,,,,,
6484,P433656,*C(=O)Nc1ccc(S(=O)(=O)c2ccc(N3C(=O)CC(N4C(=O)c5ccc(*)cc5C4=O)C3=O)cc2)cc1,145.0,,,,,,,,,
6485,P433657,*C(=O)Nc1ccc(Cc2ccc(N3C(=O)CC(N4C(=O)c5ccc(*)cc5C4=O)C3=O)cc2)cc1,123.0,,,,,,,,,
6486,P433658,*C(=O)Nc1ccc(C)cc1N1C(=O)CC(N2C(=O)c3ccc(*)cc3C2=O)C1=O,237.0,,,,,,,,,
6487,P433659,*C(=O)Nc1cccc2cccc(N3C(=O)CC(N4C(=O)c5ccc(*)cc5C4=O)C3=O)c12,193.0,,,,,,,,,
6488,P433660,*C(=O)Nc1cc(NC(=O)c2ccc3c(c2)C(=O)N(c2cc(-c4nnc(-c5ccccn5)o4)cc(N4C(=O)c5ccc(*)cc5C4=O)c2)C3=O)cc(-c2nnc(-c3ccccn3)o2)c1,164.0,,,,,,,,,
6489,P433662,*C(=O)Nc1cccc(S(=O)(=O)c2cccc(NC(=O)c3ccc4c(c3)C(=O)N(c3cc(-c5nnc(-c6ccccn6)o5)cc(N5C(=O)c6ccc(*)cc6C5=O)c3)C4=O)c2)c1,173.0,,,,,,,,,
6490,P433666,*C(=O)Nc1ccc(Oc2cccc(Oc3ccc(NC(=O)c4ccc5c(c4)C(=O)N(c4ccc(Sc6ccc(Oc7ccc(Sc8ccc(N9C(=O)c%10ccc(*)cc%10C9=O)cc8)cc7)cc6)cc4)C5=O)cc3)c2)cc1,179.0,,,,,,,,,
6491,P433667,*C(=O)Nc1ccc(C2(c3ccc(NC(=O)c4ccc5c(c4)C(=O)N(c4ccc(Sc6ccc(Oc7ccc(Sc8ccc(N9C(=O)c%10ccc(*)cc%10C9=O)cc8)cc7)cc6)cc4)C5=O)cc3)c3ccccc3-c3ccccc32)cc1,298.0,,,,,,,,,
6492,P433668,*c1ccc(Sc2ccc(Oc3ccc(Sc4ccc(N5C(=O)c6ccc(Oc7ccc(C(C)(C)c8ccc(Oc9ccc%10c(c9)C(=O)N(*)C%10=O)cc8)cc7)cc6C5=O)cc4)cc3)cc2)cc1,199.0,,,,,,,,,
6493,P433669,*c1ccc2c(c1)C(=O)N(c1ccc(Sc3ccc(Oc4ccc(Sc5ccc(N6C(=O)c7ccc(C(*)(C(F)(F)F)C(F)(F)F)cc7C6=O)cc5)cc4)cc3)cc1)C2=O,242.0,,,,,,,,,
6494,P433671,*c1ccc(Cc2ccc(N3C(=O)c4ccc(Sc5ccc6c(c5)C(=O)N(*)C6=O)cc4C3=O)c(C(C)(C)C)c2)cc1C(C)(C)C,300.5,,,,,,,,,
6495,P433672,*c1ccc(Cc2ccc(N3C(=O)c4ccc(S(=O)(=O)c5ccc6c(c5)C(=O)N(*)C6=O)cc4C3=O)c(C(C)(C)C)c2)cc1C(C)(C)C,336.0,,,,,,,,,
6496,P433674,*C(=O)Nc1cccc(Oc2cccc(Oc3cccc(Oc4cccc(Oc5cccc(NC(=O)c6ccc7c(c6)C(=O)N(c6cccc(Oc8cccc(Oc9cccc(N%10C(=O)c%11ccc(*)cc%11C%10=O)c9)c8C#N)c6)C7=O)c5)c4C#N)c3)c2C#N)c1,193.0,,,,,,,,,
6497,P433675,*C(=O)Nc1cccc(Oc2cccc(Oc3cccc(NC(=O)c4ccc5c(c4)C(=O)N(c4cccc(Oc6cccc(Oc7cccc(N8C(=O)c9ccc(*)cc9C8=O)c7)c6C#N)c4)C5=O)c3)c2C#N)c1,214.0,,,,,,,,,
6498,P433676,*C(=O)Nc1ccc(Oc2cccc(Oc3ccc(NC(=O)c4ccc5c(c4)C(=O)N(c4cccc(Oc6cccc(Oc7cccc(N8C(=O)c9ccc(*)cc9C8=O)c7)c6C#N)c4)C5=O)cc3)c2)cc1,207.0,,,,,,,,,
6499,P433677,*C(=O)Nc1cccc(Oc2cccc(Oc3cccc(Oc4cccc(Oc5cccc(NC(=O)c6ccc7c(c6)C(=O)N(c6ccc(Oc8cccc(Oc9ccc(N%10C(=O)c%11ccc(*)cc%11C%10=O)cc9)c8C#N)cc6)C7=O)c5)c4C#N)c3)c2C#N)c1,199.0,,,,,,,,,
6500,P433678,*C(=O)Nc1ccc(Oc2cccc(Oc3ccc(NC(=O)c4ccc5c(c4)C(=O)N(c4ccc(Oc6cccc(Oc7ccc(N8C(=O)c9ccc(*)cc9C8=O)cc7)c6C#N)cc4)C5=O)cc3)c2C#N)cc1,220.0,,,,,,,,,
6501,P433679,*C(=O)Nc1ccc(Oc2cccc(Oc3ccc(NC(=O)c4ccc5c(c4)C(=O)N(c4ccc(Oc6cccc(Oc7ccc(N8C(=O)c9ccc(*)cc9C8=O)cc7)c6C#N)cc4)C5=O)cc3)c2)cc1,217.0,,,,,,,,,
6502,P433689,*C(=O)Nc1ccc(-c2ccc(NC(=O)c3ccc4c(c3)C(=O)N(c3ccc(Oc5ccc(N6C(=O)c7ccc(*)cc7C6=O)cc5-c5ccccc5)c(-c5ccccc5)c3)C4=O)cc2)cc1,358.0,,,,,,,,,
6503,P433690,*C(=O)Nc1ccc(Oc2ccc(NC(=O)c3ccc4c(c3)C(=O)N(c3ccc(Oc5ccc(N6C(=O)c7ccc(*)cc7C6=O)cc5-c5ccccc5)c(-c5ccccc5)c3)C4=O)cc2)cc1,345.0,,,,,,,,,
6504,P433691,*C(=O)Nc1cc(C(F)(F)F)ccc1Oc1cccc2c(Oc3ccc(C(F)(F)F)cc3NC(=O)c3ccc4c(c3)C(=O)N(c3ccc(Oc5ccc(N6C(=O)c7ccc(*)cc7C6=O)cc5-c5ccccc5)c(-c5ccccc5)c3)C4=O)cccc12,376.0,,,,,,,,,
6505,P433692,*C(=O)Nc1ccc(Oc2ccc(NC(=O)c3ccc4c(c3)C(=O)N(c3ccc(Oc5ccc(N6C(=O)c7ccc(*)cc7C6=O)cc5-c5ccccc5)c(-c5ccccc5)c3)C4=O)cc2-c2ccccc2)c(-c2ccccc2)c1,369.0,,,,,,,,,
6506,P433696,*c1ccc(Oc2ccc(S(=O)(=O)c3ccc(Oc4ccc(N5C(=O)c6ccc(Oc7ccc(Oc8ccc9c(c8)C(=O)N(*)C9=O)cc7)cc6C5=O)cc4)cc3)cc2)cc1,201.0,,,,,,,,,
6507,P433697,*c1ccc(Oc2ccc(S(=O)(=O)c3ccc(Oc4ccc(N5C(=O)c6ccc(Oc7ccc(C(C)(C)c8ccc(Oc9ccc%10c(c9)C(=O)N(*)C%10=O)cc8)cc7)cc6C5=O)cc4)cc3)cc2)cc1,200.0,,,,,,,,,
6508,P433698,*c1ccc(Oc2ccc(S(=O)(=O)c3ccc(Oc4ccc(N5C(=O)c6ccc(Oc7cccc8c(Oc9ccc%10c(c9)C(=O)N(*)C%10=O)cccc78)cc6C5=O)cc4)cc3)cc2)cc1,201.0,,,,,,,,,
6509,P433699,*c1ccc(Oc2ccc(C(=O)c3ccc(Oc4ccc(N5C(=O)c6ccc(Oc7cccc(Oc8ccc9c(c8)C(=O)N(*)C9=O)c7)cc6C5=O)cc4)cc3)cc2)cc1,201.0,,,,,,,,,
6510,P433703,*C(=S)Nc1ccc(Oc2ccc(NC(=S)n3c(=O)c4cc5c(=O)n(*)c(=O)c5cc4c3=O)cc2)cc1,265.0,,,,,,,,,
6511,P433704,*C(=S)Nc1ccc(Oc2ccc(NC(=S)N3C(=O)c4ccc(C(=O)c5ccc6c(c5)C(=O)N(*)C6=O)cc4C3=O)cc2)cc1,262.0,,,,,,,,,
6512,P433705,*C(=S)Nc1ccc(Oc2ccc(NC(=S)N3C(=O)c4ccc(C(c5ccc6c(c5)C(=O)N(*)C6=O)(C(F)(F)F)C(F)(F)F)cc4C3=O)cc2)cc1,260.0,,,,,,,,,
6513,P433706,*c1ccc(Oc2ccc(N3C(=O)CC(C4C=C(C)C5C(=O)N(*)C(=O)C5C4)C3=O)cc2)cc1,278.0,,,,,,,,,
6514,P433707,*c1cccc(-c2cc(C(=O)Nc3ccc(OC(=O)c4cc(OCCCCCCCCCCCC)c(OCCCCCCCCCCCC)c(OCCCCCCCCCCCC)c4)cc3)cc(-c3cccc(N4C(=O)CC(C5C=C(C)C6C(=O)N(*)C(=O)C6C5)C4=O)c3)c2)c1,270.0,,,,,,,,,
6515,P433708,*c1cccc(-c2cc(C(=O)Nc3ccc(OC(=O)c4cc(OCCCCCCCCCCCC)c(OCCCCCCCCCCCC)c(OCCCCCCCCCCCC)c4)cc3)cc(-c3cccc(N4C(=O)c5ccc(S(=O)(=O)c6ccc7c(c6)C(=O)N(*)C7=O)cc5C4=O)c3)c2)c1,268.0,,,,,,,,,
6516,P433712,*c1ccc2c(c1)C(=O)N(c1cc(C(c3ccc(OC(C)=O)c(N4C(=O)c5ccc(C(*)(C(F)(F)F)C(F)(F)F)cc5C4=O)c3)(C(F)(F)F)C(F)(F)F)ccc1OC(C)=O)C2=O,266.5,,,,,,,,,
6517,P440005,*CC(OCC)C1C(=O)OC(=O)C1*,146.0,,,,,,,,,
6518,P440006,*CC(OCC(C)C)C1C(=O)OC(=O)C1*,145.0,,,,,,,,,
6519,P440007,*CC(OCCCC)C1C(=O)OC(=O)C1*,118.0,,,,,,,,,
6520,P440008,*CC(OC)C1(C)C(=O)OC(=O)C1(*)C,260.0,,,,,,,,,
6521,P440009,*CC(OCC)C1(C)C(=O)OC(=O)C1(*)C,244.0,,,,,,,,,
6522,P440010,*CC(OCC(C)C)C1(C)C(=O)OC(=O)C1(*)C,219.0,,,,,,,,,
6523,P440011,*CC(OCCCC)C1(C)C(=O)OC(=O)C1(*)C,197.0,,,,,,,,,
6524,P440015,*CC(c1ccccc1)C1C(=O)OC(=O)C1*,212.0,,,,,,,,,
6525,P440019,*CC(C)(N=C=O)C1C(=O)OC(=O)C1*,100.0,,,,,,,,,
6526,P442004,*CC(C)(C)C1C(=O)OC(=O)C1*,141.0,,,,,,,,,
6527,P442009,*CC(OC(C)C)C1C(=O)OC(=O)C1*,142.0,,,,,,,,,
6528,P442010,*CC(OC1CCCCC1)C1C(=O)OC(=O)C1*,201.0,,,,,,,,,
6529,P442011,*C1C(=O)OC(=O)C1C1C2CC(C(=O)OCCOCC)C(C2)C1*,155.0,,,,,,,,,
6530,P442012,*C1C(=O)OC(=O)C1C1C2CC(C(=O)OC(C)CC)C(C2)C1*,175.0,,,,,,,,,
6531,P442013,*C1C(=O)OC(=O)C1C1C2CC(C(=O)OC3CCCCC3)C(C2)C1*,195.0,,,,,,,,,
6532,P442014,*C1C(=O)OC(=O)C1C1C2CC(COCCC)C(C2)C1*,209.0,,,,,,,,,
6533,P450003,*Oc1ccc(C2(c3ccc(OC(*)=O)c(C)c3)CC3CCC2C3)cc1C,161.0,,,,,,,,,
6534,P450004,*Oc1ccc(C2(c3ccc(OC(*)=O)c(Cl)c3)CC3CCC2C3)cc1Cl,200.0,,,,,,,,,
6535,P450005,*Oc1c(Cl)cc(C2(c3cc(Cl)c(OC(*)=O)c(Cl)c3)CC3CCC2C3)cc1Cl,290.0,,,,,,,,,
6536,P450006,*Oc1c(Br)cc(C2(c3cc(Br)c(OC(*)=O)c(Br)c3)CC3CCC2C3)cc1Br,283.0,,,,,,,,,
6537,P450008,*Oc1c(Cl)cc(C(c2cc(Cl)c(OC(*)=O)c(Cl)c2)C2CC3CCC2C3)cc1Cl,270.0,,,,,,,,,
6538,P450009,*Oc1ccc(C(c2ccc(OC(*)=O)cc2)C2C3CCC(C3)C2C)cc1,232.0,,,,,,,,,
6539,P450010,*Oc1ccc(C(c2ccc(OC(*)=O)cc2)C2C3CCC(C3)C2c2ccccc2)cc1,196.0,,,,,,,,,
6540,P450011,*Oc1ccc(C(c2ccc(OC(*)=O)cc2)C2CCCCC2)cc1,190.0,,,,,,,,,
6541,P450012,*Oc1ccc(C(C)(C)c2ccc(OC(=O)OCCN(CCOC(*)=O)c3ccccc3)cc2)cc1,70.0,,,,,,,,,
6542,P450013,*Oc1ccc(C(C)(C)c2ccc(OC(=O)OCCN(CCOC(*)=O)c3ccc(OC)cc3)cc2)cc1,60.0,,,,,,,,,
6543,P450014,*Oc1ccc(C(C)(C)c2ccc(OC(=O)OCCN(CCOC(*)=O)c3ccc4[nH]c5ccccc5c4c3)cc2)cc1,90.0,,,,,,,,,
6544,P450017,*Oc1ccc(C2(c3ccc(OC(*)=O)cc3)CC3CC2C2CCCC32)cc1,251.5,,,,,,,,,
6545,P450018,*Oc1ccc(C2(c3ccc(OC(*)=O)c(C)c3)CC3CC2C2CCCC32)cc1C,217.0,,,,,,,,,
6546,P450019,*Oc1c(Cl)cc(C2(c3cc(Cl)c(OC(*)=O)c(Cl)c3)CC3CC2C2CCCC32)cc1Cl,281.0,,,,,,,,,
6547,P450020,*Oc1ccc(C2(c3ccc(OC(*)=O)cc3)CC3CC2C2C4CCC(C4)C32)cc1,267.5,,,,,,,,,
6548,P450021,*Oc1ccc(C2(c3ccc(OC(*)=O)cc3C)CC3CC2C2C4CCC(C4)C32)cc1C,232.0,,,,,,,,,
6549,P450022,*Oc1ccc(C(c2ccc(OC(*)=O)cc2)C2CC3CC2C2C4CCC(C4)C32)cc1,253.0,,,,,,,,,
6550,P450023,*Oc1ccc(C(CC)(c2ccccc2)c2ccc(OC(*)=O)cc2)cc1,147.0,,,,,,,,,
6551,P450024,*Oc1ccc(C2(c3ccc(OC(*)=O)cc3)CCc3ccccc32)cc1,219.0,,,,,,,,,
6552,P450026,*Oc1ccc(Cc2ccc(Cc3ccc(OC(*)=O)cc3)cc2)cc1,79.5,,,,,,,,,
6553,P450037,*OC(C)COC(*)=O,34.6,,,,,,,,,
6554,P450038,*Oc1ccc(C2(c3ccc(OC(*)=O)cc3)CC(C)CC(C)(C)C2)cc1,235.5,,,,,,,,,
6555,P450039,*Oc1c(C)cc(C(c2cc(C)c(OC(*)=O)c(C)c2)(C(F)(F)F)C(F)(F)F)cc1C,208.0,,,,,,,,,
6556,P450040,*OC1CCC(OC(*)=O)CC1,138.0,,,,,,,,,
6557,P450041,*CCCS(=O)(=O)CCCCS(=O)(=O)CCCOC(=O)O*,43.0,,,,,,,,,
6558,P450042,*Oc1ccc2c(c1)C1(CC2(C)C)CC(C)(C)c2ccc(OC(*)=O)cc21,228.0,,,,,,,,,
6559,P450043,*CCOC(=O)O*,5.0,,,,,,,,,
6560,P450044,*Oc1ccc(C(C)(C)c2ccc(OC(*)=O)c(CC)c2)cc1CC,65.0,,,,,,,,,
6561,P450045,*Oc1ccc(C(C)(CCC#N)c2ccc(OC(*)=O)cc2)cc1,150.0,,,,,,,,,
6562,P450046,*Oc1ccc(C(C)(CCC#N)c2ccc(OC(*)=O)c(C)c2)cc1C,117.0,,,,,,,,,
6563,P450047,*Oc1ccc(C(CCC)(CCC)c2ccc(OC(*)=O)c(C)c2)cc1C,101.0,,,,,,,,,
6564,P450052,*CC(OC(=O)OCC)C(COC(=O)O*)OC(=O)OCC,49.8,,,,,,,,,
6565,P450056,*OC1CCC(OC(=O)OCCCCOC(*)=O)CC1,30.0,,,,,,,,,
6566,P450057,*CC(O)C(O)COC(=O)O*,39.6,,,,,,,,,
6567,P450058,*CC(OC=O)C(COC(=O)O*)OC=O,54.3,,,,,,,,,
6568,P450059,*CC(OC(C)=O)C(COC(=O)O*)OC(C)=O,58.6,,,,,,,,,
6569,P450060,*CC(OC(=O)C(=O)OCC)C(COC(=O)O*)OC(=O)C(=O)OCC,53.8,,,,,,,,,
6570,P450061,*CC(OC(=O)Oc1ccc(C(=O)OC)cc1)C(COC(=O)O*)OC(=O)Oc1ccc(C(=O)OC)cc1,90.9,,,,,,,,,
6571,P450062,*CC(OC(=O)C(Cc1ccccc1)NC(=O)OC(C)(C)C)C(COC(=O)O*)OC(=O)C(Cc1ccccc1)NC(=O)OC(C)(C)C,82.4,,,,,,,,,
6572,P450063,*CC(OC(=O)C(CC(C)C)NC(=O)OCc1ccccc1)C(COC(=O)O*)OC(=O)C(CC(C)C)NC(=O)OCc1ccccc1,50.9,,,,,,,,,
6573,P450064,*CCCOC(=O)O*,-17.7,,,,,,,,,
6574,P450065,*OC1CCC(OC(=O)OCCCCCOC(*)=O)CC1,-5.0,,,,,,,,,
6575,P450066,*OC1CCC(OC(=O)OCCCCCCOC(*)=O)CC1,10.0,,,,,,,,,
6576,P450067,*OC1CCC(OC(=O)OCCCCCCCOC(*)=O)CC1,-5.0,,,,,,,,,
6577,P450077,*CC(C)(C)COC(=O)O*,25.0,,,,,,,,,
6578,P450078,*Oc1ccc(C(CC)c2ccc(OC(*)=O)cc2)cc1,128.0,,,,,,,,,
6579,P450079,*Oc1ccc(C(C)(CC)c2ccc(OC(*)=O)c(C)c2)cc1C,119.0,,,,,,,,,
6580,P450080,*Oc1ccc(C(C)(CC)c2ccc(OC(*)=O)c(Cl)c2)cc1Cl,142.0,,,,,,,,,
6581,P450081,*Oc1ccc(C(C)(C)c2ccc(OC(*)=O)c(Cl)c2)cc1,146.0,,,,,,,,,
6582,P450082,*Oc1ccc(C(C)(C)c2cc(Cl)c(OC(*)=O)c(Cl)c2)cc1,186.0,,,,,,,,,
6583,P450083,*Oc1ccc(C(C)(C)c2ccc(OC(*)=O)c(Cl)c2)cc1C,138.0,,,,,,,,,
6584,P450084,*Oc1ccc(C(CCCC)(CCCC)c2ccc(OC(*)=O)cc2)cc1,113.0,,,,,,,,,
6585,P450085,*Oc1ccc(C2(c3ccc(OC(*)=O)cc3)CCCCCC2)cc1,155.0,,,,,,,,,
6586,P452001,*Oc1ccc(C(C)(C)c2ccc(OC(=O)OC3C(C)(C)C(OC(*)=O)C3(C)C)cc2)cc1,130.0,,,,,,,,,
6587,P452002,*Oc1ccc(C(C)(CC)c2ccc(OC(=O)OC3C(C)(C)C(OC(*)=O)C3(C)C)cc2)cc1,124.0,,,,,,,,,
6588,P452004,*Oc1ccc(C2(c3ccc(OC(=O)OC4C(C)(C)C(OC(*)=O)C4(C)C)cc3)CC3CCC2C3)cc1,184.0,,,,,,,,,
6589,P452005,*Oc1ccc(C2(c3ccc(OC(=O)OC4C(C)(C)C(OC(*)=O)C4(C)C)cc3)CCC(C(C)(C)C)CC2)cc1,172.0,,,,,,,,,
6590,P452006,*Oc1ccc(C(C)(c2ccccc2)c2ccc(OC(=O)OC3C(C)(C)C(OC(*)=O)C3(C)C)cc2)cc1,149.0,,,,,,,,,
6591,P452007,*Oc1ccc(C(c2ccccc2)(c2ccccc2)c2ccc(OC(=O)OC3C(C)(C)C(OC(*)=O)C3(C)C)cc2)cc1,161.0,,,,,,,,,
6592,P452008,*Oc1ccc(C2(c3ccc(OC(=O)OC4C(C)(C)C(OC(*)=O)C4(C)C)cc3)c3ccccc3-c3ccccc32)cc1,214.0,,,,,,,,,
6593,P452009,*Oc1ccc(-c2ccc(OC(=O)OC3C(C)(C)C(OC(*)=O)C3(C)C)cc2)cc1,165.0,,,,,,,,,
6594,P452010,*Oc1ccc(C(c2ccc(OC(=O)OC3C(C)(C)C(OC(*)=O)C3(C)C)cc2)(C(F)(F)F)C(F)(F)F)cc1,142.0,,,,,,,,,
6595,P452014,*Sc1ccc(Cc2ccc(SC(*)=O)cc2)cc1,117.0,,,,,,,,,
6596,P452016,*CC(COC(=O)O*)OCCOc1ccc(/C=C/c2ccc([N+](=O)[O-])cc2)cc1,53.0,,,,,,,,,
6597,P452017,*CC(COC(=O)O*)OCCCCOc1ccc(/C=C/c2ccc([N+](=O)[O-])cc2)cc1,42.0,,,,,,,,,
6598,P452018,*CC(COC(=O)O*)OCCCCCCOc1ccc(/C=C/c2ccc([N+](=O)[O-])cc2)cc1,32.0,,,,,,,,,
6599,P452019,*CC(COC(=O)O*)OCCCCCCCCCCCOc1ccc(/C=C/c2ccc([N+](=O)[O-])cc2)cc1,21.0,,,,,,,,,
6600,P452021,*Oc1ccc(C2(c3ccc(OC(*)=O)cc3)c3cc(N(C)C)ccc3-c3ccc([N+](=O)[O-])cc32)cc1,278.0,,,,,,,,,
6601,P452022,*Oc1ccc(C2(c3ccc(OC(*)=O)cc3)c3cc(OC)ccc3-c3ccc([N+](=O)[O-])cc32)cc1,294.0,,,,,,,,,
6602,P452025,*Oc1ccc(C(c2ccc(OC(*)=O)cc2)C(Cl)Cl)cc1,165.0,,,,,,,,,
6603,P452026,*Oc1c(Br)cc(C(c2cc(Br)c(OC(*)=O)c(Br)c2)(C(F)(F)F)C(F)(F)F)cc1Br,206.0,,,,,,,,,
6604,P452027,*Oc1ccc(C(=O)c2ccc(OC(=O)OC3C(C)(C)C(OC(*)=O)C3(C)C)cc2)cc1,125.0,,,,,,,,,
6605,P452028,*Oc1ccc(S(=O)(=O)c2ccc(OC(=O)OC3C(C)(C)C(OC(*)=O)C3(C)C)cc2)cc1,162.0,,,,,,,,,
6606,P452029,*Oc1ccc(C(C)(C)c2ccc(OC(=O)SCCCSC(*)=O)cc2)cc1,90.0,,,,,,,,,
6607,P452030,*Oc1ccc(C(C)(C)c2ccc(OC(=O)SCCCCCCSC(*)=O)cc2)cc1,58.0,,,,,,,,,
6608,P452031,*Oc1ccc(C(C)(C)c2ccc(OC(=O)Sc3ccc(C(C)(C)c4ccc(SC(*)=O)cc4)cc3)cc2)cc1,154.0,,,,,,,,,
6609,P452032,*Oc1c(Br)cc(S(=O)(=O)c2cc(Br)c(OC(*)=O)c(Br)c2)cc1Br,196.0,,,,,,,,,
6610,P452033,*Oc1ccc2c(c1)C(C)(c1ccc(OC(*)=O)cc1)CC2(C)C,201.7,,,,,,,,,
6611,P452035,*Oc1c(Cl)cc(C(c2cc(Cl)c(OC(*)=O)c(Cl)c2)C(Cl)(Cl)Cl)cc1Cl,273.0,,,,,,,,,
6612,P452036,*Oc1c(Cl)cc(C(=C(Cl)Cl)c2cc(Cl)c(OC(*)=O)c(Cl)c2)cc1Cl,250.0,,,,,,,,,
6613,P452038,*CC1CCC(COC(=O)O*)CC1,38.7,,,,,,,,,
6614,P452046,*CC(C)(COC(=O)O*)C(=O)OCc1ccccc1,-2.0,,,,,,,,,
6615,P452049,*CCN(CCOC(=O)OCc1ccc(COC(=O)O*)cc1)c1ccc(/N=N/c2ccc([N+](=O)[O-])cc2)cc1,138.8,,,,,,,,,
6616,P452050,*OC1CCCCC1OC(*)=O,117.3,,,,,,,,,
6617,P452056,*Oc1ccc(C(C)(C)c2ccc(OC(=O)OCCCOC(*)=O)cc2)cc1,68.1,,,,,,,,,
6618,P452057,*Oc1ccc(C(C)(C)c2ccc(OC(=O)OCCCCOC(*)=O)cc2)cc1,56.5,,,,,,,,,
6619,P452058,*Oc1ccc(C(C)(C)c2ccc(OC(=O)OCCCCCOC(*)=O)cc2)cc1,49.5,,,,,,,,,
6620,P452059,*Oc1cccc(OC(=O)Oc2ccc(C(C)(C)c3ccc(OC(*)=O)cc3)cc2)c1,83.1,,,,,,,,,
6621,P452060,*Oc1ccc(OC(=O)Oc2ccc(C(C)(C)c3ccc(OC(*)=O)cc3)cc2)cc1,97.0,,,,,,,,,
6622,P452061,*Oc1ccc(C(C)(C)c2ccc(OC(=O)Oc3ccc(Cc4ccc(OC(*)=O)cc4)cc3)cc2)cc1,107.8,,,,,,,,,
6623,P452062,*CCCCOC(=O)OCC1CCC(COC(=O)O*)CC1,13.0,,,,,,,,,
6624,P452063,*Oc1ccc(C(C)(C)c2ccc(OC(=O)OCC3CCC(COC(*)=O)CC3)cc2)cc1,90.4,,,,,,,,,
6625,P452064,*Oc1ccc(Cc2ccc(OC(=O)OCC3CCC(COC(*)=O)CC3)cc2)cc1,56.9,,,,,,,,,
6626,P452065,*OC(COC(*)=O)COc1ccccc1,45.0,,,,,,,,,
6627,P452066,*OC(COC(*)=O)COC(C)(C)C,18.0,,,,,,,,,
6628,P452067,*OC(COCCCC)COC(*)=O,-22.0,,,,,,,,,
6629,P452068,*OC(COCCOC)COC(*)=O,-50.0,,,,,,,,,
6630,P460001,*C(=O)c1ccc2nc(-c3ccc(-c4nc5ccc(*)cc5nc4-c4ccccc4)cc3)c(-c3ccccc3)nc2c1,325.0,,,,,,,,,
6631,P460005,*c1ccc(Nc2nc(Nc3ccc(-c4nc5cc(-c6ccc7[nH]c(*)nc7c6)ccc5[nH]4)cc3)nc(N(c3ccccc3)c3ccccc3)n2)cc1,329.0,,,,,,,,,
6632,P460007,*c1ccc(-c2nc(-c3cccc(-c4nnc(-c5ccccc5)c(*)n4)n3)nnc2-c2ccccc2)cc1,260.0,,,,,,,,,
6633,P460008,*c1ccc(Cc2ccc(-c3nc(-c4cccc(-c5nnc(-c6ccccc6)c(*)n5)n4)nnc3-c3ccccc3)cc2)cc1,205.0,,,,,,,,,
6634,P460013,*CCCc1nc2cc(-c3ccc4[nH]c(*)nc4c3)ccc2[nH]1,275.0,,,,,,,,,
6635,P460014,*CCCCCCCCc1nc2cc(-c3ccc4[nH]c(*)nc4c3)ccc2[nH]1,234.0,,,,,,,,,
6636,P460015,*CCCCCNc1nc(NCCCCCc2nc3cc(-c4ccc5[nH]c(*)nc5c4)ccc3[nH]2)nc(N(CC)CC)n1,190.0,,,,,,,,,
6637,P460027,*c1cnc(C2C(c3ccccc3)C(*)C2c2ccccc2)cn1,150.0,,,,,,,,,
6638,P460038,*N=P(*)(Oc1cccc(Cl)c1)Oc1cccc(Cl)c1,-24.0,,,,,,,,,
6639,P460039,*N=P(*)(Oc1ccc(CC)cc1)Oc1ccc(CC)cc1,-12.5,,,,,,,,,
6640,P460040,*c1ccc(-c2ccc(-c3cc(-c4ccccc4)c4cc5c(-c6ccccc6)cc(*)nc5cc4n3)cc2)cc1,392.0,,,,,,,,,
6641,P460041,*c1ccc(-c2ccc(-c3cc(-c4ccccc4)c4cc5nc(*)cc(-c6ccccc6)c5cc4n3)cc2)cc1,383.0,,,,,,,,,
6642,P460049,*c1ccc(*)[nH]1,103.0,,,,,,,,,
6643,P460050,*N=P(*)(OCCOCCOCCOC)OCCOCCOCCOC,-8.0,,,,,,,,,
6644,P460051,*N=P(*)(OCCOCCOCCOCCOC)OCCOCCOCCOCCOC,-80.0,,,,,,,,,
6645,P460052,*N=P(*)(OCCOCCOCCOCCOCCOC)OCCOCCOCCOCCOCCOC,-79.0,,,,,,,,,
6646,P460053,*N=P(*)(OCCOCCOCCOCCOCCOCCOC)OCCOCCOCCOCCOCCOCCOC,-76.0,,,,,,,,,
6647,P460054,*N=P(*)(OCCOCCOCCOCCOCCOCCOCCOCCOC)OCCOCCOCCOCCOCCOCCOCCOCCOC,-75.0,,,,,,,,,
6648,P460055,*N=P(*)(OCC(COC)OC)OCC(COC)OC,-79.0,,,,,,,,,
6649,P460064,*Nc1ccc(*)cc1,75.3,,,,,,,,,
6650,P460065,*Nc1ccc(*)cc1C,-71.4,,,,,,,,,
6651,P460068,*CCN(*)CC[Si](C)(C)C,-64.8,,,,,,,,,
6652,P460120,*c1ccc2[nH]c(*)nc2c1,398.0,,,,,,,,,
6653,P460129,*N=P(*)(OCC(COCCOC)OCCOC)OCC(COCCOC)OCCOC,-81.0,,,,,,,,,
6654,P460130,*N=P(*)(OCC(COCCOCCOC)OCCOCCOC)OCC(COCCOCCOC)OCCOCCOC,-81.0,,,,,,,,,
6655,P460132,*N=P(*)(OCC(COCCOCCCC)OCCOCCCC)OCC(COCCOCCCC)OCCOCCCC,-86.0,,,,,,,,,
6656,P460133,*N=P(*)(OCC(COCCOC(C)C)OCCOC(C)C)OCC(COCCOC(C)C)OCCOC(C)C,-77.0,,,,,,,,,
6657,P460138,*c1ccc(Cc2ccc(-n3nc(-c4ccccc4)cc3-c3cccc(-c4cc(-c5ccccc5)nn4*)c3)cc2)cc1,225.0,,,,,,,,,
6658,P460139,*c1ccc(Cc2ccc(-n3nc(-c4ccccc4)cc3-c3ccc(-c4cc(-c5ccccc5)nn4*)cc3)cc2)cc1,252.0,,,,,,,,,
6659,P460140,*c1ccc(S(=O)(=O)c2ccc(-n3nccc3-c3ccc(-c4ccnn4*)cc3)cc2)cc1,266.0,,,,,,,,,
6660,P460141,*c1ccc(Cc2ccc(-n3nccc3-c3ccc(-c4ccnn4*)cc3)cc2)cc1,202.0,,,,,,,,,
6661,P460142,*c1ccc(S(=O)(=O)c2ccc(-n3nccc3-c3cccc(-c4ccnn4*)c3)cc2)cc1,218.0,,,,,,,,,
6662,P460143,*c1ccc(Cc2ccc(-n3nccc3-c3cccc(-c4ccnn4*)c3)cc2)cc1,212.0,,,,,,,,,
6663,P460146,*=Cc1cc(OCCCCCCCC)c(/C=N/c2ccc(N=*)cc2)cc1OCCCCCCCC,32.7,,,,,,,,,
6664,P460166,*Nc1ccc(*)cc1OC,90.0,,,,,,,,,
6665,P460170,*N=P(*)(OC1COCCOCCOCCOCCOC1)OC1COCCOCCOCCOCCOC1,-3.85,,,,,,,,,
6666,P460171,*N=P(*)(OCCCOC1COCCOCCOCCOCCOC1)OCCCOC1COCCOCCOCCOCCOC1,-19.6,,,,,,,,,
6667,P460172,*N=P(*)(OCCCCCCOC1COCCOCCOCCOCCOC1)OCCCCCCOC1COCCOCCOCCOCCOC1,-26.1,,,,,,,,,
6668,P460178,*N=P(*)(Oc1ccc(C(C)(C)C)cc1)Oc1ccc(C(C)(C)C)cc1,57.0,,,,,,,,,
6669,P460179,*N(C)[Si](*)(C)C=C,-20.0,,,,,,,,,
6670,P460180,*N(C)[Si](*)(C)C,-20.0,,,,,,,,,
6671,P460181,*N(C)[Si](C)(C)N(C)[Si](*)(C)CC,-20.0,,,,,,,,,
6672,P460182,*N(CCC)[Si](C)(C)C[Si](*)(C)C,-20.0,,,,,,,,,
6673,P460183,*N(C)[Si](C)(C=C)N(C)[Si](*)(C)C,-42.0,,,,,,,,,
6674,P460184,*CC(O)CN(*)c1ccccc1,78.5,,,,,,,,,
6675,P460185,*N=P(N=P(N=S(*)(=O)NC)(NC)NC)(NC)NC,22.0,,,,,,,,,
6676,P460186,*N=P(N=P(N=S(*)(=O)Nc1ccccc1)(Nc1ccccc1)Nc1ccccc1)(Nc1ccccc1)Nc1ccccc1,82.0,,,,,,,,,
6677,P460187,*N=P(N=P(N=S(*)(=O)NCC)(NCC)NCC)(NCC)NCC,4.0,,,,,,,,,
6678,P460188,*N=P(N=P(N=S(*)(=O)NCCC)(NCCC)NCCC)(NCCC)NCCC,6.0,,,,,,,,,
6679,P460189,*N=P(N=P(N=S(*)(=O)NCCCC)(NCCCC)NCCCC)(NCCCC)NCCCC,-16.0,,,,,,,,,
6680,P460190,*N=P(N=P(N=S(*)(=O)NCCCCCC)(NCCCCCC)NCCCCCC)(NCCCCCC)NCCCCCC,-18.0,,,,,,,,,
6681,P460191,*N=P(N=P(N=S(*)(=O)NCC=C)(NCC=C)NCC=C)(NCC=C)NCC=C,-18.0,,,,,,,,,
6682,P460210,*N=P(*)(OCCOCCOCCOCCOCCCCCCCCCCCC)OCCOCCOCCOCCOCCCCCCCCCCCC,-53.6,,,,,,,,,
6683,P460213,*N=P(*)(NCCCC)NCCCC,27.0,,,,,,,,,
6684,P460217,*N=P(*)(Oc1ccc(Cc2ccccc2)cc1)Oc1ccc(Cc2ccccc2)cc1,13.3,,,,,,,,,
6685,P460219,*CCN(*)C(=O)C12CC3CC(CC(C3)C1)C2,123.0,,,,,,,,,
6686,P460220,*CCN(*)C(=O)CC12CC3CC(CC(C3)C1)C2,139.0,,,,,,,,,
6687,P460221,*N=P(*)(Oc1ccc(Br)cc1)Oc1ccc(Br)cc1,20.65,,,,,,,,,
6688,P460222,*c1ccc(-c2ccc(-c3cc(-c4ccccc4)c4cc(-c5ccc6nc(*)cc(-c7ccccc7)c6c5)ccc4n3)cc2)cc1,360.0,,,,,,,,,
6689,P460223,*N=P(*)(OCCOc1ccc(/N=N/c2ccc(CCCC)cc2)cc1)OCCOc1ccc(/N=N/c2ccc(CCCC)cc2)cc1,80.0,,,,,,,,,
6690,P460225,*N=P(*)(Oc1ccc(OC)cc1)Oc1ccc(OC)cc1,11.3,,,,,,,,,
6691,P460226,*N=P(*)(Oc1cccc(F)c1)Oc1cccc(F)c1,-38.0,,,,,,,,,
6692,P460227,*N=P(*)(Oc1cccc(Br)c1)Oc1cccc(Br)c1,-2.5,,,,,,,,,
6693,P460229,*N=P(*)(C)c1ccccc1,37.0,,,,,,,,,
6694,P460230,*N=P(*)(CC)c1ccccc1,20.0,,,,,,,,,
6695,P460240,*c1cccc(-c2nc3cc(-c4ccc5[nH]c(*)nc5c4)ccc3[nH]2)c1,410.0,,,,,,,,,
6696,P460242,*N=P(*)(NCCC)NCCC,-14.5,,,,,,,,,
6697,P460245,*c1ccc(-c2ccc3nc(*)cc(-c4ccccc4)c3c2)cc1,383.0,,,,,,,,,
6698,P460246,*c1ccc(-c2nc3ccc(-c4ccc5nc(*)c(-c6ccccc6)nc5c4)cc3nc2-c2ccccc2)cc1,354.5,,,,,,,,,
6699,P460247,*c1ccc(-c2c(-c3ccccc3)nc3ccc(-c4ccc5nc(-c6ccccc6)c(*)c(-c6ccccc6)c5c4)cc3c2-c2ccccc2)cc1,370.0,,,,,,,,,
6700,P460248,*c1ccc(-c2ccc(-c3c(-c4ccccc4)nc4ccc(-c5ccc6nc(-c7ccccc7)c(*)c(-c7ccccc7)c6c5)cc4c3-c3ccccc3)cc2)cc1,405.0,,,,,,,,,
6701,P460249,*c1ccc(C2(c3ccc(-c4cc(-c5ccccc5)c5cc(C6(c7ccc8nc(*)cc(-c9ccccc9)c8c7)c7ccccc7-c7ccccc76)ccc5n4)cc3)c3ccccc3-c3ccccc32)cc1,390.0,,,,,,,,,
6702,P460250,*c1ccc(C2(c3ccc(-c4cc(-c5ccccc5)c5cc(C6(c7ccc8nc(*)cc(-c9ccccc9)c8c7)c7ccccc7-c7ccccc76)ccc5n4)cc3)c3ccccc3C(=O)c3ccccc32)cc1,385.0,,,,,,,,,
6703,P460251,*c1ccc(C2(c3ccc(-c4cc(-c5ccccc5)c5cc(C6(c7ccc8nc(*)cc(-c9ccccc9)c8c7)c7ccccc7C(=O)c7ccccc76)ccc5n4)cc3)c3ccccc3-c3ccccc32)cc1,405.0,,,,,,,,,
6704,P460252,*c1ccc(C2(c3ccc(-c4cc(-c5ccccc5)c5cc(C6(c7ccc8nc(*)cc(-c9ccccc9)c8c7)c7ccccc7C(=O)c7ccccc76)ccc5n4)cc3)c3ccccc3C(=O)c3ccccc32)cc1,390.0,,,,,,,,,
6705,P460253,*c1ccc(C2(c3ccc(-c4cc(-c5ccccc5)c5cc(-c6ccc7nc(*)cc(-c8ccccc8)c7c6)ccc5n4)cc3)c3ccccc3-c3ccccc32)cc1,420.0,,,,,,,,,
6706,P460254,*c1ccc(C2(c3ccc(-c4cc(-c5ccccc5)c5cc(-c6ccc7nc(*)cc(-c8ccccc8)c7c6)ccc5n4)cc3)c3ccccc3C(=O)c3ccccc32)cc1,417.0,,,,,,,,,
6707,P460255,*c1ccc(-c2ccc(-c3cc(-c4ccccc4)c4cc(C5(c6ccc7nc(*)cc(-c8ccccc8)c7c6)c6ccccc6-c6ccccc65)ccc4n3)cc2)cc1,380.0,,,,,,,,,
6708,P460256,*c1ccc(-c2ccc(-c3cc(-c4ccccc4)c4cc(C5(c6ccc7nc(*)cc(-c8ccccc8)c7c6)c6ccccc6C(=O)c6ccccc65)ccc4n3)cc2)cc1,350.0,,,,,,,,,
6709,P460257,*c1ccc(-c2cc(-c3ccccc3)c3cc(-c4ccc5nc(*)cc(-c6ccccc6)c5c4)ccc3n2)cc1,395.0,,,,,,,,,
6710,P460258,*c1ccc(-c2ccc(-c3ccc(-c4cc(-c5ccccc5)c5cc(-c6ccc7nc(*)cc(-c8ccccc8)c7c6)ccc5n4)cc3)cc2)cc1,360.0,,,,,,,,,
6711,P460259,*c1ccc(-c2ccc(-c3ccc(-c4ccc(-c5cc(-c6ccccc6)c6cc(-c7ccc8nc(*)cc(-c9ccccc9)c8c7)ccc6n5)cc4)cc3)cc2)cc1,355.0,,,,,,,,,
6712,P460260,*c1ccc(-c2nc3ccc(-c4ccc5nc(*)c(-c6ccccc6)c(-c6ccccc6)c5c4)cc3c(-c3ccccc3)c2-c2ccccc2)cc1,400.0,,,,,,,,,
6713,P460261,*c1ccc(-c2ccc(-c3nc4ccc(-c5ccc6nc(*)c(-c7ccccc7)c(-c7ccccc7)c6c5)cc4c(-c4ccccc4)c3-c3ccccc3)cc2)cc1,420.0,,,,,,,,,
6714,P460262,*c1ccc(-c2ccc(-c3cc(-c4ccc(-c5ccc(Oc6ccccc6)cc5)cc4)c4cc(-c5ccc6nc(*)cc(-c7ccc(-c8ccc(Oc9ccccc9)cc8)cc7)c6c5)ccc4n3)cc2)cc1,374.0,,,,,,,,,
6715,P460263,*c1ccc(-c2ccc(-c3cc(-c4ccc(Oc5ccc(-c6ccccc6)cc5)cc4)c4cc(-c5ccc6nc(*)cc(-c7ccc(Oc8ccc(-c9ccccc9)cc8)cc7)c6c5)ccc4n3)cc2)cc1,364.0,,,,,,,,,
6716,P460264,*c1ccc(-c2ccc(-c3cc(-c4ccc(Oc5ccc(Oc6ccccc6)cc5)cc4)c4cc(-c5ccc6nc(*)cc(-c7ccc(Oc8ccc(Oc9ccccc9)cc8)cc7)c6c5)ccc4n3)cc2)cc1,355.0,,,,,,,,,
6717,P462003,*Nc1cccc2c(N[Se]*)cccc12,53.0,,,,,,,,,
6718,P462042,*=CNc1ccc(Cc2ccc(N=*)cc2)cc1,95.5,,,,,,,,,
6719,P462043,*=CNc1ccc(CCc2ccc(N=*)cc2)cc1,125.0,,,,,,,,,
6720,P462070,*c1[nH]c(*)c(OC)c1OC,-26.0,,,,,,,,,
6721,P462079,*c1ccc(N[Se]Nc2ccc(S(*)(=O)=O)cc2)cc1,62.0,,,,,,,,,
6722,P462081,*N=P(*)(OCCOCCOc1ccc(CCCCCCCC)cc1)OCCOCCOc1ccc(CCCCCCCC)cc1,-13.3,,,,,,,,,
6723,P462082,*CCCC(O)CN(CCCC)c1ccc(C#Cc2ccc(S(*)(=O)=O)cc2)cc1,48.0,,,,,,,,,
6724,P462083,*N=P(*)(Oc1ccc(I)cc1)Oc1ccc(I)cc1,43.1,,,,,,,,,
6725,P462084,*N=P(*)(Oc1ccc2cc(I)ccc2c1)Oc1ccc2cc(I)ccc2c1,90.3,,,,,,,,,
6726,P462086,*N=P(*)(OCCOc1ccc2ccccc2c1)OCCOc1ccc2ccccc2c1,30.6,,,,,,,,,
6727,P462087,*N=P(*)(OCCOc1ccc2cc(Br)ccc2c1)OCCOc1ccc2cc(Br)ccc2c1,43.5,,,,,,,,,
6728,P462088,*N=P(*)(OCCOc1ccc2cc(I)ccc2c1)OCCOc1ccc2cc(I)ccc2c1,64.8,,,,,,,,,
6729,P462089,*N=P(*)(OCCOc1ccc(-c2ccccc2)cc1)OCCOc1ccc(-c2ccccc2)cc1,56.2,,,,,,,,,
6730,P462090,*N=P(*)(OCCOc1ccc(-c2ccc(Br)cc2)cc1)OCCOc1ccc(-c2ccc(Br)cc2)cc1,89.7,,,,,,,,,
6731,P462091,*N=P(*)(OCCOc1ccc(-c2ccc(I)cc2)cc1)OCCOc1ccc(-c2ccc(I)cc2)cc1,111.4,,,,,,,,,
6732,P462092,*N=P(*)(OCCOc1ccc(-c2ccccc2)cc1I)OCCOc1ccc(-c2ccccc2)cc1I,69.5,,,,,,,,,
6733,P462093,*N=P(*)(Oc1ccc(C(=O)OC)cc1)Oc1ccc(C(=O)OC)cc1,-33.0,,,,,,,,,
6734,P462095,*c1ccc(N/C=N/c2ccc(S(*)(=O)=O)cc2)cc1,163.0,,,,,,,,,
6735,P462098,*N=P(Cl)(Cl)N=P(Cl)(Cl)N=S(*)(=O)F,-56.0,,,,,,,,,
6736,P462103,*N=P(*)(C)CCCC,-51.0,,,,,,,,,
6737,P462104,*N=P(*)(C)CCCCCC,-69.0,,,,,,,,,
6738,P462108,*N=P(*)(Oc1ccc(C(C)CC)cc1)Oc1ccc(C(C)CC)cc1,-11.5,,,,,,,,,
6739,P462121,*=NP(=NP(=NC(=*)Oc1ccccc1)(Oc1ccccc1)Oc1ccccc1)(Oc1ccccc1)Oc1ccccc1,18.0,,,,,,,,,
6740,P462122,*=NP(=NP(=NC(=*)Oc1ccc(C(C)(C)C)cc1)(Oc1ccc(C(C)(C)C)cc1)Oc1ccc(C(C)(C)C)cc1)(Oc1ccc(C(C)(C)C)cc1)Oc1ccc(C(C)(C)C)cc1,74.0,,,,,,,,,
6741,P462123,*=NP(=NP(=NC(=*)Oc1ccc(Br)cc1)(Oc1ccc(Br)cc1)Oc1ccc(Br)cc1)(Oc1ccc(Br)cc1)Oc1ccc(Br)cc1,45.0,,,,,,,,,
6742,P462124,*=NP(=NP(=NC(=*)Oc1ccc(C(C)(C)c2ccccc2)cc1)(Oc1ccc(C(C)(C)c2ccccc2)cc1)Oc1ccc(C(C)(C)c2ccccc2)cc1)(Oc1ccc(C(C)(C)c2ccccc2)cc1)Oc1ccc(C(C)(C)c2ccccc2)cc1,55.0,,,,,,,,,
6743,P462125,*=NP(=NP(=NC(=*)Oc1ccc(OC)cc1)(Oc1ccc(OC)cc1)Oc1ccc(OC)cc1)(Oc1ccc(OC)cc1)Oc1ccc(OC)cc1,37.0,,,,,,,,,
6744,P462127,*=NP(=NP(=NC(=*)Oc1ccc(C(=O)OC)cc1)(Oc1ccc(C(=O)OC)cc1)Oc1ccc(C(=O)OC)cc1)(Oc1ccc(C(=O)OC)cc1)Oc1ccc(C(=O)OC)cc1,52.0,,,,,,,,,
6745,P462128,*=NP(=NP(=NC(=*)Oc1ccc(C(F)(F)F)cc1)(Oc1ccc(C(F)(F)F)cc1)Oc1ccc(C(F)(F)F)cc1)(Oc1ccc(C(F)(F)F)cc1)Oc1ccc(C(F)(F)F)cc1,31.0,,,,,,,,,
6746,P462129,*=NP(=NP(=NC(=*)Oc1ccccc1C(F)(F)F)(Oc1ccccc1C(F)(F)F)Oc1ccccc1C(F)(F)F)(Oc1ccccc1C(F)(F)F)Oc1ccccc1C(F)(F)F,-20.0,,,,,,,,,
6747,P462131,*=Nc1ccc(Cc2ccc(NC(=*)C)cc2)cc1,142.0,,,,,,,,,
6748,P462132,*=Nc1ccc(Cc2ccc(NC(=*)CC)cc2)cc1,130.0,,,,,,,,,
6749,P462133,*=Nc1ccc(Cc2ccc(NC(=*)CCC)cc2)cc1,110.0,,,,,,,,,
6750,P462134,*=Nc1ccc(Cc2ccc(NC(=*)CCCC)cc2)cc1,106.0,,,,,,,,,
6751,P462135,*=Nc1ccc(Cc2ccc(NC(=*)c3ccccc3)cc2)cc1,158.0,,,,,,,,,
6752,P462143,*Nc1ccc(N[Se]*)cc1,55.0,,,,,,,,,
6753,P462151,*N=P(*)(OC/C=C/c1ccccc1)OC/C=C/c1ccccc1,1.0,,,,,,,,,
6754,P462153,*c1ccc(Cc2ccc(N(c3ccc(C)cc3)c3ccc(-c4ccc(N(*)c5ccc(C)cc5)cc4)cc3)cc2)cc1,183.0,,,,,,,,,
6755,P462154,*c1ccc(C(c2ccccc2)c2ccc(N(c3ccc(C)cc3)c3ccc(-c4ccc(N(*)c5ccc(C)cc5)cc4)cc3)cc2)cc1,239.0,,,,,,,,,
6756,P462174,*N=P(*)(OCC1COCCOCCOCCOCCO1)OCC1COCCOCCOCCOCCO1,-40.0,,,,,,,,,
6757,P462184,*c1cccc(N/C=C/C(=O)c2cccc(C(=O)/C=C/Nc3cccc(S(*)(=O)=O)c3)c2)c1,215.0,,,,,,,,,
6758,P462186,*CC(O)C(O)CN(*)c1ccc(N(C)C)cc1,72.0,,,,,,,,,
6759,P462187,*CC(O)CCCCC(O)CN(*)c1ccc(N(C)C)cc1,72.0,,,,,,,,,
6760,P462194,*/N=N/c1ccc([Te]c2ccc(*)cc2)cc1,300.0,,,,,,,,,
6761,P462197,*c1ccc(-c2cc(CCCCCC)c(-c3ccc(-c4ccc5ccc6ccc(*)nc6c5n4)cc3)cc2CCCCCC)cc1,190.0,,,,,,,,,
6762,P462198,*N=P(*)(OCCOCCOCCOP1(OCCOCCOC)=NP(OCCOCCOC)(OCCOCCOC)=NP(OCCOCCOC)(OCCOCCOC)=N1)OCCOCCOCCOP1(OCCOCCOC)=NP(OCCOCCOC)(OCCOCCOC)=NP(OCCOCCOC)(OCCOCCOC)=N1,-38.0,,,,,,,,,
6763,P462199,*N=P(*)(OCC1COCCOCCOCCOCCOCCO1)OCC1COCCOCCOCCOCCOCCO1,-40.0,,,,,,,,,
6764,P462200,*N=P(*)(CC1COCCOCCOCCO1)OCC1COCCOCCOCCO1,-40.0,,,,,,,,,
6765,P462203,*c1cn(*)c2ccccc12,65.0,,,,,,,,,
6766,P462220,*Nc1cccc2c1C(=O)c1cccc(N[Se]*)c1C2=O,52.0,,,,,,,,,
6767,P462229,*c1ccc(-c2ccc(N(c3ccc(OC)cc3)c3ccc4ccc(N(*)c5ccc(OC)cc5)cc4c3)cc2)cc1,232.0,,,,,,,,,
6768,P462233,*Nc1cccc(NC(=C(C#N)C#N)c2cccc(C(*)=C(C#N)C#N)c2)c1,278.0,,,,,,,,,
6769,P462234,*Nc1ccc(/C=C/c2ccc(NC(=C(C#N)C#N)c3ccc(C(*)=C(C#N)C#N)cc3)cc2)cc1,250.0,,,,,,,,,
6770,P462235,*Nc1ccc(C(C)(C)c2cccc(C(C)(C)c3ccc(NC(=C(C#N)C#N)c4ccc(C(*)=C(C#N)C#N)cc4)cc3)c2)cc1,208.0,,,,,,,,,
6771,P462242,*CCCCCCCCCCN/C(=N/*)c1ccccc1,10.0,,,,,,,,,
6772,P462243,*CCCCCCCCCCN/C(C)=N/*,80.0,,0.298,,,,,,,
6773,P462247,*c1ccc(/C=C(\c2ccc(OC)cc2)c2ccc(/C(=C/c3ccc(N(*)c4ccccc4)cc3)c3ccc(OC)cc3)cc2)cc1,197.0,,,,,,,,,
6774,P462249,*/C(C#N)=C/c1ccc(N(CC)Cc2ccccc2CN(CC)c2ccc(/C=C(\C#N)S(*)(=O)=O)cc2)cc1,190.0,,,,,,,,,
6775,P462254,*c1ccc(-c2ccc(N(*)c3ccc(C)cc3)cc2)cc1,85.0,,,,,,,,,
6776,P462256,*c1ccc(-c2ccc(N(*)c3ccc(CCCC)cc3)cc2)cc1,180.0,,,,,,,,,
6777,P462262,*/C=C/c1cc(CCCCCCCCCC)c(/C=C/c2ccc(-c3ccc(*)nc3)cn2)cc1CCCCCCCCCC,68.0,,,,,,,,,
6778,P462263,*c1ccc(/C=C/c2cc(OCCCCCCCC)c(/C=C/c3ccc(N(*)c4ccccc4)cc3)cc2OCCCCCCCC)cc1,74.0,,,,,,,,,
6779,P462275,*c1ccc(C(c2ccccc2)c2ccc(N(*)c3ccc(C)cc3)cc2)cc1,199.0,,,,,,,,,
6780,P462276,*c1ccc(C(c2ccc(OCCCC)cc2)c2ccc(N(*)c3ccc(C)cc3)cc2)cc1,170.0,,,,,,,,,
6781,P462277,*c1ccc(C(c2ccc(C#N)cc2)c2ccc(N(*)c3ccc(C)cc3)cc2)cc1,230.0,,,,,,,,,
6782,P462278,*c1ccc(C(c2ccc(N(*)c3ccc(C)cc3)cc2)c2ccc([N+](=O)[O-])cc2)cc1,215.0,,,,,,,,,
6783,P462279,*c1ccc(C(c2ccc(C(=O)OC)cc2)c2ccc(N(*)c3ccc(C)cc3)cc2)cc1,222.0,,,,,,,,,
6784,P462280,*/C=C/c1ccc(-c2nnc(-c3ccc(/C=C/c4ccc5c(c4)c4cc(*)ccc4n5CCCCCCCC)cc3)n2-c2ccccc2)cc1,147.0,,,,,,,,,
6785,P462281,*/C=C/c1ccc(-c2nnc(-c3ccc(/C=C/c4ccc5c(c4)c4cc(-c6ccc7c(c6)c6cc(*)ccc6n7CCCCCCCC)ccc4n5CCCCCCCC)cc3)n2-c2ccccc2)cc1,157.0,,,,,,,,,
6786,P462282,*c1ccc(/C=C/c2cc(OCC(CC)CCCC)c(/C=C/c3ccc(N(*)c4ccccc4)cc3)cc2OC)cc1,147.0,,,,,,,,,
6787,P462283,*c1ccc(/C=C(\C#N)c2cc(OCCCCCCCC)c(/C(C#N)=C/c3ccc(N(*)c4ccccc4)cc3)cc2OCCCCCCCC)cc1,78.0,,,,,,,,,
6788,P462284,*Nc1ccc(*)cc1OCCCCCCCCCCOc1ccc(C2CCC(CCCCC)CC2)cc1,64.5,,,,,,,,,
6789,P462286,*CCN(*)C,-31.0,,,,,,,,,
6790,P462301,*c1ccc(-c2ccc(-c3ccc(-c4ccc(N(*)c5ccc(C)cc5)cc4)c4c(C)ccc(C)c34)c3c(C)ccc(C)c23)cc1,148.0,,,,,,,,,
6791,P462302,*c1ccc(-c2cc3c(ccc4ccccc43)cc2-c2ccc(N(*)c3ccc(C)cc3)cc2)cc1,126.0,,,,,,,,,
6792,P462313,*CCCCCCCCCC[N+](*)(C)C,65.9,,,,,,,,,
6793,P462317,*Cc1ccc(C[n+]2ccc(-c3cc[n+](*)cc3)cc2)cc1,95.0,,,,,,,,,
6794,P462318,*Cc1cccc(C[n+]2ccc(-c3cc[n+](*)cc3)cc2)c1,128.0,,,,,,,,,
6795,P462319,*Cc1ccccc1C[n+]1ccc(-c2cc[n+](*)cc2)cc1,70.5,,,,,,,,,
6796,P462329,*CCC1C[N+](C)(C)CC1*,-6.7,,,,,,,,,
6797,P462340,*/C(C#N)=C/c1cc(OCC(CC)CCCC)c(/C=C(\C#N)c2ccc3c4ccc(*)cc4n(CC(CC)CCCC)c3c2)cc1OCC(CC)CCCC,72.0,,,,,,,,,
6798,P462341,*/C=C/c1ccc(N(c2ccc(/C=C/c3ccc4c5ccc(*)cc5n(CC(CC)CCCC)c4c3)cc2)c2ccc(OCC(CC)CCCC)cc2)cc1,132.0,,,,,,,,,
6799,P462342,*/C=C/c1cc(OCC(CC)CCCC)c(/C=C/c2ccc3c4ccc(*)cc4n(CC(CC)CCCC)c3c2)cc1OCC(CC)CCCC,61.0,,,,,,,,,
6800,P462344,*c1cccc(-c2nc3cc(-c4ccc5c(c4)nc(*)n5C)ccc3[nH]2)c1,346.66,,,,,,,,,
6801,P462361,*c1cc(CCOCCOC)c(*)[nH]1,-43.0,,,,,,,,,
6802,P462362,*c1ccc2c(c1)C(CCCCCC)(CCCCCC)c1cc(-c3ccc4c(c3)c3cc(*)ccc3n4-c3ccccc3)ccc1-2,170.0,,,,,,,,,
6803,P462363,*c1ccc2c(c1)C(CCCCCC)(CCCCCC)c1cc(-c3ccc4c(c3)c3cc(*)ccc3n4-c3ccc(C)cc3)ccc1-2,155.0,,,,,,,,,
6804,P462364,*c1ccc2c(c1)C(CCCCCC)(CCCCCC)c1cc(-c3ccc4c(c3)c3cc(*)ccc3n4-c3ccc(OC)cc3)ccc1-2,174.0,,,,,,,,,
6805,P462369,*c1[nH]c2ccccc2c1*,137.0,,,,,,,,,
6806,P462376,*Cc1cc(C23CC4CC(CC(C4)C2)C3)cc(CN(*)c2ccccc2)c1O,109.4,,,,,,,,,
6807,P462377,*Cc1cc(C23CC4CC(CC(C4)C2)C3)cc(CN(*)C)c1O,188.8,,,,,,,,,
6808,P462396,*/C=C/c1ccc2c(c1)C(CCCCCC)(CCCCCC)c1cc(/C=C/c3nc(*)c(C#N)c(/C=C/c4ccc(N(c5ccccc5)c5ccccc5)cc4)c3C#N)ccc1-2,178.0,,,,,,,,,
6809,P462397,*/C=C/c1nc(/C=C/c2ccc3c(c2)c2cc(*)ccc2n3CCCCCC)c(C#N)c(/C=C/c2ccc(N(c3ccccc3)c3ccccc3)cc2)c1C#N,134.0,,,,,,,,,
6810,P462398,*/C=C/c1cc(CCCCCCCCCCCCCCCC)c(/C=C/c2nc(*)c(C#N)c(/C=C/c3ccc(N(c4ccccc4)c4ccccc4)cc3)c2C#N)cc1CCCCCCCCCCCCCCCC,165.0,,,,,,,,,
6811,P462405,*Nc1ccc(*)cc1OCCCCCCCCCC,77.0,,,,,,,,,
6812,P462406,*Nc1ccc(*)cc1OCCCCCCCCCCCC,87.0,,,,,,,,,
6813,P462407,*Nc1ccc(*)cc1OCCCCCCCCCCCCCCCC,92.0,,0.3671666666666667,,,,,,,
6814,P462425,*O[Si](C)(C)CCC/N=C1\C=C/C(=N/CCC[Si](*)(C)C)c2c(O)ccc(O)c21,32.9,,,,,,,,,
6815,P462426,*O[Si](C)(C)CCC/N=C1\c2ccccc2/C(=N\CCC[Si](*)(C)C)c2c(O)ccc(O)c21,7.5,,,,,,,,,
6816,P462428,*=Nc1ccc(/N=C(\c2ccccc2)c2ccc(C(=*)c3ccccc3)cc2)cc1,179.0,,,,,,,,,
6817,P462429,*=Nc1cccc(/N=C(\c2ccccc2)c2ccc(C(=*)c3ccccc3)cc2)c1,179.0,,,,,,,,,
6818,P462431,*=Nc1ccc(/N=C(/C=C/C(=*)c2ccccc2)c2ccccc2)cc1,157.0,,,,,,,,,
6819,P462432,*=Nc1cccc(/N=C(/C=C/C(=*)c2ccccc2)c2ccccc2)c1,178.0,,,,,,,,,
6820,P462435,*c1ccc(C(c2ccc(-c3nc4ccc(-c5ccc6nc(*)[nH]c6c5)cc4[nH]3)cc2)(C(F)(F)F)C(F)(F)F)cc1,269.0,,,,,,,,,
6821,P462436,*O[Si](C)(C)CCC/N=C1\C=C(O)/C(=N\CCC[Si](*)(C)C)C=C1O,70.34,,,,,,,,,
6822,P462438,*/N=N/c1ccc(Nc2ccc(C(=O)c3ccc(Nc4ccc(*)cc4)cc3)cc2)cc1,216.42,,,,,,,,,
6823,P462439,*Nc1ccc(C(=O)c2ccc(Nc3ccc4c(c3)c3cc(*)ccc3n4CC(CC)CCCC)cc2)cc1,236.055,,,,,,,,,
6824,P462441,*CC(O)CN(CC(O)CN(*)c1ccccc1)c1ccc(/N=N/c2ccc([N+](=O)[O-])cc2)cc1,70.0,,,,,,,,,
6825,P462443,*CC(O)CN(*)c1ccc(/N=N/c2ccc(C(=O)O)cc2)cc1,99.0,,,,,,,,,
6826,P462446,*CCN(*)C(=O)C1(c2ccc(Cl)cc2)CCC1,112.0,,,,,,,,,
6827,P462447,*CCN(*)C(=O)Cc1ccc(C(F)(F)F)cc1,75.0,,,,,,,,,
6828,P462448,*CCN(*)C(=O)CSC,39.0,,,,,,,,,
6829,P462449,*CCN(*)C(=O)C(OC)(c1ccccc1)C(F)(F)F,89.0,,,,,,,,,
6830,P462450,*CCN(*)C(=O)c1ccc(SC(F)(F)F)cc1,100.0,,,,,,,,,
6831,P462454,*C#CC#Cc1cc(C(C)(C)C)cc2c3cc(C(C)(C)C)cc(*)c3n(CCCCCCCCCCCCCCCC)c12,67.0,,,,,,,,,
6832,P462455,*C#Cc1cc(C(C)(C)C)cc2c3cc(C(C)(C)C)cc(*)c3n(CCCCCCCCCCCCCCCC)c12,80.0,,,,,,,,,
6833,P462457,*O[Si](C)(C)CCC/N=C/c1cc(Cc2ccc(O)c(/C=N/CCC[Si](*)(C)C)c2)ccc1O,-51.625,,,,,,,,,
6834,P462458,*CCN(*)C(=O)c1ccccc1F,109.0,,,,,,,,,
6835,P462459,*CCN(*)C(=O)c1cccc(F)c1,97.0,,,,,,,,,
6836,P462460,*CCN(*)C(=O)c1ccc(F)cc1,104.0,,,,,,,,,
6837,P462461,*CCN(*)C(=O)c1cc(F)cc(F)c1,106.0,,,,,,,,,
6838,P462462,*CCN(*)C(=O)c1c(F)cccc1F,121.5,,,,,,,,,
6839,P462463,*CCN(*)C(=O)c1ccc(F)c(F)c1,101.0,,,,,,,,,
6840,P462464,*CCN(*)C(=O)c1cccc(F)c1F,110.0,,,,,,,,,
6841,P462465,*CCN(*)C(=O)c1cc(F)ccc1F,112.0,,,,,,,,,
6842,P462466,*CCN(*)C(=O)c1ccc(F)cc1F,108.0,,,,,,,,,
6843,P462467,*CCN(*)C(=O)c1c(F)cc(F)cc1F,135.0,,,,,,,,,
6844,P462468,*CCN(*)C(=O)c1cc(F)c(F)cc1F,105.0,,,,,,,,,
6845,P462469,*CCN(*)C(=O)c1c(F)ccc(F)c1F,124.0,,,,,,,,,
6846,P462470,*CCN(*)C(=O)c1cc(F)cc(F)c1F,110.0,,,,,,,,,
6847,P462471,*CCN(*)C(=O)c1ccc(F)c(F)c1F,102.0,,,,,,,,,
6848,P462472,*CCN(*)C(=O)c1cc(F)c(F)c(F)c1,65.0,,,,,,,,,
6849,P462473,*CCN(*)C(=O)c1cc(F)c(F)c(F)c1F,97.0,,,,,,,,,
6850,P462474,*CCN(*)C(=O)c1c(F)cc(F)c(F)c1F,122.0,,,,,,,,,
6851,P462475,*CCN(*)C(=O)c1c(F)c(F)cc(F)c1F,122.0,,,,,,,,,
6852,P462476,*CCN(*)C(=O)c1c(F)c(F)c(F)c(F)c1F,136.0,,,,,,,,,
6853,P462484,*Nc1ccc(-c2ccc(Nc3ccc4c(c3)c3cc(*)ccc3n4CC(CC)CCCC)cc2)cc1,231.0,,,,,,,,,
6854,P462485,*Nc1ccc(C(=O)c2ccc(C(=O)c3ccc(Nc4ccc5c(c4)c4cc(*)ccc4n5CC(CC)CCCC)cc3)cc2)cc1,213.0,,,,,,,,,
6855,P462486,*/N=N/c1ccc(Nc2ccc(C(=O)c3ccc(C(=O)c4ccc(Nc5ccc(*)cc5)cc4)cc3)cc2)cc1,203.0,,,,,,,,,
6856,P462487,*Nc1ccc(C(C)(C)c2cccc(C(C)(C)c3ccc(Nc4ccc(C(=O)c5ccc(C(=O)c6ccc(*)cc6)cc5)cc4)cc3)c2)cc1,177.0,,,,,,,,,
6857,P462488,*Nc1ccc(Nc2ccc(C(=O)c3ccc(C(=O)c4ccc(*)cc4)cc3)cc2)cc1,203.5,,,,,,,,,
6858,P462489,*Nc1ccc(C(C)(C)c2ccc(C(C)(C)c3ccc(Nc4ccc(C(O)(c5ccccc5)c5ccc(C(O)(c6ccccc6)c6ccc(*)cc6)cc5)cc4)cc3)cc2)cc1,177.0,,,,,,,,,
6859,P462490,*Nc1ccc(C(C)(C)c2ccc(C(C)(C)c3ccc(Nc4ccc(C(=O)c5ccc(C(=O)c6ccc(*)cc6)cc5)cc4)cc3)cc2)cc1,157.0,,,,,,,,,
6860,P462491,*Nc1ccc(Nc2ccc(C(O)(c3ccccc3)c3ccc(C(O)(c4ccccc4)c4ccc(*)cc4)cc3)cc2)cc1,200.0,,,,,,,,,
6861,P462492,*CCCCCCN(C)c1ccc(C(=O)c2ccc(N(*)C)cc2)cc1,75.5,,,,,,,,,
6862,P462493,*CCCN(C)c1ccc(C(=O)c2ccc(N(*)C)cc2)cc1,101.0,,,,,,,,,
6863,P462494,*CCCCCCCCN(C)c1ccc(C(=O)c2ccc(N(*)C)cc2)cc1,50.0,,,,,,,,,
6864,P462495,*c1ccc(-c2ccc3c(c2)C(CCCCCCCC)(CCCCCCCC)c2cc(-c4ccc(N(*)c5ccc(N(c6ccc(C(C)(C)c7ccccc7)cc6)c6ccc(C(C)(C)c7ccccc7)cc6)cc5)cc4)ccc2-3)cc1,137.0,,,,,,,,,
6865,P462496,*/C=C/c1ccc2c3ccc(*)cc3n(-c3ccc(OCCCCCCCCCC)c(OCCCCCCCCCC)c3)c2c1,95.0,,,,,,,,,
6866,P462501,*CC(CC)N(*)C(=O)CCCC,52.0,,,,,,,,,
6867,P462510,*CCN(*)CC,-32.0,,,,,,,,,
6868,P462512,*CCN(*)Cc1ccccc1,-16.0,,,,,,,,,
6869,P462513,*CCCN(*)C,-37.5,,,,,,,,,
6870,P462532,*CCN(*)CCOCCOC,16.0,,,,,,,,,
6871,P462535,*c1ccc(-c2ccc(N(*)c3ccc(C(F)(F)F)cc3)cc2)cc1,225.0,,,,,,,,,
6872,P462536,*c1ccc(-c2ccc(N(*)c3cc(C(F)(F)F)cc(C(F)(F)F)c3)cc2)cc1,209.0,,,,,,,,,
6873,P462541,*c1ccc([Si](c2ccccc2)(c2ccccc2)c2ccc(-c3ccc4c(c3)c3cc(*)ccc3n4CCCCCC#N)cc2)cc1,165.0,,,,,,,,,
6874,P462544,*CC(O)CN(*)c1ccc(/N=N/c2ccc(Cl)cc2)cc1,160.0,,,,,,,,,
6875,P462546,*CC(O)CN(*)c1ccc(/N=N/c2ccc([N+](=O)[O-])cc2C)cc1,156.0,,,,,,,,,
6876,P462547,*CC(O)CN(*)c1cc(C)c(/N=N/c2ccc(Cl)cc2)c(C)c1,150.0,,,,,,,,,
6877,P462548,*CC(O)CN(*)c1cc(C)c(/N=N/c2ccc(C#N)cc2)c(C)c1,150.0,,,,,,,,,
6878,P462549,*CC(O)CN(*)c1cc(C)c(/N=N/c2ccc([N+](=O)[O-])cc2)c(C)c1,152.0,,,,,,,,,
6879,P462550,*CC(O)CN(*)c1cc(C)c(/N=N/c2ccc([N+](=O)[O-])cc2C)c(C)c1,149.0,,,,,,,,,
6880,P462551,*CC(O)CN(*)c1cc(C)cc(C)c1,80.0,,,,,,,,,
6881,P462552,*c1ccc(Nc2ccc(Nc3ccc(S(*)(=O)=O)cc3)cc2)cc1,145.0,,,,,,,,,
6882,P462553,*c1ccc(Nc2cccc(Nc3ccc(S(*)(=O)=O)cc3)c2)cc1,145.0,,,,,,,,,
6883,P462554,*c1ccc(Nc2ccc(C(c3ccc(Nc4ccc(S(*)(=O)=O)cc4)cc3)(C(F)(F)F)C(F)(F)F)cc2)cc1,145.0,,,,,,,,,
6884,P462555,*c1ccc(Nc2c(F)c(F)c(-c3c(F)c(F)c(Nc4ccc(S(*)(=O)=O)cc4)c(F)c3F)c(F)c2F)cc1,332.0,,,,,,,,,
6885,P462556,*c1ccc(Nc2ccc(C3(c4ccc(Nc5ccc(S(*)(=O)=O)cc5)cc4)c4ccccc4-c4ccccc43)cc2)cc1,221.0,,,,,,,,,
6886,P462557,*c1ccc(Nc2ccc(C3(c4ccc(Nc5ccc(S(*)(=O)=O)cc5)c(F)c4)c4ccccc4-c4ccccc43)cc2F)cc1,145.0,,,,,,,,,
6887,P462558,*c1ccc(Nc2ccc(C3(c4ccc(Nc5ccc(S(*)(=O)=O)cc5)c(C)c4)c4ccccc4-c4ccccc43)cc2C)cc1,269.0,,,,,,,,,
6888,P462570,*CCN(*)C(=O)C1CC1,77.0,,,,,,,,,
6889,P470005,*O[Si](C)(CCC(F)(F)F)O[Si](C)(CCC(F)(F)F)O[Si](C)(CCC(F)(F)F)CCC(F)(F)C(F)(F)C(F)(F)C(F)(F)C(F)(F)C(F)(F)CC[Si](*)(C)CCC(F)(F)F,-43.0,,,,,,,,,
6890,P470023,*O[Si](*)(C)CCCC(=O)O,-29.0,,,,,,,,,
6891,P470024,*O[Si](*)(C)CCCC(=O)OC,-72.0,,,,,,,,,
6892,P470025,*O[Si](*)(C)CCCC(=O)OCC,-82.0,,,,,,,,,
6893,P470026,*O[Si](*)(C)CCCC(=O)OCCCC,-91.0,,,,,,,,,
6894,P470027,*O[Si](*)(C)CCCC(=O)OCCO,-58.0,,,,,,,,,
6895,P470029,*O[Si](*)(C)CCCOc1ccc(C(=O)Oc2ccc(C#N)cc2)cc1,57.0,,,,,,,,,
6896,P470030,*O[Si](*)(C)CCCCOc1ccc(C(=O)Oc2ccc(C#N)cc2)cc1,16.0,,,,,,,,,
6897,P470032,*O[Si](*)(C)CCCCCCOc1ccc(-c2ccc(C#N)cc2)cc1,10.0,,,,,,,,,
6898,P470033,*/C=C/[Si](*)(c1ccccc1)c1ccccc1,-9.0,,,,,,,,,
6899,P470034,*/C=C/[Ge](/C=C/[Si](*)(c1ccccc1)c1ccccc1)(c1ccccc1)c1ccccc1,28.0,,,,,,,,,
6900,P470036,*O[Si](*)(C)CCCCCCOc1ccc(C(=O)Oc2ccc(C#N)cc2)cc1,8.0,,,,,,,,,
6901,P470041,*O[Si](C)(C)CC[Si](*)(C)C,-88.0,,,,,,,,,
6902,P470042,*O[Si](C)(C)CCCCCC[Si](*)(C)C,-90.0,,,,,,,,,
6903,P470043,*O[Si](C)(C)CCCCCCCC[Si](*)(C)C,-88.0,,,,,,,,,
6904,P470044,*O[Si](C)(C)c1cccc([Si](*)(C)C)c1,-48.0,,,,,,,,,
6905,P470045,*O[Si](*)(C)OCCOCCOCCOCCOCCOCCOCCOCCOC,-78.0,,,,,,,,,
6906,P470046,*O[Si](*)(C)C=C,-129.0,,,,,,,,,
6907,P470047,*O[Si](C)(C)CC[Si](C)(C)Oc1c(C)cc(-c2cc(C)c(*)c(C)c2)cc1C,55.0,,,,,,,,,
6908,P470048,*O[Si](C)(C)c1ccc([Si](C)(C)Oc2c(C)cc(-c3cc(C)c(*)c(C)c3)cc2C)cc1,67.0,,,,,,,,,
6909,P470049,*C[Si](*)(C)c1ccccc1,28.0,,,,,,,,,
6910,P470057,*[Si](*)(CCCC)CCCC,-40.5,,,,,,,,,
6911,P470062,*[Si](*)(CCCC)CCCCC,-26.0,,,,,,,,,
6912,P470070,*O[Si](C)(C)[Si](*)(C)C,-119.0,,,,,,,,,
6913,P470074,*O[Si](*)(C)CCC(F)(F)C(F)(F)C(F)(F)C(F)(F)F,-75.0,,,,,,,,,
6914,P470078,*O[Si](*)(C)C1CC2CC1CC2OC(=O)OC(C)(C)C,60.0,,,,,,,,,
6915,P470082,*C[Si](C)(C)[Si](C)(C)[Si](C)(C)[Si](*)(C)C,-68.0,,,,,,,,,
6916,P470113,*C#Cc1cccc(C#C[SiH](*)C)c1,72.0,,,,,,,,,
6917,P470114,*C#Cc1cccc(C#C[SiH2]*)c1,72.0,,,,,,,,,
6918,P470115,*C#Cc1cccc(C#C[SiH](*)c2ccccc2)c1,85.0,,,,,,,,,
6919,P470117,*C#Cc1ccccc1C#C[SiH](*)c1ccccc1,71.0,,,,,,,,,
6920,P470121,*[Si](*)(CCCC)CCCCCC,-40.0,,,,,,,,,
6921,P470126,*O[Si](C)(C)c1ccc([Si](C)(C)O[SiH](*)C)cc1,-65.0,,,,,,,,,
6922,P470127,*O[Si](C)(C=C)O[Si](C)(C)c1ccc([Si](*)(C)C)cc1,-63.0,,,,,,,,,
6923,P470128,*O[Si](C)(C)c1ccc([Si](C)(C)O[SiH](*)CCC(F)(F)F)cc1,-37.0,,,,,,,,,
6924,P470129,*O[Si](C)(CCC(F)(F)C(F)(F)C(F)(F)C(F)(F)C(F)(F)C(F)(F)F)O[Si](C)(C)c1ccc([Si](*)(C)C)cc1,-55.0,,,,,,,,,
6925,P470130,*[Si](*)(C)c1ccccc1,88.0,,,,,,,,,
6926,P470131,*O[Si](*)(C)OCCCCCCCCCCCOc1ccc(C2COC(c3ccc(OC)cc3)OC2)cc1,44.0,,,,,,,,,
6927,P470132,*O[Si](*)(C)OCCCCCCCCCCCOc1ccc(C2COC(c3ccc(OCC(C)CC)cc3)OC2)cc1,30.0,,,,,,,,,
6928,P470133,*Cc1ccccc1[Si](*)(C)C,48.0,,,,,,,,,
6929,P470134,*Cc1ccccc1[Si](*)(C)c1ccccc1,93.8,,,,,,,,,
6930,P470135,*Cc1ccccc1[Si](*)(c1ccccc1)c1ccccc1,122.0,,,,,,,,,
6931,P470141,*Cc1ccccc1C[Si](*)(C)C,75.0,,,,,,,,,
6932,P470142,*C/C=C/C[Si](*)(c1ccccc1)c1ccccc1,34.9,,,,,,,,,
6933,P470144,*C/C=C/C[Si](*)(C=C)C=C,-65.0,,,,,,,,,
6934,P470145,*O[Si](*)(C)CCCCCCOc1ccc(C(=O)Oc2ccc(C#N)cc2C)cc1,45.0,,,,,,,,,
6935,P472001,*[Si](*)(CCCCCC)c1ccccc1,-70.0,,,,,,,,,
6936,P472002,*O[Si](*)(C)CCCOc1ccc(-c2ccc(C#N)cc2)cc1,38.0,,,,,,,,,
6937,P472003,*O[Si](C)(C)O[Si](*)(C)CCCCOc1ccc(-c2ccc(C#N)cc2)cc1,-5.5,,,,,,,,,
6938,P472004,*O[Si](*)(C)c1ccc(C)cc1,-17.0,,,,,,,,,
6939,P472006,*O[Si](*)(C)CCCCCCCCCCC(=O)Oc1ccc(C(=O)Oc2ccc(-c3ccc(OCC(C)CC)cc3)cc2)cc1,26.7,,,,,,,,,
6940,P472007,*[Si](*)(C)CCC(F)(F)F,-3.0,,,,,,,,,
6941,P472012,*O[Si](*)(C)CCCCCCOc1ccc(C(=O)Oc2ccc(C(=O)OCC(C)CC)cc2)cc1,-9.0,,,,,,,,,
6942,P472013,*O[Si](C)(C)O[Si](*)(C)CCCCCCCCOc1ccc(C(=O)Oc2ccc(C#N)cc2C)cc1,-15.0,,,,,,,,,
6943,P472014,*O[Si](*)(C)CCCCCn1c2ccccc2c2ccccc21,7.0,,,,,,,,,
6944,P472015,*O[Si](*)(C)CCCCCCn1c2ccccc2c2ccccc21,-5.0,,,,,,,,,
6945,P472016,*O[Si](*)(C)CCCCCCCCCCCn1c2ccccc2c2ccccc21,-45.0,,,,,,,,,
6946,P472023,*O[Si](*)(C([2H])([2H])[2H])C([2H])([2H])[2H],-125.0,,,,,,,,,
6947,P472024,*O[Si](*)(C)CCCCCCCCCCC(=O)OCCC(F)(F)C(F)(F)C(F)(F)C(F)(F)C(F)(F)C(F)(F)F,-69.0,,,,,,,,,
6948,P472025,*O[Si](*)(C)CCCCCCCCCCC(=O)OCCC(F)(F)C(F)(F)C(F)(F)C(F)(F)C(F)(F)C(F)(F)C(F)(F)C(F)(F)F,-78.0,,,,,,,,,
6949,P472026,*O[Si](*)(C)CCCCC(=O)OCCCCCCCCCCC(F)(F)C(F)(F)C(F)(F)C(F)(F)C(F)(F)C(F)(F)C(F)(F)C(F)(F)F,-78.0,,,,,,,,,
6950,P472027,*O[Si](*)(C)CCCCCCCCCCC(F)(F)C(F)(F)C(F)(F)C(F)(F)C(F)(F)C(F)(F)C(F)(F)C(F)(F)F,-78.0,,,,,,,,,
6951,P472028,*O[Si](*)(C)CCCCC1COC(=O)O1,-23.45,,,,,,,,,
6952,P472029,*O[Si](*)(C)CCCOCC1COC(=O)O1,-25.9,,,,,,,,,
6953,P472030,*CC/C=C/C[Si](*)(C)c1ccccc1,-14.9,,,,,,,,,
6954,P472031,*CCCCC[Si](*)(C)c1ccccc1,-10.4,,,,,,,,,
6955,P472032,*O[Si](C)(C)C#C[Si](C)(C)C#C[Si](C)(C)C#C[Si](C)(C)C#C[Si](C)(C)C#C[Si](C)(C)C#C[Si](*)(C)C,-12.6,,,,,,,,,
6956,P472033,*O[Si](C)(C)C#C[Si](C)(C)C#C[Si](C)(C)C#C[Si](C)(C)C#C[Si](C)(C)C#C[Si](*)(C)C,-16.1,,,,,,,,,
6957,P472034,*O[Si](C)(C)C#C[Si](C)(C)C#C[Si](C)(C)C#C[Si](C)(C)C#C[Si](*)(C)C,-23.0,,,,,,,,,
6958,P472036,*O[Si](*)(C)CCCC,-115.0,,,,,,,,,
6959,P472037,*O[Si](*)(C)CCCCC,-112.0,,,,,,,,,
6960,P472038,*[Si](*)(C)c1ccc(COCCN(CC)c2ccc(/N=N/c3ccc([N+](=O)[O-])cc3)cc2)cc1,152.0,,,,,,,,,
6961,P472039,*O[Si](*)(C)CCCOc1ccc(C(=O)Oc2ccc(-c3ccc(OC(=O)c4cc(OCC(C)CC)c(OCC(C)CC)c(OCC(C)CC)c4)cc3)cc2)cc1,60.0,,,,,,,,,
6962,P472040,*O[Si](*)(C)CCCOc1ccc(C(=O)Oc2ccc(-c3ccc(OC(=O)c4cc(OCCCCC)c(OCCCCC)c(OCCCCC)c4)cc3)cc2)cc1,49.0,,,,,,,,,
6963,P472041,*O[Si](*)(C)CCCOc1ccc(C(=O)Oc2ccc(-c3ccc(OC(=O)c4cc(OCCCCCCCCCCCC)c(OCCCCCCCCCCCC)c(OCCCCCCCCCCCC)c4)cc3)cc2)cc1,48.0,,,,,,,,,
6964,P472043,*O[Si](C=C)(C=C)O[Si](C)(C)c1ccc([Si](*)(C)C)cc1,-71.0,,,,,,,,,
6965,P472044,*O[Si](C)(C=C)O[Si](C)(C=C)O[Si](C)(C)c1ccc([Si](*)(C)C)cc1,-86.0,,,,,,,,,
6966,P472056,*O[Si](*)(C)CCCOc1ccc(C(=O)Oc2ccc(OC)cc2)cc1,37.0,,,,,,,,,
6967,P472057,*O[Si](*)(C)CCCOc1ccc(/N=N/c2ccc(S(=O)(=O)O)cc2)cc1,9.2,,,,,,,,,
6968,P472058,*CCC[Si](*)(C)O[Si](C)(C)CCCOc1ccc(C#N)cc1,-45.5,,,,,,,,,
6969,P472059,*CCC[Si](*)(C)O[Si](C)(C)CCCOc1ccc(-c2ccc(C#N)cc2)cc1,-4.6,,,,,,,,,
6970,P472060,*CCC[Si](*)(C)O[Si](C)(C)CCCOc1ccc(C(=O)Oc2ccc(C#N)cc2)cc1,-19.1,,,,,,,,,
6971,P472061,*CCC[Si](*)(C)O[Si](C)(C)CCCOc1ccc(C(=O)Oc2ccc(-c3ccc(C#N)cc3)cc2)cc1,10.1,,,,,,,,,
6972,P472062,*O[Si](C)(C)O[Si](C)(C)O[SiH](*)O[Si](C)(C)C=C,-68.0,,,,,,,,,
6973,P472067,*O[Si](*)(C)CCCCCCOc1ccc(C(=O)Oc2ccc(OC)cc2)cc1,-2.0,,,,,,,,,
6974,P472084,*O[Si](*)(C)CCCOc1ccc(C(=O)Oc2ccc(OCCCCCC)cc2)cc1,15.0,,,,,,,,,
6975,P472085,*O[Si](*)(C)CCCCCCOc1ccc(C(=O)Oc2ccc(OCCCCCC)cc2)cc1,12.0,,,,,,,,,
6976,P472093,*O[Si](*)(C)CCCOc1ccc(C(=O)Oc2ccc(C(=O)Oc3ccc(OC)cc3)cc2)cc1,38.0,,,,,,,,,
6977,P472094,*O[Si](*)(C)CCCOCCOCCOc1ccc(COc2ccc3cc(C#N)ccc3c2)cc1,30.0,,,,,,,,,
6978,P472095,*O[Si](*)(C)CCCCCCCCCCCOc1ccc(/C=C/c2ccc(OCCCC)cc2)cc1,-33.0,,,,,,,,,
6979,P472096,*O[Si](*)(C)CCCCCCCCCCCOc1ccc(/C=C/c2ccc(OC)cc2)cc1,55.0,,,,,,,,,
6980,P472097,*O[Si](*)(C)CCCCCCCCCCCOc1ccc(/C=C/c2ccc(C#N)cc2)cc1,-55.0,,,,,,,,,
6981,P472098,*O[Si](*)(C)CCCCCOc1ccc(/C=C/c2ccc(OC)cc2)cc1,52.0,,,,,,,,,
6982,P472101,*CC(C[Si](*)(C)C)c1ccccc1,-5.0,,,,,,,,,
6983,P472102,*CCC(c1ccccc1)[Si](*)(C)C,27.0,,,,,,,,,
6984,P472103,*O[Si](*)(C)CCCCCCOc1ccc(C(=O)Oc2ccc(C(=O)Oc3ccc(C=C(C(=O)OCCCCCCCCC)C(=O)OCCCCCCCCC)cc3)cc2)cc1,-4.0,,,,,,,,,
6985,P472104,*O[Si](*)(C)CCc1ccc(O)cc1,39.0,,,,,,,,,
6986,P472109,*O[Si](*)(C)C1CC2CC1C1C3CC(CC3C(=O)OC(C)(C)C)C21,90.0,,,,,,,,,
6987,P472110,*O[Si](*)(c1ccccc1)c1ccc(OC(C)(C)C)cc1,56.0,,,,,,,,,
6988,P472116,*O[Si](*)(CCCOCCOC)CCCOCCOC,-55.0,,,,,,,,,
6989,P472117,*O[Si](*)(CCCOCCOCCOC)CCCOCCOCCOC,-63.4,,,,,,,,,
6990,P472118,*O[Si](*)(CCCOCCOCCOCCOC)CCCOCCOCCOCCOC,-69.2,,,,,,,,,
6991,P472119,*O[Si](*)(CCCOCCOCCOCCOCCOC)CCCOCCOCCOCCOCCOC,-69.8,,,,,,,,,
6992,P472120,*O[Si](*)(CCCOCCOCCOCCOCCOCCOC)CCCOCCOCCOCCOCCOCCOC,-69.7,,,,,,,,,
6993,P472121,*O[Si](*)(CCCOCCOCCOCCOCCOCCOCCOC)CCCOCCOCCOCCOCCOCCOCCOC,-68.9,,,,,,,,,
6994,P472122,*O[Si](*)(CCCOCCOCCOCCOCCOCCOCCOCCOC)CCCOCCOCCOCCOCCOCCOCCOCCOC,-66.4,,,,,,,,,
6995,P472123,*CC(Cc1cccc2ccccc12)C[Si](*)(C)C,17.0,,,,,,,,,
6996,P472124,*CC(Cc1ccc(-c2ccccc2)cc1)C[Si](*)(C)C,28.0,,,,,,,,,
6997,P472125,*CC(C[Si](*)(C)C)c1cccc2ccccc12,39.0,,,,,,,,,
6998,P472127,*O[Si](*)(C)CCCOC(=O)c1cc(OC(=O)c2ccc(OCCOCCOCCOCCOC)cc2)ccc1OC(=O)c1ccc(OCCOCCOCCOCCOC)cc1,-37.0,,,,,,,,,
6999,P472128,*O[Si](*)(C)CCCOC(=O)c1cc(OC(=O)c2ccc(OCCOCCOCCOCCOCCOCCOC)cc2)ccc1OC(=O)c1ccc(OCCOCCOCCOCCOCCOCCOC)cc1,-46.0,,,,,,,,,
7000,P472129,*O[Si](*)(C)CCCCCCOC(=O)c1cc(OC(=O)c2ccc(OCCOCCOCCOCCOCCOCCOC)cc2)ccc1OC(=O)c1ccc(OCCOCCOCCOCCOCCOCCOC)cc1,-50.0,,,,,,,,,
7001,P472130,*O[Si](*)(C)CCCCCCCCCCCOC(=O)c1cc(OC(=O)c2ccc(OCCOCCOCCOCCOCCOCCOCCOCCOC)cc2)ccc1OC(=O)c1ccc(OCCOCCOCCOCCOCCOCCOCCOCCOC)cc1,-56.0,,,,,,,,,
7002,P472131,*O[Si](C)(C)CC[Si](*)(C)O[Si](C)(C)C,-89.0,,,,,,,,,
7003,P472134,*O[Si](*)(CCC)c1ccccc1,40.6,,,,,,,,,
7004,P472149,*O[Si](*)(C)CCCOc1ccc(C(=O)OC2CCC3(C)C(=CCC4C3CCC3(C)C(C(C)CCCC(C)C)CCC43)C2)cc1,73.05,,,,,,,,,
7005,P472150,*O[Si](*)(C)CCCOc1ccc(C(=O)OC2CCC3(C)C(=CCC4C3CCC3(C)C(C(C)CCCC(C)C)CCC43)C2)cc1S(=O)(=O)O[K],112.6,,,,,,,,,
7006,P472158,*O[Si](*)(C)CCCOCCOCCOCCOC,-64.205,,,,,,,,,
7007,P472161,*/C=C/c1ccc(/C=C/[Si](C)(C)c2ccc([Si](*)(C)C)cc2)cc1,90.2,,,,,,,,,
7008,P472162,*/C=C/c1ccc(/C=C/[Si](C)(C)c2cccc([Si](*)(C)C)c2)cc1,39.2,,,,,,,,,
7009,P472163,*/C=C/c1cccc(/C=C/[Si](C)(C)c2ccc([Si](*)(C)C)cc2)c1,41.7,,,,,,,,,
7010,P472164,*/C=C/c1cccc(/C=C/[Si](C)(C)c2cccc([Si](*)(C)C)c2)c1,28.7,,,,,,,,,
7011,P472165,*/C=C/c1ccc(/C=C/[Si](C)(C)c2ccc([Si](*)(C)C)cc2)cc1,63.0,,,,,,,,,
7012,P472166,*/C=C/c1ccc(/C=C/[Si](C)(C)c2cccc([Si](*)(C)C)c2)cc1,33.0,,,,,,,,,
7013,P472167,*/C=C/c1cccc(/C=C/[Si](C)(C)c2ccc([Si](*)(C)C)cc2)c1,38.1,,,,,,,,,
7014,P472169,*/C=C/c1ccc(/C=C/[Si](C)(CCC(F)(F)F)c2ccc([Si](*)(C)CCC(F)(F)F)cc2)cc1,52.8,,,,,,,,,
7015,P472170,*/C=C/c1ccc(/C=C/[Si](C)(CCC(F)(F)F)c2cccc([Si](*)(C)CCC(F)(F)F)c2)cc1,23.4,,,,,,,,,
7016,P472171,*/C=C/c1cccc(/C=C/[Si](C)(CCC(F)(F)F)c2ccc([Si](*)(C)CCC(F)(F)F)cc2)c1,39.2,,,,,,,,,
7017,P472172,*/C=C/c1ccc(/C=C/[Si](C)(CCC(F)(F)F)c2ccc([Si](*)(C)CCC(F)(F)F)cc2)cc1,55.7,,,,,,,,,
7018,P472173,*/C=C/c1ccc(/C=C/[Si](C)(CCC(F)(F)F)c2cccc([Si](*)(C)CCC(F)(F)F)c2)cc1,23.4,,,,,,,,,
7019,P472174,*/C=C/c1cccc(/C=C/[Si](C)(CCC(F)(F)F)c2ccc([Si](*)(C)CCC(F)(F)F)cc2)c1,34.5,,,,,,,,,
7020,P472175,*/C=C/c1cccc(/C=C/[Si](C)(CCC(F)(F)F)c2cccc([Si](*)(C)CCC(F)(F)F)c2)c1,9.5,,,,,,,,,
7021,P472176,*O[Si](*)(C)OCCOCCOCCOC,-120.1,,,,,,,,,
7022,P472185,*CCC[Si](*)(C[Si](C)(C)c1ccccc1)C[Si](C)(C)c1ccccc1,-36.0,,,,,,,,,
7023,P472186,*CCC[Si](*)(C)C[Si](C)(C)C,-51.0,,,,,,,,,
7024,P472187,*CCC[Si](*)(C)CCC[Si](C)(C)C,-46.0,,,,,,,,,
7025,P472188,*CCC[Si](*)(C)c1cccc(C)c1,-25.0,,,,,,,,,
7026,P472189,*CCC[Si](*)(c1cccc2ccccc12)C1CCCCC1,47.5,,,,,,,,,
7027,P472191,*O[Si](*)(C)CCCCCCCCCCC(=O)Oc1ccc(-c2ccc(OC(=O)c3ccc(OCC)cc3)cc2)cc1,103.4,,,,,,,,,
7028,P472196,*O[Si](*)(C)CCCOc1ccc(C(=O)Oc2ccc(-c3ccc(OC(=O)c4cc(OCC)c(OCC)c(OCC)c4)cc3)cc2)cc1,61.3,,,,,,,,,
7029,P472197,*O[Si](*)(C)CCCOc1ccc(C(=O)Oc2ccc(-c3ccc(OC(=O)c4cc(OCC)cc(OCC)c4)cc3)cc2)cc1,62.8,,,,,,,,,
7030,P472198,*O[Si](*)(C)CCCOc1ccc(C(=O)Oc2ccc(-c3ccc(OC(=O)c4ccc(OCC)cc4)cc3)cc2)cc1,74.6,,,,,,,,,
7031,P472213,*O[Si](c1ccccc1)(c1ccccc1)c1ccc([Si](*)(c2ccccc2)c2ccccc2)cc1,130.0,,,,,,,,,
7032,P472214,*O[Si](c1ccccc1)(c1ccccc1)c1ccc(-c2ccc([Si](*)(c3ccccc3)c3ccccc3)cc2)cc1,94.0,,,,,,,,,
7033,P472215,*O[Si](C)(C)c1ccc(-c2ccc([Si](*)(C)C)cc2)cc1,67.0,,,,,,,,,
7034,P472216,*O[Si](*)(C)CCCCCCCCCCCOc1ccc(-c2ccc(C(=O)Oc3ccc(C(=O)OC(C)C(=O)OC(C)C(=O)OCC(C)CC)cc3)cc2)cc1,20.0,,,,,,,,,
7035,P472217,*O[Si](*)(C)CCCCCCCCCCCOc1ccc(-c2ccc(C(=O)Oc3ccc(C(=O)OC(C)C(=O)OC(C)C(=O)OC(C)C(=O)OCC(C)CC)cc3)cc2)cc1,15.0,,,,,,,,,
7036,P472229,*O[Si](*)(C)CCCCCCCCCCC(=O)Oc1ccc(C(=O)OCCOc2ccc(C(=O)OC3CCC4(C)C(=CCC5C4CCC4(C)C(C(C)CCCC(C)C)CCC54)C3)cc2)cc1,25.0,,,,,,,,,
7037,P472234,*O[Si](*)(C)CCCCCCCCCCC(=O)Oc1ccc(OC(=O)c2ccc(OCC(C)CC)cc2)cc1,13.4,,,,,,,,,
7038,P472235,*O[Si](*)(C)CCCCCCCCCCC(=O)Oc1ccc(-c2ccc(OC(=O)c3ccc(OCC(C)CC)cc3)cc2)cc1,29.2,,,,,,,,,
7039,P472236,*O[Si](*)(C)CCCCCCCCCCC(=O)Oc1ccc(C(=O)Oc2ccc(OC(=O)c3ccc(OCC(C)CC)cc3)cc2)cc1,28.5,,,,,,,,,
7040,P472237,*O[Si](*)(C)CCCCCCCCCCC(=O)Oc1ccc(C(=O)Oc2ccc(-c3ccc(OC(=O)c4ccc(OCC(C)CC)cc4)cc3)cc2)cc1,74.3,,,,,,,,,
7041,P472238,*O[Si](*)(C)CCCCCCCCCCCOc1ccc(C(=O)OC/C=C(\C)CCC=C(C)C)cc1,25.0,,,,,,,,,
7042,P472239,*O[Si](C)(C)c1ccc([Si](*)(C)C)c2ccccc12,60.0,,,,,,,,,
7043,P472240,*O[Si](C)(C)c1cccc2c([Si](*)(C)C)cccc12,62.0,,,,,,,,,
7044,P472241,*O[Si](C)(C)c1ccc2cc([Si](*)(C)C)ccc2c1,29.0,,,,,,,,,
7045,P472242,*O[Si](C)(C)c1ccc2ccc([Si](*)(C)C)cc2c1,26.0,,,,,,,,,
7046,P472243,*O[Si](*)(C)CCCCCCCCCCC(=O)Oc1ccc(-c2ccc(OC(=O)c3ccc(OCCCCCCC)cc3)cc2)cc1,61.1,,,,,,,,,
7047,P472245,*O[Si](*)(C)CC[Si](OCCOC)(OCCOC)OCCOC,28.9,,,,,,,,,
7048,P472246,*O[Si](*)(C)CCCCCCCCCCC(=O)Oc1ccc2cc(C(=O)OC3CCC4(C)C(=CCC5C4CCC4(C)C(C(C)CCCC(C)C)CCC54)C3)ccc2c1,27.0,,,,,,,,,
7049,P472248,*O[Si](*)(C)CCCOc1ccc(C(=O)OCCOc2ccc(C(=O)OC3CCC4(C)C(=CCC5C4CCC4(C)C(C(C)CCCC(C)C)CCC54)C3)cc2)cc1,42.0,,,,,,,,,
7050,P472249,*O[Si](*)(C)CCCOc1ccc2c(c1)c1cc(-c3ccc4c(c3)c3ccccc3n4CC(CC)CCCC)ccc1n2CC(CC)CCCC,129.0,,,,,,,,,
7051,P472250,*O[Si](*)(C)CCCOc1ccc(N(c2ccc(C)cc2)c2ccc(-c3ccc(N(c4ccccc4)c4ccc(C)cc4)cc3)cc2)cc1,102.0,,,,,,,,,
7052,P472255,*O[Si](*)(C)CCCOc1ccc(-c2ccc(OC(=O)CCCCC(=O)OC3CC(C)CCC3C(C)C)cc2)cc1,43.3,,,,,,,,,
7053,P472256,*O[Si](*)(C)CCCOc1ccc(C(=O)Oc2ccc(OC(=O)CCCCC(=O)OC3CC(C)CCC3C(C)C)cc2)cc1,45.3,,,,,,,,,
7054,P472257,*O[Si](*)(C)CCCOc1ccc(C(=O)Oc2ccc(-c3ccc(OC(=O)CCCCC(=O)OC4CC(C)CCC4C(C)C)cc3)cc2)cc1,56.8,,,,,,,,,
7055,P472258,*O[Si](*)(C)CCCCCCCCCCC(=O)Oc1ccc(-c2ccc(OC(=O)CCCCC(=O)OC3CC(C)CCC3C(C)C)cc2)cc1,16.5,,,,,,,,,
7056,P472259,*O[Si](*)(C)CCCCCCCCCCC(=O)Oc1ccc(C(=O)Oc2ccc(OC(=O)CCCCC(=O)OC3CC(C)CCC3C(C)C)cc2)cc1,20.7,,,,,,,,,
7057,P472260,*O[Si](*)(C)CCCCCCCCCCC(=O)Oc1ccc(C(=O)Oc2ccc(-c3ccc(OC(=O)CCCCC(=O)OC4CC(C)CCC4C(C)C)cc3)cc2)cc1,32.4,,,,,,,,,
7058,P472261,*O[Si](C)(C)c1cc(OCCOCc2ccccc2)c([Si](*)(C)C)cc1OCCOCc1ccccc1,76.0,,,,,,,,,
7059,P472262,*O[Si](C)(C)c1cc(OCCO)c([Si](*)(C)C)cc1OCCO,73.0,,,,,,,,,
7060,P472263,*O[Si](C)(C)c1ccc2cc3cc([Si](*)(C)C)ccc3cc2c1,118.0,,,,,,,,,
7061,P472265,*O[Si](C)(C)c1cccc2c1ccc1c([Si](*)(C)C)cccc12,100.0,,,,,,,,,
7062,P472266,*[Si](*)(C)CCCOCC1COC(C)(C)O1,-48.0,,,,,,,,,
7063,P472268,*O[Si](*)(C)CCc1cc(C(=O)Oc2ccc(OC)cc2)ccc1C(=O)Oc1ccc(OC)cc1,111.0,,,,,,,,,
7064,P472269,*O[Si](*)(C)CCc1cc(C(=O)Oc2ccc(OCCCC)cc2)ccc1C(=O)Oc1ccc(OCCCC)cc1,92.0,,,,,,,,,
7065,P472270,*O[Si](*)(C)CCc1cc(-c2nnc(-c3ccc(OCCCCCCCCCCCC)cc3)o2)ccc1-c1nnc(-c2ccc(OCCCCCCCCCCCC)cc2)o1,156.0,,,,,,,,,
7066,P472271,*O[Si](*)(C)CCc1cc(C(=O)Oc2ccc(OCCCC)cc2)ccc1-c1ccc(C(=O)Oc2ccc(OCCCC)cc2)cc1,96.0,,,,,,,,,
7067,P472272,*O[Si](*)(C)CCc1cc(C(=O)Oc2ccc(OCCCCCCCCCCCC)cc2)ccc1-c1ccc(C(=O)Oc2ccc(OCCCCCCCCCCCC)cc2)cc1,76.0,,,,,,,,,
7068,P472274,*O[Si](*)(C)CC[Si](C)(C)O[Si](C)(C)CCCOc1cc(OC(=O)c2ccc(OCCCC)cc2)ccc1/N=N/c1ccc(OCCCC)cc1,-4.0,,,,,,,,,
7069,P472277,*C#Cc1cccc(C#C[Si](*)(C)C)c1,50.0,,,,,,,,,
7070,P472278,*O[Si](C)(C)C#Cc1ccc(C#C[Si](*)(C)C)cc1,126.0,,,,,,,,,
7071,P472279,*O[Si](C)(C)O[Si](C)(C)C#Cc1ccc(C#C[Si](*)(C)C)cc1,104.0,,,,,,,,,
7072,P472280,*O[Si](C)(C)O[Si](C)(C)O[Si](C)(C)C#Cc1ccc(C#C[Si](*)(C)C)cc1,96.0,,,,,,,,,
7073,P472281,*O[Si](C)(C)O[Si](C)(C)O[Si](C)(C)O[Si](C)(C)C#Cc1ccc(C#C[Si](*)(C)C)cc1,84.0,,,,,,,,,
7074,P472282,*O[Si](C)(C)O[Si](C)(C)O[Si](C)(C)O[Si](C)(C)O[Si](C)(C)C#Cc1ccc(C#C[Si](*)(C)C)cc1,78.0,,,,,,,,,
7075,P472284,*O[SiH](*)Nc1cccc(N[Si](*)(C)O*)c1,177.5,,,,,,,,,
7076,P472310,*O[Si](*)(C)C=C,-129.0,,,,,,,,,
7077,P472311,*O[Si](*)(C)CCCCCCOc1ccc(C(=O)Oc2ccc(C(=O)Oc3ccc(C=C(C(=O)OCCCCCCCCC)C(=O)OCCCCCCCCC)cc3)cc2)cc1,-5.0,,,,,,,,,
7078,P472312,*O[Si](*)(C)CCCOc1ccc(C(=O)OC2CCC3(C)C(=CCC4C3CCC3(C)C(C(C)CCCC(C)C)CCC43)C2)cc1,61.1,,,,,,,,,
7079,P472313,*O[Si](*)(C)c1ccccc1,-28.15,,,,,,,,,
7080,P472329,*O[Si](C)(C)c1ccc2ccc3c([Si](*)(C)C)ccc4ccc1c2c43,65.0,,,,,,,,,
7081,P482005,*N=P(*)(CCC)CCC,10.0,,,,,,,,,
7082,P482009,*N=P(*)(NC(C)C(=O)OCC)NC(C)C(=O)OCC,-16.75,,,,,,,,,
7083,P482034,*N=P(*)(Cl)Oc1ccc(C)cc1,-5.0,,,,,,,,,
7084,P482035,*N=P(*)(Oc1ccc(C)cc1)n1cncn1,73.25,,,,,,,,,
7085,P490004,*CC(=O)C(*)c1ccccc1,110.0,,,,,,,,,
7086,P490008,*CC(=O)C(*)C,23.0,,,,,,,,,
7087,P490010,*CC(=O)C(*)c1ccc(C(C)(C)C)cc1,158.0,,,,,,,,,
7088,P490018,*c1ccc(C(=O)c2ccc(C(=O)c3ccc(S(*)(=O)=O)cc3)cc2)cc1,213.5,,,,,,,,,
7089,P490019,*c1ccc(C(=O)c2cccc(C(=O)c3ccc(S(*)(=O)=O)cc3)c2)cc1,198.0,,,,,,,,,
7090,P500007,*OS(=O)(=O)c1cc(C)c(*)c(C)c1,153.0,,,,,,,,,
7091,P500010,*c1cccc(S(=O)(=O)NCCNS(*)(=O)=O)c1,107.0,,,,,,,,,
7092,P500015,*c1cccc(S(=O)(=O)NCCCCCCNS(*)(=O)=O)c1,67.0,,,,,,,,,
7093,P500023,*OS(=O)(=O)c1cc(S(=O)(=O)Oc2ccc(C3(c4ccc(*)cc4)CCCC3)cc2)ccc1C,134.0,,,,,,,,,
7094,P500024,*OS(=O)(=O)c1cccc(S(=O)(=O)Oc2ccc(C3(c4ccc(*)cc4)CCCCC3)cc2)c1,127.0,,0.151,,,,,,,
7095,P500025,*OS(=O)(=O)c1cc(S(=O)(=O)Oc2ccc(C3(c4ccc(*)cc4)CCCCC3)cc2)ccc1C,142.0,,,,,,,,,
7096,P500026,*OS(=O)(=O)c1cccc(S(=O)(=O)Oc2ccc(C(C)(CC)c3ccc(*)cc3)cc2)c1,147.0,,,,,,,,,
7097,P500027,*OS(=O)(=O)c1cc(S(=O)(=O)Oc2ccc(C3(c4ccc(*)c(C)c4)CCCCC3)cc2C)ccc1C,141.0,,,,,,,,,
7098,P500028,*c1cccc(S(=O)(=O)NCCCNS(*)(=O)=O)c1,92.0,,,,,,,,,
7099,P500029,*c1cccc(S(=O)(=O)NCCCCNS(*)(=O)=O)c1,82.0,,,,,,,,,
7100,P500030,*c1cccc(S(=O)(=O)NCCCCCNS(*)(=O)=O)c1,74.0,,,,,,,,,
7101,P500033,*C/C=C/C(CC)S(*)(=O)=O,70.1,,,,,,,,,
7102,P500034,*C/C=C(\C)C(C)S(*)(=O)=O,73.0,,,,,,,,,
7103,P500035,*C/C=C/C(C)S(*)(=O)=O,71.0,,,,,,,,,
7104,P500036,*C/C(C)=C/C(C)S(*)(=O)=O,83.0,,,,,,,,,
7105,P500037,*C/C=C(\C)CS(*)(=O)=O,88.2,,,,,,,,,
7106,P500038,*C/C=C/CS(*)(=O)=O,86.0,,,,,,,,,
7107,P500039,*CC(CC(C)C)S(*)(=O)=O,23.0,,,,,,,,,
7108,P500040,*C1C2CCC(C2)C1S(*)(=O)=O,33.0,,,,,,,,,
7109,P500041,*c1ccc(S(*)(=O)=O)cc1,219.5,,,,,,,,,
7110,P502001,*c1c(C)cc(C(C)(C)c2cc(C)c(S(*)(=O)=O)c(C)c2)cc1C,230.0,,,,,,,,,
7111,P510001,*CCc1ccc(*)c(CCCC)c1,20.0,,,,,,,,,
7112,P510011,*c1ccc(C(C#N)(C(=O)OCCCC)C(*)(C#N)C(=O)OCCCC)cc1,108.0,,,,,,,,,
7113,P510012,*c1ccc(C(C#N)(C(=O)OC)C(*)(C#N)C(=O)OC)cc1,108.0,,,,,,,,,
7114,P510013,*c1ccc(C(C#N)(C(=O)OCC)C(*)(C#N)C(=O)OCC)cc1,108.0,,,,,,,,,
7115,P510017,*c1ccc(C(C#N)(C(=O)OCC(C)C)C(*)(C#N)C(=O)OCC(C)C)cc1,108.0,,,,,,,,,
7116,P510018,*c1ccc(C(C#N)(C(=O)O)C(*)(C#N)C(=O)O)cc1,108.0,,,,,,,,,
7117,P510027,*c1cc(*)cc(-c2nc3ccccc3o2)c1,250.0,,,,,,,,,
7118,P510028,*c1ccc(-c2nc3ccccc3o2)c(*)c1,229.0,,,,,,,,,
7119,P510029,*c1ccc(-c2nc3cc(C)ccc3o2)c(*)c1,221.0,,,,,,,,,
7120,P510043,*c1cc(OCCCC)c(*)cc1OCCCC,37.0,,,,,,,,,
7121,P510049,*/C(=C(/c1ccc(*)cc1)c1ccc(Oc2ccccc2)cc1)c1ccc(Oc2ccccc2)cc1,163.0,,,,,,,,,
7122,P510053,*/C(=N\c1ccccc1)c1ccc(-c2ccc(*)cc2)cc1,225.0,,,,,,,,,
7123,P510054,*c1ccc(*)c(C(=O)c2ccccc2)c1,180.0,,,,,,,,,
7124,P510055,*c1ccc(*)c(C(=O)c2ccc(C)cc2)c1,202.0,,,,,,,,,
7125,P510056,*c1ccc(*)c(C(=O)c2ccc(F)cc2)c1,194.0,,,,,,,,,
7126,P512008,*/C=C/c1cc(OCC(CC)CCCC)c(*)cc1OC,79.0,,,,,,,,,
7127,P512022,*/C=C/c1cc(OCCCCCCC)c(/C=C/c2ccc(*)cc2)cc1OCCCCCCC,46.0,,,,,,,,,
7128,P512023,*/C=C/c1cc(OCCCCCCCCC)c(/C=C/c2ccc(*)cc2)cc1OCCCCCCCCC,44.0,,,,,,,,,
7129,P512024,*/C=C/c1cc(OCCCCCCCCCCCC)c(/C=C/c2ccc(*)cc2)cc1OCCCCCCCCCCCC,38.0,,,,,,,,,
7130,P512025,*/C=C/c1cc(OCCCCCCCCCCCCCCCC)c(/C=C/c2ccc(*)cc2)cc1OCCCCCCCCCCCCCCCC,33.0,,0.33299999999999996,,,,,,,
7131,P512028,*/C=C/c1cc(OCCCC)c(*)cc1OC,65.0,,,,,,,,,
7132,P512029,*c1ccc(-c2ccc(C(*)(C(F)(F)F)C(F)(F)F)cc2)cc1,264.0,,,,,,,,,
7133,P512034,*Oc1cc(Br)cc(Br)c1*,170.0,,,,,,,,,
7134,P512050,*Cc1cc(C(C)(C)C)cc(*)c1O,50.0,,,,,,,,,
7135,P512055,*c1cc(C(C)(C)c2ccc(O)cc2)cc(*)c1O,135.0,,,,,,,,,
7136,P512058,*c1ccc(-c2ccc3c(c2)C(CCCCCCCC)(CCCCCCCC)c2cc(*)ccc2-3)cc1,81.0,,,,,,,,,
7137,P512059,*c1ccc(-c2ccc3c(c2)C(CCCCCCCC)(CCCCCCCC)c2cc(*)ccc2-3)c(F)c1,34.0,,,,,,,,,
7138,P512060,*c1ccc2c(c1)C(CCCCCCCC)(CCCCCCCC)c1cc(-c3cc(F)c(*)cc3F)ccc1-2,34.0,,,,,,,,,
7139,P512061,*c1ccc2c(c1)C(CCCCCCCC)(CCCCCCCC)c1cc(-c3c(F)c(F)c(*)c(F)c3F)ccc1-2,29.0,,,,,,,,,
7140,P512062,*/C(C#N)=C/c1cc(OCCCCCCCC)c(/C=C(\C#N)c2cc(OCCCCCCCC)c(*)cc2OC)cc1OC,174.0,,,,,,,,,
7141,P512063,*/C(C#N)=C/c1cc(OCCCCCCCCCC)c(/C=C(\C#N)c2cc(OCCCCCCCCCC)c(*)cc2OC)cc1OC,198.0,,,,,,,,,
7142,P512064,*/C(C#N)=C/c1cc(OCCCCCCCCCCCC)c(/C=C(\C#N)c2cc(OCCCCCCCCCCCC)c(*)cc2OC)cc1OC,181.0,,,,,,,,,
7143,P512065,*/C(C#N)=C/c1cc(OCCCCCCCCCCCCCCCC)c(/C=C(\C#N)c2cc(OCCCCCCCCCCCCCCCC)c(*)cc2OC)cc1OC,190.0,,,,,,,,,
7144,P512066,*/C=C(/c1ccc(*)cc1)c1ccc(C(F)(F)F)cc1,199.0,,,,,,,,,
7145,P512067,*/C(=C/c1ccc(/C=C(\c2ccccc2)c2ccc(-c3ccc(*)cc3)cc2)cc1)c1ccccc1,220.0,,,,,,,,,
7146,P512068,*/C(=C/c1cc(OC)c(/C=C(\c2ccc(F)cc2)c2ccc(-c3ccc(*)cc3)cc2)cc1OC)c1ccc(F)cc1,201.0,,,,,,,,,
7147,P512069,*/C(=C/c1cc(OC)c(/C=C(\c2ccccc2)c2ccc(-c3ccc(*)cc3)cc2)cc1OC)c1ccccc1,223.0,,,,,,,,,
7148,P512070,*/C(=C/c1cc(OC)c(/C=C(\c2ccccc2)c2ccc3cc(*)ccc3c2)cc1OC)c1ccccc1,198.0,,,,,,,,,
7149,P512071,*/C(=C/c1cc(OC)c(/C=C(/c2ccc(*)cc2)c2ccc(C(F)(F)F)cc2)cc1OC)c1ccc(C(F)(F)F)cc1,208.0,,,,,,,,,
7150,P512072,*/C(=C/c1cc(OC)c(/C=C(/c2ccc(*)cc2)c2ccc(F)cc2)cc1OC)c1ccc(F)cc1,193.0,,,,,,,,,
7151,P512073,*/C(=C/c1cc(OC)c(/C=C(/c2ccc(*)cc2)c2ccc(OC)cc2)cc1OC)c1ccc(OC)cc1,170.0,,,,,,,,,
7152,P512074,*/C(=C/c1cc(OC)c(/C=C(\c2ccc(F)cc2)c2ccc3cc(*)ccc3c2)cc1OC)c1ccc(F)cc1,208.0,,,,,,,,,
7153,P512075,*/C=C/c1cc(OCC(CC)CCCC)c(/C=C/c2cc(OC)c(*)cc2OC)cc1OC,110.0,,,,,,,,,
7154,P512076,*/C=C/c1cc(OC)c(/C=C/c2ccc(/C=C(\Oc3ccccc3)c3ccc(/C(=C/c4ccc(*)cc4)c4ccc(Oc5ccccc5)cc4)cc3)cc2)cc1OC,175.0,,,,,,,,,
7155,P512083,*c1cc(/N=N/c2ccc(OC)cc2)cc(*)c1O,134.0,,,,,,,,,
7156,P512086,*c1cc(/N=N/c2ccc(C#N)cc2)cc(*)c1O,176.0,,,,,,,,,
7157,P512088,*/C=C/c1cc(OCCC(C)CCCC(C)C)c(*)cc1OC,54.5,,,,,,,,,
7158,P512089,*/C=C/c1cc(OCCCCCC)c(*)cc1OC,60.0,,,,,,,,,
7159,P512117,*c1ccc(-c2cc(-c3ccc(OCCCCCC)cc3)cc(-c3ccc(-c4ccc5c(c4)C(CCCCCC)(CCCCCC)c4cc(*)ccc4-5)cc3)c2-c2ccc(OCCCCCC)cc2)cc1,118.0,,0.29,,,,,,,
7160,P512118,*c1ccc(-c2cc(-c3ccc(OCC(CC)CCCC)cc3)cc(-c3ccc(-c4ccc5c(c4)C(CCCCCC)(CCCCCC)c4cc(*)ccc4-5)cc3)c2-c2ccc(OCC(CC)CCCC)cc2)cc1,110.0,,,,,,,,,
7161,P512119,*c1ccc(-c2cc(-c3ccc(OCCCCCCCCCCCC)cc3)cc(-c3ccc(-c4ccc5c(c4)C(CCCCCC)(CCCCCC)c4cc(*)ccc4-5)cc3)c2-c2ccc(OCCCCCCCCCCCC)cc2)cc1,79.0,,,,,,,,,
7162,P512120,*/C=C/c1ccc(*)c(-c2ccc(OCC(CC)CCCC)c3ccccc23)c1,135.0,,0.219,,,,,,,
7163,P512121,*/C=C/c1ccc(*)c(-c2c(OCC(CC)CCCC)ccc3ccccc23)c1,118.0,,0.257,,,,,,,
7164,P512122,*/C=C/c1ccc(*)c(-c2c(OCC(CC)CCCC)ccc3cc(-c4ccccc4)ccc23)c1,141.0,,0.212,,,,,,,
7165,P512127,*/C=C/c1ccc(*)c(OCc2cc(OCCC(C)CCCC(C)C)cc(OCC(CC)CCCC)c2)c1,227.0,,,,,,,,,
7166,P512128,*/C=C/c1ccc(*)c(OCc2cc(OCc3cc(OCCC(C)CCCC(C)C)cc(OCCC(C)CCCC(C)C)c3)cc(OCc3cc(OCC(CC)CCCC)cc(OCC(CC)CCCC)c3)c2)c1,223.0,,,,,,,,,
7167,P512129,*c1ccc(-c2ccc3c(c2)C(CCCCCCBr)(CCCCCCBr)c2cc(*)ccc2-3)cc1,122.0,,0.236,,,,,,,
7168,P512130,*c1ccc(-c2ccc3c(c2)C(CCCCCCC#N)(CCCCCCC#N)c2cc(*)ccc2-3)cc1,90.0,,0.487,,,,,,,
7169,P512135,*/C=C/c1ccc(*)c(-c2cc(OCCC(C)C)c(OCCC(C)C)cc2-c2ccccc2)c1,164.0,,0.307,,,,,,,
7170,P512136,*c1ccc(-c2ccc(C3(*)CCCCC3)cc2)cc1,287.0,,0.252,,,,,,,
7171,P512138,*c1ccc(-c2ccc(C3(*)c4ccccc4-c4ccccc43)cc2)cc1,297.0,,0.203,,,,,,,
7172,P512140,*/C=C/c1cc(OCC2CC3CC2C2CCCC32)c(*)cc1OC,174.0,,0.258,,,,,,,
7173,P512145,*c1ccc(-c2ccc3c(c2)C(CCCCCC)(CCCCCC)c2cc(*)ccc2-3)cc1,106.2,,0.376,,,,,,,
7174,P512146,*c1ccc2c(c1)C(CCCCCC)(CCCCCC)c1cc(-c3cc(CCCCCC)c(*)cc3CCCCCC)ccc1-2,78.8,,0.46,,,,,,,
7175,P512147,*c1ccc2c(c1)C(CCCCCC)(CCCCCC)c1cc(-c3cc(CCCCCCCC)c(*)cc3CCCCCCCC)ccc1-2,74.5,,0.349,,,,,,,
7176,P512149,*/C=C/c1cc(OCCCCCCCC)c(*)cc1OC,58.0,,0.31,,,,,,,
7177,P512150,*/C=C/c1cc(OCCCCCCCCCCCC)c(*)cc1OC,36.0,,0.251,,,,,,,
7178,P512152,*/C=C/c1cc(OCCCCCC)c(*)cc1OC,60.0,,0.524,,,,,,,
7179,P512153,*/C=C/c1ccc(/C=C/c2ccc3c(c2)C(CCCCCCOc2ccc4ccc(=O)oc4c2)(CCCCCCOc2ccc4ccc(=O)oc4c2)c2cc(*)ccc2-3)cc1,104.0,,,,,,,,,
7180,P512157,*c1ccc2c(c1)C(CCCCCC)(CCCCCC)c1cc(-c3cc(OCCCCCCCC)c(*)cc3OCCCCCCCC)ccc1-2,58.0,,0.291,,,,,,,
7181,P512158,*c1ccc2c(c1)C(CCCCCC)(CCCCCC)c1cc(-c3cc(OCc4ccccc4)c(*)cc3OCc3ccccc3)ccc1-2,73.0,,0.184,,,,,,,
7182,P512159,*/C=C/c1cc(OCC(CC)CCCC)c(*)cc1-c1ccc(N(c2ccc(OC)cc2)c2ccc(OC)cc2)cc1,163.0,,0.242,,,,,,,
7183,P512165,*/C=C/c1cc(OCC(CC)CCCC)c(*)cc1-c1ccc(F)c(C(F)(F)F)c1,122.0,,0.185,,,,,,,
7184,P512166,*/C(C#N)=C/c1cc(/C=C(\C#N)c2ccc3c(c2)C(CCCCCCCC)(CCCCCCCC)c2cc(*)ccc2-3)cc(N(c2ccccc2)c2ccccc2)c1,136.0,,,,,,,,,
7185,P512194,*/C=C/c1cc(OCCc2ccccc2)c(*)cc1OC,121.0,,0.285,,,,,,,
7186,P512199,*c1cc(/C=N/c2ccc3c(c2)c2cc(/N=C/c4cc(*)c(O)c(*)c4)ccc2n3CCCC)ccc1O,306.0,,,,,,,,,
7187,P512200,*c1cc(/C=N/c2ccc3c(c2)c2cc(/N=C/c4cc(*)c(O)c(*)c4)ccc2n3CCCCCC)ccc1O,327.0,,,,,,,,,
7188,P512201,*c1cc(/C=N/c2ccc3c(c2)c2cc(/N=C/c4cc(*)c(O)c(*)c4)ccc2n3CCCCCCCCCCCC)ccc1O,310.0,,,,,,,,,
7189,P520015,*/C=C/[Ge](*)(c1ccccc1)c1ccccc1,-36.0,,,,,,,,,
7190,P520020,*[Se]c1c(Cl)c(Cl)c(*)c(Cl)c1Cl,104.0,,,,,,,,,
7191,P520022,*CC(*)(F)C(=O)OCC(F)(F)F,124.0,,,,,,,,,
7192,P520023,*CC(*)(F)C(=O)OCC(F)(F)C(F)(F)F,99.0,,,,,,,,,
7193,P520024,*CC(*)(F)C(=O)OCC(F)(F)C(F)F,90.5,,,,,,,,,
7194,P520025,*CC(*)(F)C(=O)OCC(F)(F)C(F)(F)C(F)(F)C(F)F,60.0,,,,,,,,,
7195,P520026,*CC(*)(F)C(=O)OCCC(F)(F)C(F)(F)C(F)(F)C(F)(F)C(F)(F)C(F)(F)C(F)(F)C(F)(F)F,87.5,,,,,,,,,
7196,P522008,*CC(*)(F)C(=O)OCC(F)(F)C(F)(F)C(F)(F)F,75.0,,0.097,,,,,,,
7197,P522009,*CC(*)(F)C(=O)OCC(F)(F)C(F)(F)C(F)(F)C(F)(F)F,63.0,,,,,,,,,
7198,P522016,*CC(*)(F)C(=O)OCCC(F)(F)C(F)(F)C(F)(F)C(F)(F)F,6.0,,,,,,,,,
7199,P522017,*CC(*)(F)C(=O)OCCC(F)(F)C(F)(F)C(F)(F)C(F)(F)C(F)(F)C(F)(F)F,53.0,,,,,,,,,
7200,P522018,*CC(*)(F)C(=O)OCCC(F)(F)C(F)(F)C(F)(F)C(F)(F)C(F)(F)C(F)(F)C(F)(F)C(F)(F)C(F)(F)C(F)(F)F,53.0,,0.121,,,,,,,
7201,P522019,*CC(*)(F)C(=O)OC(C(F)(F)F)C(F)(F)F,102.0,,,,,,,,,
7202,P522020,*CC(*)(F)C(=O)OCC,94.0,,,,,,,,,
7203,P522021,*CC(*)(F)C(=O)OCCC,62.0,,,,,,,,,
7204,P522041,*CC(F)(F)C1(F)C(*)CC(O)(C(F)(F)F)C1(F)F,152.0,,,,,,,,,
7205,P522047,*CC(F)(F)C1(F)CC(CC(O)(C(F)(F)F)C(F)(F)F)CC1*,98.0,,,,,,,,,
7206,P522048,*CC(F)(F)C1(F)CC(C(O)(C(F)(F)F)C(F)(F)F)CC1*,118.0,,0.109,,,,,,,
7207,P522055,*CC(*)(F)C(=O)OCC(Cl)(Cl)Cl,127.0,,,,,,,,,
7208,P010010,,,,0.216,,,,,,,
7209,P010011,,,,0.229,,,,,,,
7210,P010021,,,,0.21750000000000003,,,,,,,
7211,P010022,,,,0.209,,,,,,,
7212,P010029,,,,0.15066666666666664,,,,,,,
7213,P010033,,,,0.3353333333333333,,,,,,,
7214,P010048,,,,0.25733333333333336,,,,,,,
7215,P010049,,,,0.18974999999999997,,,,,,,
7216,P010050,,,,0.18833333333333332,,,,,,,
7217,P010051,,,,0.219,,,,,,,
7218,P010052,,,,0.202,,,,,,,
7219,P010056,,,,0.18633333333333332,,,,,,,
7220,P010057,,,,0.216,,,,,,,
7221,P010061,,,,0.24633333333333332,,,,,,,
7222,P010062,,,,0.164,,,,,,,
7223,P010073,,,,0.20333333333333334,,,,,,,
7224,P010076,,,,0.28633333333333333,,,,,,,
7225,P010077,,,,0.35716666666666663,,,,,,,
7226,P010078,,,,0.40199999999999997,,,,,,,
7227,P010083,,,,0.13633333333333333,,,,,,,
7228,P010086,,,,0.3383333333333333,,,,,,,
7229,P010088,,,,0.206,,,,,,,
7230,P010089,,,,0.32066666666666666,,,,,,,
7231,P010090,,,,0.3193333333333333,,,,,,,
7232,P010093,,,,0.18075000000000002,,,,,,,
7233,P010099,,,,0.19299999999999998,,,,,,,
7234,P010100,,,,0.163,,,,,,,
7235,P010101,,,,0.262,,,,,,,
7236,P010102,,,,0.31433333333333335,,,,,,,
7237,P010104,,,,0.203,,,,,,,
7238,P010105,,,,0.22333333333333336,,,,,,,
7239,P014503,,,,0.24866666666666667,,,,,,,
7240,P020003,,,,0.18433333333333332,,,,,,,
7241,P020030,,,,0.19466666666666668,,,,,,,
7242,P020036,,,,0.18600000000000003,,,,,,,
7243,P020037,,,,0.19566666666666666,,,,,,,
7244,P020123,,,,0.19799999999999998,,,,,,,
7245,P020124,,,,0.14133333333333334,,,,,,,
7246,P020132,,,,0.16166666666666668,,,,,,,
7247,P020134,,,,0.14033333333333334,,,,,,,
7248,P020135,,,,0.171,,,,,,,
7249,P024371,,,,0.3,,,,,,,
7250,P024516,,,,0.176,,,,,,,
7251,P024527,,,,0.171,,,,,,,
7252,P030002,,,,0.2425,,,,,,,
7253,P030003,,,,0.261,,,,,,,
7254,P030004,,,,0.319,,,,,,,
7255,P030005,,,,0.305,,,,,,,
7256,P030007,,,,0.203,,,,,,,
7257,P030009,,,,0.16699999999999998,,,,,,,
7258,P030034,,,,0.201,,,,,,,
7259,P030074,,,,0.20400000000000001,,,,,,,
7260,P034501,,,,0.371,,,,,,,
7261,P034502,,,,0.3868,,,,,,,
7262,P040015,,,,0.3215,,,,,,,
7263,P040016,,,,0.3626666666666667,,,,,,,
7264,P040018,,,,0.35850000000000004,,,,,,,
7265,P040062,,,,0.26,,,,,,,
7266,P040072,,,,0.1905,,,,,,,
7267,P040080,,,,0.16399999999999998,,,,,,,
7268,P040087,,,,0.11399999999999999,,,,,,,
7269,P040091,,,,0.069,,,,,,,
7270,P040092,,,,0.0465,,,,,,,
7271,P040093,,,,0.069,,,,,,,
7272,P040094,,,,0.07350000000000001,,,,,,,
7273,P040115,,,,0.158,,,,,,,
7274,P040118,,,,0.174,,,,,,,
7275,P040123,,,,0.1365,,,,,,,
7276,P040130,,,,0.21100000000000002,,,,,,,
7277,P040131,,,,0.3435,,,,,,,
7278,P040132,,,,0.3746666666666667,,,,,,,
7279,P040133,,,,0.3105,,,,,,,
7280,P040134,,,,0.383,,,,,,,
7281,P040135,,,,0.3665,,,,,,,
7282,P040143,,,,0.151,,,,,,,
7283,P040161,,,,0.2405,,,,,,,
7284,P040162,,,,0.245,,,,,,,
7285,P040163,,,,0.2095,,,,,,,
7286,P040165,,,,0.20700000000000002,,,,,,,
7287,P040166,,,,0.23199999999999998,,,,,,,
7288,P040209,,,,0.1775,,,,,,,
7289,P040218,,,,0.252,,,,,,,
7290,P040219,,,,0.22599999999999998,,,,,,,
7291,P040223,,,,0.1865,,,,,,,
7292,P040240,,,,0.1895,,,,,,,
7293,P040266,,,,0.1365,,,,,,,
7294,P040268,,,,0.14650000000000002,,,,,,,
7295,P040280,,,,0.224,,,,,,,
7296,P040281,,,,0.217,,,,,,,
7297,P040305,,,,0.1545,,,,,,,
7298,P040315,,,,0.1635,,,,,,,
7299,P040316,,,,0.165,,,,,,,
7300,P040317,,,,0.182,,,,,,,
7301,P040321,,,,0.20750000000000002,,,,,,,
7302,P040329,,,,0.14300000000000002,,,,,,,
7303,P040330,,,,0.1405,,,,,,,
7304,P040336,,,,0.1095,,,,,,,
7305,P040350,,,,0.21750000000000003,,,,,,,
7306,P044510,,,,0.212,,,,,,,
7307,P049017,,,,0.14250000000000002,,,,,,,
7308,P044594,,,,0.3065,,,,,,,
7309,P050050,,,,0.148,,,,,,,
7310,P060010,,,,0.218,,,,,,,
7311,P060035,,,,0.27849999999999997,,,,,,,
7312,P070003,,,,0.066,,,,,,,
7313,P070009,,,,0.17049999999999998,,,,,,,
7314,P070068,,,,0.353,,,,,,,
7315,P070069,,,,0.43074999999999997,,,,,,,
7316,P070092,,,,0.278,,,,,,,
7317,P070093,,,,0.277,,,,,,,
7318,P070094,,,,0.297,,,,,,,
7319,P070096,,,,0.406,,,,,,,
7320,P070099,,,,0.36175,,,,,,,
7321,P070100,,,,0.329,,,,,,,
7322,P070101,,,,0.38525,,,,,,,
7323,P070102,,,,0.269,,,,,,,
7324,P070174,,,,0.3215,,,,,,,
7325,P070176,,,,0.3575,,,,,,,
7326,P070188,,,,0.28900000000000003,,,,,,,
7327,P070189,,,,0.303,,,,,,,
7328,P070193,,,,0.287,,,,,,,
7329,P070194,,,,0.33499999999999996,,,,,,,
7330,P070196,,,,0.28500000000000003,,,,,,,
7331,P070197,,,,0.267,,,,,,,
7332,P070213,,,,0.259,,,,,,,
7333,P070240,,,,0.217,,,,,,,
7334,P070262,,,,0.216,,,,,,,
7335,P070455,,,,0.324,,,,,,,
7336,P070528,,,,0.32499999999999996,,,,,,,
7337,P070530,,,,0.267,,,,,,,
7338,P070548,,,,0.11599999999999999,,,,,,,
7339,P074244,,,,0.344,,,,,,,
7340,P074535,,,,0.3795,,,,,,,
7341,P080001,,,,0.172,,,,,,,
7342,P080019,,,,0.175,,,,,,,
7343,P080025,,,,0.226,,,,,,,
7344,P080029,,,,0.234,,,,,,,
7345,P080038,,,,0.192,,,,,,,
7346,P080039,,,,0.241,,,,,,,
7347,P080042,,,,0.3305,,,,,,,
7348,P080043,,,,0.3145,,,,,,,
7349,P080112,,,,0.285,,,,,,,
7350,P080147,,,,0.2295,,,,,,,
7351,P080148,,,,0.24,,,,,,,
7352,P080149,,,,0.27,,,,,,,
7353,P080150,,,,0.322,,,,,,,
7354,P080158,,,,0.224,,,,,,,
7355,P080165,,,,0.192,,,,,,,
7356,P080166,,,,0.202,,,,,,,
7357,P080169,,,,0.161,,,,,,,
7358,P080174,,,,0.223,,,,,,,
7359,P080178,,,,0.212,,,,,,,
7360,P080179,,,,0.214,,,,,,,
7361,P089044,,,,0.506,,,,,,,
7362,P090006,,,,0.285,,,,,,,
7363,P090008,,,,0.263,,,,,,,
7364,P090018,,,,0.29400000000000004,,,,,,,
7365,P090019,,,,0.3325,,,,,,,
7366,P090099,,,,0.3954,,,,,,,
7367,P090106,,,,0.292,,,,,,,
7368,P090107,,,,0.284,,,,,,,
7369,P090108,,,,0.35550000000000004,,,,,,,
7370,P090109,,,,0.3165,,,,,,,
7371,P090194,,,,0.364,,,,,,,
7372,P090210,,,,0.279,,,,,,,
7373,P090236,,,,0.307,,,,,,,
7374,P090239,,,,0.278,,,,,,,
7375,P090243,,,,0.306,,,,,,,
7376,P090251,,,,0.35450000000000004,,,,,,,
7377,P090252,,,,0.362,,,,,,,
7378,P090253,,,,0.507,,,,,,,
7379,P090256,,,,0.302,,,,,,,
7380,P090260,,,,0.35450000000000004,,,,,,,
7381,P090262,,,,0.406,,,,,,,
7382,P090263,,,,0.276,,,,,,,
7383,P090264,,,,0.33799999999999997,,,,,,,
7384,P090265,,,,0.362,,,,,,,
7385,P090266,,,,0.322,,,,,,,
7386,P090362,,,,0.259,,,,,,,
7387,P090363,,,,0.315,,,,,,,
7388,P090366,,,,0.304,,,,,,,
7389,P090368,,,,0.293,,,,,,,
7390,P090372,,,,0.261,,,,,,,
7391,P090374,,,,0.276,,,,,,,
7392,P090402,,,,0.319,,,,,,,
7393,P090403,,,,0.283,,,,,,,
7394,P090404,,,,0.37,,,,,,,
7395,P090405,,,,0.274,,,,,,,
7396,P090406,,,,0.23,,,,,,,
7397,P090407,,,,0.276,,,,,,,
7398,P090408,,,,0.241,,,,,,,
7399,P090409,,,,0.249,,,,,,,
7400,P090415,,,,0.224,,,,,,,
7401,P090420,,,,0.258,,,,,,,
7402,P090421,,,,0.333,,,,,,,
7403,P090422,,,,0.274,,,,,,,
7404,P090427,,,,0.19,,,,,,,
7405,P090428,,,,0.203,,,,,,,
7406,P100167,,,,0.361,,,,,,,
7407,P100169,,,,0.277,,,,,,,
7408,P100171,,,,0.258,,,,,,,
7409,P100174,,,,0.301,,,,,,,
7410,P100175,,,,0.278,,,,,,,
7411,P100176,,,,0.309,,,,,,,
7412,P100177,,,,0.3125,,,,,,,
7413,P100182,,,,0.254,,,,,,,
7414,P100190,,,,0.379,,,,,,,
7415,P100194,,,,0.30200000000000005,,,,,,,
7416,P100198,,,,0.2915,,,,,,,
7417,P100200,,,,0.355,,,,,,,
7418,P100201,,,,0.32299999999999995,,,,,,,
7419,P100202,,,,0.332,,,,,,,
7420,P100209,,,,0.3415,,,,,,,
7421,P100211,,,,0.355,,,,,,,
7422,P100214,,,,0.3235,,,,,,,
7423,P100215,,,,0.4065,,,,,,,
7424,P100216,,,,0.308,,,,,,,
7425,P100217,,,,0.381,,,,,,,
7426,P100221,,,,0.34850000000000003,,,,,,,
7427,P100222,,,,0.312,,,,,,,
7428,P100223,,,,0.348,,,,,,,
7429,P100224,,,,0.422,,,,,,,
7430,P100225,,,,0.3685,,,,,,,
7431,P100226,,,,0.342,,,,,,,
7432,P100228,,,,0.3873333333333333,,,,,,,
7433,P100229,,,,0.38825,,,,,,,
7434,P100230,,,,0.3295,,,,,,,
7435,P100232,,,,0.3745,,,,,,,
7436,P100233,,,,0.374,,,,,,,
7437,P100235,,,,0.3944285714285714,,,,,,,
7438,P100236,,,,0.39449999999999996,,,,,,,
7439,P100237,,,,0.346,,,,,,,
7440,P100238,,,,0.39157142857142857,,,,,,,
7441,P100239,,,,0.369,,,,,,,
7442,P100240,,,,0.43374999999999997,,,,,,,
7443,P100381,,,,0.3195,,,,,,,
7444,P100401,,,,0.35250000000000004,,,,,,,
7445,P100521,,,,0.3565,,,,,,,
7446,P100522,,,,0.3245,,,,,,,
7447,P100523,,,,0.3185,,,,,,,
7448,P100525,,,,0.286,,,,,,,
7449,P100696,,,,0.43250000000000005,,,,,,,
7450,P100702,,,,0.35,,,,,,,
7451,P100703,,,,0.4125,,,,,,,
7452,P100713,,,,0.44,,,,,,,
7453,P100719,,,,0.35050000000000003,,,,,,,
7454,P100721,,,,0.3235,,,,,,,
7455,P100724,,,,0.354,,,,,,,
7456,P100726,,,,0.33699999999999997,,,,,,,
7457,P100729,,,,0.319,,,,,,,
7458,P100730,,,,0.2925,,,,,,,
7459,P100746,,,,0.347,,,,,,,
7460,P100747,,,,0.312,,,,,,,
7461,P100752,,,,0.331,,,,,,,
7462,P100754,,,,0.4165,,,,,,,
7463,P100758,,,,0.35450000000000004,,,,,,,
7464,P100760,,,,0.3515,,,,,,,
7465,P100788,,,,0.3195,,,,,,,
7466,P100789,,,,0.359,,,,,,,
7467,P100808,,,,0.34550000000000003,,,,,,,
7468,P110001,,,,0.268,,,,,,,
7469,P110038,,,,0.316,,,,,,,
7470,P120004,,,,0.328,,,,,,,
7471,P120026,,,,0.383,,,,,,,
7472,P120028,,,,0.39,,,,,,,
7473,P120048,,,,0.366,,,,,,,
7474,P130081,,,,0.252,,,,,,,
7475,P140017,,,,0.237,,,,,,,
7476,P160079,,,,0.354,,,,,,,
7477,P210002,,,,0.267,,,,,,,
7478,P210050,,,,0.225,,,,,,,
7479,P210051,,,,0.258,,,,,,,
7480,P210052,,,,0.21,,,,,,,
7481,P210053,,,,0.26,,,,,,,
7482,P214532,,,,0.338,,,,,,,
7483,P214561,,,,0.194,,,,,,,
7484,P214592,,,,0.217,,,,,,,
7485,P214593,,,,0.245,,,,,,,
7486,P312011,,,,0.381,,,,,,,
7487,P312012,,,,0.403,,,,,,,
7488,P332076,,,,0.403,,,,,,,
7489,P332081,,,,0.41050000000000003,,,,,,,
7490,P332304,,,,0.39925,,,,,,,
7491,P332305,,,,0.332,,,,,,,
7492,P332306,,,,0.38425,,,,,,,
7493,P352010,,,,0.3735,,,,,,,
7494,P352011,,,,0.468,,,,,,,
7495,P360004,,,,0.38049999999999995,,,,,,,
7496,P370217,,,,0.446,,,,,,,
7497,P370263,,,,0.398,,,,,,,
7498,P372825,,,,0.1265,,,,,,,
7499,P373520,,,,0.243,,,,,,,
7500,P373521,,,,0.218,,,,,,,
7501,P373522,,,,0.253,,,,,,,
7502,P373523,,,,0.228,,,,,,,
7503,P373524,,,,0.383,,,,,,,
7504,P373533,,,,0.259,,,,,,,
7505,P373534,,,,0.228,,,,,,,
7506,P373666,,,,0.296,,,,,,,
7507,P373742,,,,0.44475000000000003,,,,,,,
7508,P380014,,,,0.352,,,,,,,
7509,P380064,,,,0.34125,,,,,,,
7510,P380068,,,,0.41824999999999996,,,,,,,
7511,P380069,,,,0.381,,,,,,,
7512,P380071,,,,0.307,,,,,,,
7513,P380078,,,,0.282,,,,,,,
7514,P380123,,,,0.36474999999999996,,,,,,,
7515,P382002,,,,0.40475,,,,,,,
7516,P382003,,,,0.37424999999999997,,,,,,,
7517,P382004,,,,0.396,,,,,,,
7518,P382005,,,,0.34,,,,,,,
7519,P382013,,,,0.365,,,,,,,
7520,P382020,,,,0.39725,,,,,,,
7521,P382158,,,,0.36525,,,,,,,
7522,P382160,,,,0.368,,,,,,,
7523,P382161,,,,0.291,,,,,,,
7524,P382187,,,,0.299,,,,,,,
7525,P382188,,,,0.34,,,,,,,
7526,P382268,,,,0.482,,,,,,,
7527,P382279,,,,0.37875,,,,,,,
7528,P382280,,,,0.43675,,,,,,,
7529,P382281,,,,0.388,,,,,,,
7530,P382282,,,,0.37474999999999997,,,,,,,
7531,P390107,,,,0.317,,,,,,,
7532,P390132,,,,0.442,,,,,,,
7533,P390392,,,,0.307,,,,,,,
7534,P392031,,,,0.274,,,,,,,
7535,P392032,,,,0.318,,,,,,,
7536,P392395,,,,0.319,,,,,,,
7537,P392396,,,,0.297,,,,,,,
7538,P392397,,,,0.29400000000000004,,,,,,,
7539,P392398,,,,0.297,,,,,,,
7540,P392523,,,,0.387,,,,,,,
7541,P392524,,,,0.376,,,,,,,
7542,P392525,,,,0.367,,,,,,,
7543,P392526,,,,0.354,,,,,,,
7544,P400027,,,,0.3315,,,,,,,
7545,P400072,,,,0.33,,,,,,,
7546,P400074,,,,0.333,,,,,,,
7547,P400203,,,,0.40800000000000003,,,,,,,
7548,P402215,,,,0.412,,,,,,,
7549,P402216,,,,0.3735,,,,,,,
7550,P402254,,,,0.40700000000000003,,,,,,,
7551,P402317,,,,0.359,,,,,,,
7552,P460277,,,,0.314,,,,,,,
7553,P460286,,,,0.309,,,,,,,
7554,P460287,,,,0.33599999999999997,,,,,,,
7555,P462231,,,,0.4075,,,,,,,
7556,P462356,,,,0.27949999999999997,,,,,,,
7557,P462521,,,,0.408,,,,,,,
7558,P510041,,,,0.356,,,,,,,
7559,P510066,,,,0.256,,,,,,,
7560,P512101,,,,0.368,,,,,,,
7561,P512102,,,,0.315,,,,,,,
7562,P512103,,,,0.196,,,,,,,
7563,P512104,,,,0.256,,,,,,,
7564,P512105,,,,0.237,,,,,,,
7565,P512132,,,,0.308,,,,,,,
7566,P512133,,,,0.184,,,,,,,
7567,P512134,,,,0.334,,,,,,,
7568,P512137,,,,0.247,,,,,,,
7569,P512139,,,,0.141,,,,,,,
7570,P512141,,,,0.24,,,,,,,
7571,P512142,,,,0.215,,,,,,,
7572,P512143,,,,0.183,,,,,,,
7573,P512144,,,,0.266,,,,,,,
7574,P512148,,,,0.216,,,,,,,
7575,P512151,,,,0.192,,,,,,,
7576,P512154,,,,0.309,,,,,,,
7577,P512163,,,,0.198,,,,,,,
7578,P512177,,,,0.236,,,,,,,
7579,P512179,,,,0.233,,,,,,,
7580,P512180,,,,0.278,,,,,,,
7581,P512181,,,,0.185,,,,,,,
7582,P512182,,,,0.22,,,,,,,
7583,P512183,,,,0.172,,,,,,,
7584,P512188,,,,0.291,,,,,,,
7585,P512247,,,,0.194,,,,,,,
7586,P520004,,,,1.59,,,,,,,
7587,P520005,,,,0.221,,,,,,,
7588,P520006,,,,0.571,,,,,,,
7589,P520007,,,,0.685,,,,,,,
7590,P520010,,,,0.166,,,,,,,
7591,P520021,,,,0.163,,,,,,,
7592,P520029,,,,0.154,,,,,,,
7593,P520034,,,,0.339,,,,,,,
7594,P520035,,,,0.27,,,,,,,
7595,P522003,,,,0.103,,,,,,,
7596,P522004,,,,0.16,,,,,,,
7597,P522005,,,,0.224,,,,,,,
7598,P522013,,,,0.095,,,,,,,
7599,P522014,,,,0.106,,,,,,,
7600,P522015,,,,0.108,,,,,,,
7601,P522051,,,,0.091,,,,,,,
7602,P522052,,,,0.582,,,,,,,
7603,P522053,,,,0.429,,,,,,,
7604,BPDANP,,,,0.314,,,,,,,
7605,BPDAATC,,,,0.231,,,,,,,
7606,TPBO,,,,0.155,,,,,,,
7607,PPBO,,,,0.109,,,,,,,
7608,LTPBO,,,,0.176,,,,,,,
7609,LPPBO ,,,,0.108,,,,,,,
7610,TPBI,,,,0.252,,,,,,,
7611,PPBI,,,,0.18,,,,,,,
